{"type":"FeatureCollection","features":[{"type":"Feature","properties":{"districtId":"pujehun","name":"Pujehun"},"geometry":{"type":"Polygon","coordinates":[[[-11.1435,7.3409],[-11.1457,7.3417],[-11.1551,7.3453],[-11.1575,7.3461],[-11.1676,7.3498],[-11.1874,7.3554],[-11.2056,7.362],[-11.2121,7.3641],[-11.226,7.3687],[-11.2369,7.3718],[-11.2395,7.3725],[-11.2506,7.3762],[-11.2618,7.3823],[-11.2622,7.3825],[-11.2677,7.3855],[-11.2779,7.3923],[-11.2875,7.3975],[-11.2964,7.4038],[-11.3067,7.4108],[-11.3143,7.4168],[-11.3172,7.4192],[-11.3277,7.4255],[-11.3356,7.429],[-11.3379,7.4299],[-11.3409,7.4311],[-11.3428,7.4348],[-11.3428,7.4393],[-11.346,7.4395],[-11.3493,7.4409],[-11.35,7.4437],[-11.3505,7.4486],[-11.3484,7.4517],[-11.3516,7.4514],[-11.3542,7.4556],[-11.3512,7.4584],[-11.3486,7.4601],[-11.3502,7.4633],[-11.3511,7.4648],[-11.3535,7.4692],[-11.3541,7.4719],[-11.3547,7.4743],[-11.3542,7.4785],[-11.3521,7.4823],[-11.3535,7.4848],[-11.3561,7.49],[-11.3594,7.493],[-11.3608,7.4953],[-11.3591,7.4979],[-11.3613,7.5003],[-11.3639,7.5035],[-11.3639,7.5057],[-11.3639,7.5063],[-11.3618,7.5119],[-11.3611,7.5147],[-11.363,7.5178],[-11.3651,7.521],[-11.3667,7.5264],[-11.3651,7.5332],[-11.3652,7.537],[-11.3653,7.5388],[-11.3639,7.5421],[-11.3638,7.5424],[-11.3613,7.5484],[-11.3595,7.5538],[-11.362,7.5589],[-11.3607,7.5606],[-11.3578,7.5643],[-11.353,7.5685],[-11.3481,7.5727],[-11.3421,7.5769],[-11.3376,7.5827],[-11.3339,7.5865],[-11.3316,7.5883],[-11.3264,7.5881],[-11.3215,7.5876],[-11.3168,7.5911],[-11.3148,7.5929],[-11.3105,7.5965],[-11.3124,7.5973],[-11.3152,7.5984],[-11.3245,7.6],[-11.3323,7.5991],[-11.3407,7.5972],[-11.3428,7.5967],[-11.3486,7.5958],[-11.353,7.5974],[-11.3545,7.599],[-11.3577,7.6023],[-11.3615,7.6068],[-11.3645,7.6122],[-11.3661,7.6213],[-11.3675,7.6311],[-11.3677,7.632],[-11.3688,7.6369],[-11.3683,7.6432],[-11.3691,7.6495],[-11.3693,7.6509],[-11.3707,7.6542],[-11.3726,7.6551],[-11.3733,7.6554],[-11.3775,7.6507],[-11.3821,7.6456],[-11.3849,7.643],[-11.391,7.6367],[-11.3987,7.628],[-11.4013,7.6243],[-11.4036,7.6203],[-11.405,7.6164],[-11.4048,7.6122],[-11.4106,7.604],[-11.416,7.5979],[-11.4183,7.594],[-11.4218,7.5881],[-11.4225,7.5866],[-11.4256,7.5794],[-11.4303,7.5703],[-11.4313,7.5686],[-11.4367,7.5596],[-11.4389,7.5573],[-11.4421,7.5542],[-11.4442,7.5509],[-11.446,7.5477],[-11.4495,7.5442],[-11.4521,7.5425],[-11.4572,7.5418],[-11.4619,7.5418],[-11.4628,7.5418],[-11.4699,7.5418],[-11.4707,7.542],[-11.4748,7.5428],[-11.4804,7.5425],[-11.4862,7.5418],[-11.4932,7.5414],[-11.4993,7.541],[-11.5007,7.5409],[-11.5044,7.5409],[-11.5055,7.5417],[-11.5082,7.5437],[-11.5054,7.5488],[-11.5016,7.5603],[-11.5012,7.5659],[-11.5009,7.5689],[-11.5013,7.5757],[-11.5014,7.5785],[-11.5007,7.5834],[-11.4979,7.59],[-11.497,7.5949],[-11.4965,7.5979],[-11.4953,7.6056],[-11.492,7.6122],[-11.4891,7.6191],[-11.4885,7.6203],[-11.4913,7.6241],[-11.4926,7.6259],[-11.4971,7.6306],[-11.5013,7.6358],[-11.5038,7.6387],[-11.505,7.6402],[-11.5085,7.6427],[-11.5101,7.6439],[-11.5138,7.6457],[-11.5166,7.651],[-11.5167,7.6512],[-11.5171,7.6574],[-11.5152,7.6643],[-11.5114,7.6693],[-11.5156,7.6717],[-11.528,7.6757],[-11.5318,7.6769],[-11.5456,7.6765],[-11.5578,7.6688],[-11.562,7.664],[-11.5631,7.6627],[-11.5663,7.6566],[-11.57,7.6493],[-11.5724,7.64],[-11.5765,7.6351],[-11.5814,7.6278],[-11.5818,7.6277],[-11.5879,7.6258],[-11.5964,7.6254],[-11.6025,7.6262],[-11.6078,7.6319],[-11.6151,7.6371],[-11.6215,7.6361],[-11.6273,7.6351],[-11.6399,7.6351],[-11.6441,7.6349],[-11.6472,7.6347],[-11.65,7.6331],[-11.6507,7.6331],[-11.659,7.6331],[-11.6642,7.6331],[-11.6687,7.6331],[-11.6752,7.6286],[-11.6797,7.6184],[-11.6837,7.614],[-11.6878,7.6083],[-11.6894,7.6049],[-11.6906,7.6022],[-11.6939,7.5981],[-11.6935,7.5933],[-11.6935,7.5923],[-11.6939,7.5868],[-11.6939,7.5832],[-11.6939,7.5831],[-11.698,7.577],[-11.7024,7.5726],[-11.7037,7.5718],[-11.7093,7.5685],[-11.7105,7.5648],[-11.7105,7.5624],[-11.7158,7.5608],[-11.7158,7.5575],[-11.7183,7.5559],[-11.7159,7.5496],[-11.7154,7.5482],[-11.7219,7.5498],[-11.7232,7.5528],[-11.7256,7.5583],[-11.7329,7.5681],[-11.7365,7.5734],[-11.7402,7.5782],[-11.7403,7.5788],[-11.7418,7.5864],[-11.7369,7.5953],[-11.7353,7.5982],[-11.7296,7.6079],[-11.7269,7.6177],[-11.7268,7.618],[-11.7227,7.6254],[-11.7161,7.6335],[-11.7154,7.6343],[-11.7211,7.6416],[-11.7223,7.6473],[-11.7209,7.6514],[-11.7191,7.6566],[-11.7191,7.666],[-11.7325,7.6676],[-11.737,7.6653],[-11.7382,7.6648],[-11.743,7.6631],[-11.7434,7.657],[-11.7406,7.6526],[-11.7447,7.6457],[-11.7463,7.6408],[-11.7463,7.6375],[-11.7508,7.6343],[-11.7515,7.6331],[-11.7552,7.6274],[-11.7583,7.6215],[-11.7589,7.6205],[-11.7621,7.6144],[-11.7651,7.6088],[-11.7654,7.6083],[-11.7674,7.605],[-11.769,7.6022],[-11.7751,7.5977],[-11.7804,7.5941],[-11.7805,7.594],[-11.7853,7.5908],[-11.7922,7.5855],[-11.7979,7.5941],[-11.8032,7.5912],[-11.8072,7.5851],[-11.81,7.5846],[-11.8133,7.5839],[-11.8198,7.5847],[-11.8216,7.5847],[-11.8267,7.5847],[-11.8268,7.5846],[-11.8308,7.5807],[-11.834,7.5786],[-11.8365,7.577],[-11.8397,7.5738],[-11.8426,7.5697],[-11.8428,7.5694],[-11.8458,7.5648],[-11.848,7.5612],[-11.8411,7.5522],[-11.8346,7.5474],[-11.8329,7.5462],[-11.8285,7.5433],[-11.8241,7.5384],[-11.8216,7.5307],[-11.8237,7.5283],[-11.8285,7.5283],[-11.8322,7.5283],[-11.8334,7.5283],[-11.8375,7.5303],[-11.8419,7.5295],[-11.846,7.5299],[-11.8488,7.5336],[-11.8517,7.536],[-11.8564,7.539],[-11.8574,7.5396],[-11.8623,7.5388],[-11.8628,7.5384],[-11.8663,7.5356],[-11.8676,7.534],[-11.8716,7.5291],[-11.8671,7.5206],[-11.8667,7.5201],[-11.8618,7.515],[-11.8598,7.5128],[-11.8574,7.5072],[-11.859,7.4982],[-11.8598,7.495],[-11.8602,7.4929],[-11.8623,7.4873],[-11.8696,7.4832],[-11.8717,7.4827],[-11.8801,7.4808],[-11.8854,7.4808],[-11.8948,7.4849],[-11.8935,7.4834],[-11.8899,7.4823],[-11.8898,7.48],[-11.8898,7.4782],[-11.8884,7.4759],[-11.8885,7.4752],[-11.8887,7.4738],[-11.8899,7.4711],[-11.8893,7.4694],[-11.8893,7.4693],[-11.8892,7.4693],[-11.8884,7.4682],[-11.8879,7.4676],[-11.8875,7.4655],[-11.8874,7.4645],[-11.8874,7.4644],[-11.89,7.4637],[-11.89,7.4636],[-11.8916,7.4615],[-11.8938,7.4606],[-11.8938,7.4587],[-11.8945,7.457],[-11.8943,7.4564],[-11.8938,7.4548],[-11.8933,7.4522],[-11.8938,7.4496],[-11.8942,7.4474],[-11.8949,7.4449],[-11.8956,7.4413],[-11.8983,7.4396],[-11.8984,7.4395],[-11.8967,7.4382],[-11.8943,7.4368],[-11.8942,7.4366],[-11.893,7.435],[-11.893,7.4327],[-11.8913,7.4304],[-11.8863,7.4272],[-11.8839,7.4232],[-11.8861,7.4213],[-11.8844,7.4195],[-11.882,7.4195],[-11.8803,7.4183],[-11.8807,7.4166],[-11.8824,7.4155],[-11.8847,7.4147],[-11.8849,7.4127],[-11.8846,7.4123],[-11.884,7.4114],[-11.8832,7.4104],[-11.881,7.4078],[-11.8858,7.4087],[-11.8864,7.4027],[-11.8886,7.401],[-11.8866,7.399],[-11.8844,7.399],[-11.8844,7.3965],[-11.8835,7.3942],[-11.8804,7.3951],[-11.8781,7.3939],[-11.8794,7.3851],[-11.8799,7.3822],[-11.8803,7.3797],[-11.8851,7.3729],[-11.8891,7.3644],[-11.8916,7.353],[-11.8885,7.3487],[-11.8916,7.3465],[-11.8919,7.3462],[-11.8979,7.3402],[-11.9024,7.3377],[-11.9016,7.3366],[-11.899,7.3328],[-11.899,7.326],[-11.899,7.3206],[-11.8994,7.3019],[-11.9,7.2993],[-11.8977,7.2917],[-11.897,7.291],[-11.8952,7.2894],[-11.8915,7.2868],[-11.8889,7.2853],[-11.8872,7.2843],[-11.8839,7.2834],[-11.8828,7.2828],[-11.8804,7.2802],[-11.8793,7.2766],[-11.8804,7.2738],[-11.8813,7.2732],[-11.8812,7.2718],[-11.8817,7.2698],[-11.8818,7.2695],[-11.883,7.2652],[-11.8832,7.259],[-11.8855,7.2539],[-11.8892,7.2499],[-11.8901,7.2465],[-11.8912,7.2419],[-11.8916,7.2376],[-11.8918,7.236],[-11.8923,7.2283],[-11.893,7.2235],[-11.8949,7.2138],[-11.8976,7.2115],[-11.8989,7.2104],[-11.9028,7.2115],[-11.9091,7.2141],[-11.9114,7.2169],[-11.9139,7.218],[-11.9144,7.218],[-11.9192,7.2141],[-11.9231,7.2132],[-11.9263,7.2167],[-11.9277,7.2232],[-11.9317,7.2266],[-11.9368,7.2286],[-11.9384,7.2284],[-11.9402,7.2271],[-11.9421,7.2248],[-11.9445,7.2206],[-11.9496,7.2064],[-11.9541,7.2002],[-11.9592,7.1926],[-11.9497,7.1858],[-11.9308,7.179],[-11.9194,7.1749],[-11.8997,7.1656],[-11.8826,7.1576],[-11.8674,7.1502],[-11.8384,7.1362],[-11.8364,7.1352],[-11.8002,7.1177],[-11.7888,7.1121],[-11.7583,7.0957],[-11.7339,7.0825],[-11.72,7.0743],[-11.6986,7.0616],[-11.6637,7.04],[-11.6625,7.0392],[-11.648,7.0262],[-11.6296,7.0097],[-11.6271,7.0075],[-11.6215,7.0004],[-11.6107,6.9867],[-11.6105,6.9865],[-11.6033,6.98],[-11.5953,6.9692],[-11.5831,6.9663],[-11.5784,6.9639],[-11.5518,6.9504],[-11.5492,6.949],[-11.5401,6.9444],[-11.5167,6.9324],[-11.5047,6.926],[-11.4975,6.9234],[-11.4892,6.9254],[-11.4792,6.9263],[-11.4777,6.9266],[-11.4676,6.9274],[-11.4627,6.9249],[-11.4583,6.9243],[-11.4552,6.9278],[-11.4545,6.9318],[-11.4526,6.9342],[-11.4524,6.9353],[-11.4501,6.9371],[-11.438,6.9418],[-11.4366,6.9417],[-11.432,6.9418],[-11.4257,6.9411],[-11.4234,6.9384],[-11.4197,6.9379],[-11.4182,6.9397],[-11.4207,6.9505],[-11.4301,6.9649],[-11.4318,6.9681],[-11.431,6.9717],[-11.4206,6.9693],[-11.4152,6.9718],[-11.4149,6.9748],[-11.4171,6.9851],[-11.4169,6.9853],[-11.4121,6.9895],[-11.4044,6.9883],[-11.3981,6.9866],[-11.3965,6.9963],[-11.3958,7.0024],[-11.3937,7.0043],[-11.3892,7.0088],[-11.3862,7.0093],[-11.3836,7.0108],[-11.3801,7.0096],[-11.3776,7.0108],[-11.3755,7.0153],[-11.3716,7.0188],[-11.3691,7.0197],[-11.3691,7.0199],[-11.3691,7.02],[-11.3709,7.0306],[-11.3691,7.0392],[-11.3691,7.0417],[-11.3684,7.046],[-11.3632,7.0491],[-11.3632,7.0522],[-11.3655,7.0558],[-11.3671,7.0573],[-11.3738,7.0621],[-11.3753,7.064],[-11.3754,7.0689],[-11.3736,7.0727],[-11.3705,7.0759],[-11.3676,7.0799],[-11.3653,7.0809],[-11.3613,7.0808],[-11.3565,7.0801],[-11.351,7.0797],[-11.3479,7.0805],[-11.3452,7.0802],[-11.3397,7.0778],[-11.3364,7.0772],[-11.3335,7.0779],[-11.3321,7.0801],[-11.3329,7.0838],[-11.3343,7.0899],[-11.3351,7.0977],[-11.3371,7.103],[-11.338,7.1056],[-11.334,7.1128],[-11.339,7.1178],[-11.3401,7.1209],[-11.3426,7.1269],[-11.3452,7.1299],[-11.349,7.1322],[-11.351,7.1367],[-11.3529,7.1394],[-11.3526,7.1416],[-11.3495,7.1449],[-11.3469,7.1478],[-11.3445,7.1482],[-11.3425,7.1472],[-11.3373,7.1439],[-11.3332,7.1449],[-11.3288,7.1479],[-11.3297,7.1509],[-11.3322,7.1544],[-11.3359,7.157],[-11.3353,7.1586],[-11.3293,7.1643],[-11.3256,7.1672],[-11.3206,7.1698],[-11.3237,7.1736],[-11.3171,7.1806],[-11.3134,7.1843],[-11.3116,7.1871],[-11.3137,7.193],[-11.3133,7.1958],[-11.3111,7.1984],[-11.3096,7.2031],[-11.3093,7.2043],[-11.311,7.2067],[-11.3115,7.2087],[-11.3103,7.2108],[-11.3031,7.2143],[-11.3019,7.212],[-11.303,7.2081],[-11.3017,7.2056],[-11.2989,7.2052],[-11.2936,7.2063],[-11.2896,7.2034],[-11.2971,7.1987],[-11.2945,7.1958],[-11.2901,7.198],[-11.2868,7.2009],[-11.2864,7.2089],[-11.2862,7.2144],[-11.2806,7.2171],[-11.2799,7.2233],[-11.2774,7.2261],[-11.2755,7.2294],[-11.2725,7.2322],[-11.2746,7.237],[-11.2738,7.2395],[-11.2712,7.2398],[-11.2702,7.2412],[-11.2664,7.2369],[-11.267,7.2329],[-11.2628,7.2315],[-11.258,7.2321],[-11.2576,7.2321],[-11.2576,7.2322],[-11.2532,7.2312],[-11.2497,7.2327],[-11.2449,7.2402],[-11.2446,7.2406],[-11.2424,7.2444],[-11.2384,7.2489],[-11.2337,7.252],[-11.2277,7.2489],[-11.2218,7.2463],[-11.2157,7.2514],[-11.2096,7.2515],[-11.2049,7.2536],[-11.202,7.2546],[-11.1993,7.2573],[-11.1969,7.2608],[-11.196,7.2608],[-11.1919,7.2608],[-11.1876,7.2615],[-11.1829,7.2646],[-11.1801,7.2686],[-11.1804,7.2728],[-11.183,7.2758],[-11.1801,7.2801],[-11.1764,7.286],[-11.1774,7.288],[-11.181,7.2903],[-11.1809,7.293],[-11.1773,7.2951],[-11.1733,7.2961],[-11.1731,7.2994],[-11.172,7.305],[-11.1671,7.3073],[-11.1615,7.3075],[-11.1578,7.3122],[-11.1529,7.3142],[-11.149,7.3203],[-11.1428,7.3243],[-11.1443,7.3372],[-11.1433,7.3408],[-11.1435,7.3409]]]}},{"type":"Feature","properties":{"districtId":"port_loko","name":"Port Loko"},"geometry":{"type":"MultiPolygon","coordinates":[[[[-13.1314,8.5371],[-13.1303,8.5378],[-13.13,8.5385],[-13.1302,8.5392],[-13.1304,8.54],[-13.1306,8.5403],[-13.1315,8.5402],[-13.1323,8.5395],[-13.1322,8.5386],[-13.1319,8.5376],[-13.1319,8.537],[-13.1314,8.5371]]],[[[-13.1203,8.539],[-13.1202,8.5397],[-13.1196,8.5406],[-13.1193,8.541],[-13.1188,8.5426],[-13.1184,8.5434],[-13.1173,8.5449],[-13.1164,8.5462],[-13.1159,8.5473],[-13.1159,8.548],[-13.1154,8.5492],[-13.1151,8.5503],[-13.1159,8.5504],[-13.1164,8.5502],[-13.1171,8.5494],[-13.118,8.5487],[-13.1194,8.5479],[-13.121,8.5469],[-13.1229,8.5469],[-13.1251,8.5457],[-13.1251,8.5445],[-13.1249,8.5431],[-13.1244,8.5419],[-13.1239,8.5412],[-13.1237,8.5397],[-13.1235,8.5385],[-13.1228,8.538],[-13.1223,8.5379],[-13.1216,8.5378],[-13.1203,8.539]]],[[[-12.9355,8.5555],[-12.9366,8.5564],[-12.9379,8.5565],[-12.9389,8.5564],[-12.9403,8.5562],[-12.9413,8.5562],[-12.9423,8.5561],[-12.9437,8.5561],[-12.9451,8.5558],[-12.9458,8.5556],[-12.9466,8.5554],[-12.947,8.5553],[-12.9478,8.5553],[-12.9487,8.5555],[-12.95,8.5561],[-12.9512,8.5558],[-12.9525,8.5556],[-12.9534,8.5554],[-12.9544,8.5553],[-12.9553,8.5552],[-12.9561,8.555],[-12.9571,8.5553],[-12.958,8.5554],[-12.9589,8.5555],[-12.9592,8.5549],[-12.9592,8.5544],[-12.9601,8.5539],[-12.9609,8.5532],[-12.9618,8.5527],[-12.9621,8.5525],[-12.9623,8.5516],[-12.9627,8.5509],[-12.9624,8.5496],[-12.9619,8.5482],[-12.9615,8.5469],[-12.9612,8.5456],[-12.9612,8.5442],[-12.961,8.5427],[-12.961,8.5411],[-12.9605,8.5401],[-12.9599,8.5398],[-12.9584,8.5389],[-12.9575,8.5383],[-12.9563,8.5371],[-12.9552,8.5357],[-12.9539,8.535],[-12.9527,8.5344],[-12.9519,8.5339],[-12.9509,8.5327],[-12.9491,8.5317],[-12.9475,8.5316],[-12.9456,8.5315],[-12.9441,8.5315],[-12.9421,8.5326],[-12.9404,8.5337],[-12.9388,8.5346],[-12.937,8.5351],[-12.9344,8.5361],[-12.9327,8.5367],[-12.9322,8.5369],[-12.9294,8.5395],[-12.9293,8.5395],[-12.9296,8.5405],[-12.9295,8.5415],[-12.9289,8.5422],[-12.9279,8.5429],[-12.9271,8.5437],[-12.9262,8.5441],[-12.9252,8.5445],[-12.9247,8.5445],[-12.9241,8.5452],[-12.9234,8.5466],[-12.9238,8.5469],[-12.924,8.5477],[-12.924,8.5483],[-12.9252,8.5494],[-12.9263,8.55],[-12.9274,8.5505],[-12.9278,8.551],[-12.9283,8.5517],[-12.9288,8.5528],[-12.9292,8.553],[-12.93,8.5528],[-12.9312,8.5532],[-12.9324,8.5538],[-12.9335,8.5546],[-12.934,8.555],[-12.9345,8.555],[-12.9355,8.5555]]],[[[-13.1215,8.5594],[-13.1208,8.5597],[-13.1198,8.5599],[-13.1198,8.5609],[-13.1199,8.5616],[-13.1202,8.5631],[-13.1197,8.5649],[-13.1204,8.5644],[-13.1214,8.5644],[-13.1227,8.5639],[-13.1233,8.5632],[-13.1232,8.5621],[-13.1229,8.561],[-13.1226,8.5598],[-13.1223,8.5587],[-13.1215,8.5594]]],[[[-13.0752,8.5654],[-13.0775,8.5672],[-13.0792,8.5686],[-13.0803,8.5676],[-13.0826,8.5668],[-13.0841,8.5653],[-13.0849,8.5662],[-13.0867,8.566],[-13.0884,8.5659],[-13.0887,8.5644],[-13.0883,8.5627],[-13.0871,8.5597],[-13.0861,8.557],[-13.0857,8.5525],[-13.0854,8.5489],[-13.0858,8.5461],[-13.0863,8.5441],[-13.0868,8.5431],[-13.0867,8.542],[-13.0867,8.5405],[-13.0873,8.5398],[-13.0878,8.5392],[-13.0866,8.5381],[-13.0851,8.5376],[-13.0824,8.5377],[-13.0798,8.5389],[-13.0756,8.541],[-13.0733,8.5424],[-13.0722,8.5432],[-13.0703,8.5437],[-13.068,8.5446],[-13.0662,8.5449],[-13.065,8.5449],[-13.063,8.5457],[-13.0605,8.5458],[-13.06,8.5469],[-13.059,8.5477],[-13.0581,8.5477],[-13.0581,8.5481],[-13.0575,8.5484],[-13.0574,8.5496],[-13.0585,8.5508],[-13.0602,8.5519],[-13.0618,8.5531],[-13.0628,8.5547],[-13.0628,8.555],[-13.0629,8.5561],[-13.0625,8.5574],[-13.0622,8.5586],[-13.0622,8.5601],[-13.0613,8.5616],[-13.06,8.5636],[-13.0604,8.565],[-13.0619,8.5646],[-13.0639,8.5646],[-13.0639,8.5646],[-13.0649,8.5656],[-13.0672,8.5663],[-13.0692,8.5655],[-13.0709,8.5643],[-13.0727,8.5645],[-13.0752,8.5654]]],[[[-13.1064,8.5603],[-13.1059,8.5613],[-13.1051,8.562],[-13.1052,8.5626],[-13.1057,8.5638],[-13.1057,8.5647],[-13.1055,8.5653],[-13.1055,8.5659],[-13.1051,8.5664],[-13.1056,8.5669],[-13.1063,8.5671],[-13.1064,8.5674],[-13.1068,8.5683],[-13.1083,8.5684],[-13.1089,8.5688],[-13.1102,8.5688],[-13.1121,8.5675],[-13.1137,8.5665],[-13.1138,8.5658],[-13.1138,8.5648],[-13.1134,8.5635],[-13.1132,8.5623],[-13.1128,8.5615],[-13.1121,8.5606],[-13.1103,8.5601],[-13.1093,8.5602],[-13.1084,8.5594],[-13.1076,8.5586],[-13.1066,8.5594],[-13.1064,8.5603]]],[[[-13.0402,8.5677],[-13.0395,8.5684],[-13.0395,8.5691],[-13.0395,8.57],[-13.0393,8.5706],[-13.0388,8.5712],[-13.0387,8.572],[-13.0397,8.5722],[-13.04,8.5716],[-13.0404,8.5708],[-13.0405,8.57],[-13.0412,8.5691],[-13.0413,8.5682],[-13.0412,8.5677],[-13.041,8.5673],[-13.0402,8.5677]]],[[[-12.9486,8.5717],[-12.9486,8.5721],[-12.9489,8.5726],[-12.9499,8.5728],[-12.9511,8.5733],[-12.9526,8.5736],[-12.9532,8.5737],[-12.9539,8.5737],[-12.9545,8.5737],[-12.9554,8.5734],[-12.9558,8.5732],[-12.9562,8.5728],[-12.9561,8.5723],[-12.9561,8.5719],[-12.9564,8.5715],[-12.9566,8.5713],[-12.9567,8.5711],[-12.9563,8.571],[-12.9558,8.571],[-12.9554,8.571],[-12.9545,8.5709],[-12.9537,8.5707],[-12.9531,8.5706],[-12.952,8.5704],[-12.9514,8.5702],[-12.9507,8.5699],[-12.95,8.5698],[-12.9494,8.5697],[-12.9489,8.5696],[-12.9485,8.5699],[-12.9483,8.5702],[-12.9485,8.571],[-12.9486,8.5717]]],[[[-13.0674,8.5736],[-13.0679,8.5751],[-13.0697,8.5776],[-13.0701,8.5788],[-13.0701,8.5793],[-13.0711,8.5801],[-13.0717,8.5799],[-13.0729,8.579],[-13.0739,8.5782],[-13.0731,8.5768],[-13.0726,8.576],[-13.0722,8.5751],[-13.072,8.5742],[-13.0711,8.573],[-13.0703,8.573],[-13.0686,8.5728],[-13.0679,8.5729],[-13.0674,8.5736]]],[[[-13.0004,8.5804],[-13.0009,8.5807],[-13.0016,8.5808],[-13.0024,8.5808],[-13.0042,8.5808],[-13.0052,8.5805],[-13.0064,8.5802],[-13.0079,8.5801],[-13.0099,8.5798],[-13.0115,8.5799],[-13.013,8.5802],[-13.0139,8.5798],[-13.0145,8.5794],[-13.0135,8.5786],[-13.0128,8.5782],[-13.0126,8.5779],[-13.012,8.5775],[-13.0117,8.5773],[-13.0111,8.5768],[-13.0108,8.5766],[-13.0103,8.5762],[-13.0098,8.5759],[-13.0089,8.5754],[-13.0074,8.5751],[-13.0068,8.575],[-13.0059,8.5752],[-13.0048,8.576],[-13.0035,8.5766],[-13.0023,8.5773],[-13.0018,8.5781],[-13.0017,8.5788],[-13.0011,8.5798],[-13.0004,8.5804]]],[[[-12.9643,8.5735],[-12.9653,8.5743],[-12.9658,8.5752],[-12.9682,8.5773],[-12.97,8.5787],[-12.9724,8.5798],[-12.9742,8.5808],[-12.976,8.5815],[-12.9769,8.5819],[-12.9779,8.5825],[-12.9796,8.5833],[-12.9809,8.5834],[-12.9832,8.5827],[-12.9843,8.5816],[-12.9852,8.5808],[-12.9859,8.5798],[-12.9873,8.5785],[-12.9894,8.5778],[-12.9913,8.5769],[-12.9933,8.5763],[-12.995,8.5759],[-12.9975,8.5749],[-12.9999,8.5742],[-13.0017,8.5738],[-13.0028,8.5732],[-13.0045,8.5729],[-13.0062,8.5728],[-13.0076,8.5728],[-13.0093,8.5728],[-13.0095,8.5723],[-13.0095,8.5715],[-13.0093,8.5709],[-13.0085,8.5711],[-13.0073,8.5717],[-13.0061,8.572],[-13.0055,8.5718],[-13.0047,8.5718],[-13.0033,8.5715],[-13.0022,8.5713],[-13.0007,8.5712],[-12.9999,8.5713],[-12.9992,8.5718],[-12.9985,8.5721],[-12.9971,8.5727],[-12.9956,8.5729],[-12.9944,8.5727],[-12.993,8.5726],[-12.9918,8.5728],[-12.9906,8.5728],[-12.9897,8.5728],[-12.9887,8.5726],[-12.9881,8.5723],[-12.9868,8.5715],[-12.9855,8.5711],[-12.9839,8.5707],[-12.983,8.5697],[-12.9827,8.569],[-12.9827,8.5684],[-12.9814,8.568],[-12.98,8.5684],[-12.9789,8.5684],[-12.9785,8.5683],[-12.9784,8.568],[-12.9777,8.5679],[-12.9766,8.568],[-12.9759,8.5692],[-12.9748,8.5697],[-12.973,8.5702],[-12.9711,8.5702],[-12.9696,8.5698],[-12.968,8.5693],[-12.966,8.5686],[-12.964,8.5681],[-12.962,8.568],[-12.9608,8.5684],[-12.9608,8.569],[-12.9617,8.57],[-12.9625,8.5715],[-12.9643,8.5735]]],[[[-13.1045,8.5874],[-13.1063,8.5889],[-13.1069,8.5901],[-13.107,8.591],[-13.1073,8.5933],[-13.1075,8.5943],[-13.108,8.5946],[-13.11,8.5943],[-13.1113,8.5939],[-13.1122,8.5934],[-13.1124,8.5918],[-13.1125,8.5908],[-13.1132,8.5896],[-13.1138,8.5885],[-13.1153,8.587],[-13.1157,8.5855],[-13.116,8.5846],[-13.1172,8.5825],[-13.1186,8.5793],[-13.1194,8.5777],[-13.1202,8.5761],[-13.1214,8.5741],[-13.1219,8.5731],[-13.1244,8.5696],[-13.1249,8.5686],[-13.1249,8.5676],[-13.1247,8.5664],[-13.1244,8.5651],[-13.1237,8.5649],[-13.1229,8.5653],[-13.1216,8.5662],[-13.121,8.5663],[-13.1191,8.5668],[-13.1178,8.567],[-13.1168,8.5673],[-13.1159,8.5684],[-13.1138,8.5697],[-13.1121,8.5703],[-13.1112,8.5711],[-13.1097,8.5723],[-13.1089,8.5738],[-13.1075,8.5763],[-13.1068,8.5776],[-13.1059,8.5791],[-13.105,8.5803],[-13.1042,8.5815],[-13.1033,8.5838],[-13.1028,8.5853],[-13.1026,8.587],[-13.1035,8.587],[-13.1045,8.5874]]],[[[-13.1093,8.5971],[-13.1087,8.5972],[-13.108,8.5977],[-13.1076,8.5988],[-13.1075,8.5999],[-13.1084,8.6004],[-13.1093,8.5997],[-13.1096,8.5977],[-13.1102,8.5968],[-13.1093,8.5971]]],[[[-13.1509,8.8513],[-13.1506,8.8518],[-13.151,8.8521],[-13.1526,8.8522],[-13.1535,8.8522],[-13.154,8.8519],[-13.1551,8.8518],[-13.1551,8.8514],[-13.1542,8.851],[-13.154,8.8512],[-13.153,8.8506],[-13.1522,8.8502],[-13.1517,8.8498],[-13.1509,8.8508],[-13.1509,8.8513]]],[[[-13.1639,8.8503],[-13.1646,8.8512],[-13.1661,8.8522],[-13.1676,8.8523],[-13.1672,8.8513],[-13.1663,8.8507],[-13.1655,8.8502],[-13.1641,8.8501],[-13.1639,8.8503]]],[[[-13.1503,8.8534],[-13.1499,8.8538],[-13.1514,8.8546],[-13.1528,8.8553],[-13.1537,8.8557],[-13.1566,8.857],[-13.1586,8.8577],[-13.1606,8.8582],[-13.1608,8.8575],[-13.1601,8.8566],[-13.1586,8.8549],[-13.1583,8.8547],[-13.1574,8.8541],[-13.1561,8.8532],[-13.155,8.8531],[-13.1533,8.8532],[-13.1523,8.8534],[-13.1513,8.8533],[-13.1503,8.8534]]],[[[-13.1712,8.8628],[-13.1722,8.8622],[-13.1729,8.8626],[-13.1736,8.8626],[-13.174,8.8616],[-13.1738,8.861],[-13.1736,8.8606],[-13.173,8.8605],[-13.1722,8.8602],[-13.1713,8.8596],[-13.1706,8.8596],[-13.1696,8.8596],[-13.1696,8.8603],[-13.1702,8.8615],[-13.1712,8.8628]]],[[[-13.1595,8.8629],[-13.1601,8.8634],[-13.1604,8.8642],[-13.1608,8.8635],[-13.1611,8.8626],[-13.1621,8.8627],[-13.1631,8.8621],[-13.164,8.8613],[-13.1613,8.8597],[-13.1599,8.8596],[-13.1578,8.8587],[-13.1561,8.858],[-13.1546,8.8576],[-13.1526,8.8567],[-13.153,8.8572],[-13.1532,8.8579],[-13.1546,8.8597],[-13.1556,8.8607],[-13.1561,8.8611],[-13.1579,8.8624],[-13.1595,8.8629]]],[[[-12.4381,9.2592],[-12.4365,9.2528],[-12.4396,9.2522],[-12.4409,9.252],[-12.4461,9.2572],[-12.455,9.2653],[-12.4645,9.269],[-12.4741,9.266],[-12.4815,9.2668],[-12.4867,9.2727],[-12.4896,9.2734],[-12.4904,9.2609],[-12.4904,9.2535],[-12.4933,9.2491],[-12.5007,9.2461],[-12.5009,9.2467],[-12.5036,9.2535],[-12.5081,9.2601],[-12.511,9.2668],[-12.5132,9.2705],[-12.5176,9.2727],[-12.5199,9.2722],[-12.5213,9.2719],[-12.5213,9.2719],[-12.5199,9.2653],[-12.5176,9.2579],[-12.5213,9.255],[-12.5272,9.2483],[-12.5302,9.2417],[-12.5309,9.2358],[-12.5324,9.2277],[-12.5398,9.2247],[-12.5408,9.2249],[-12.5457,9.2255],[-12.553,9.2299],[-12.5471,9.2358],[-12.5427,9.2439],[-12.5464,9.2491],[-12.5538,9.2513],[-12.5626,9.2498],[-12.5641,9.2476],[-12.5624,9.2432],[-12.5604,9.238],[-12.556,9.2306],[-12.5604,9.2269],[-12.5678,9.2233],[-12.5682,9.2233],[-12.5752,9.2233],[-12.5825,9.221],[-12.5884,9.2196],[-12.5973,9.2159],[-12.6002,9.2218],[-12.6002,9.2277],[-12.6039,9.2336],[-12.6106,9.2336],[-12.6119,9.233],[-12.6143,9.2321],[-12.615,9.2247],[-12.6157,9.2196],[-12.6224,9.2122],[-12.6267,9.21],[-12.6283,9.2092],[-12.6312,9.2056],[-12.6349,9.2041],[-12.6379,9.2063],[-12.6408,9.21],[-12.646,9.2092],[-12.6533,9.2026],[-12.6585,9.1989],[-12.6603,9.1949],[-12.6615,9.1923],[-12.66,9.1842],[-12.657,9.1783],[-12.6559,9.1757],[-12.6519,9.1665],[-12.6526,9.1591],[-12.6541,9.1554],[-12.6556,9.1517],[-12.6563,9.1451],[-12.6592,9.1392],[-12.6622,9.1325],[-12.6696,9.1325],[-12.6677,9.1286],[-12.6651,9.123],[-12.6642,9.1169],[-12.6637,9.1134],[-12.6666,9.1082],[-12.6773,9.1075],[-12.6784,9.1075],[-12.6836,9.1075],[-12.6895,9.1075],[-12.6935,9.1075],[-12.6954,9.1075],[-12.6991,9.0994],[-12.7006,9.0981],[-12.7035,9.0957],[-12.7043,9.0951],[-12.7087,9.092],[-12.7109,9.0839],[-12.7151,9.077],[-12.7171,9.0735],[-12.7174,9.0733],[-12.7223,9.0691],[-12.7297,9.0617],[-12.734,9.0531],[-12.7341,9.0529],[-12.7353,9.0499],[-12.737,9.0455],[-12.7326,9.0381],[-12.7297,9.0337],[-12.7304,9.0323],[-12.7334,9.0263],[-12.7356,9.0227],[-12.7379,9.0217],[-12.7429,9.0197],[-12.7474,9.0153],[-12.7527,9.012],[-12.7533,9.0116],[-12.7584,9.0072],[-12.7577,8.9998],[-12.7511,8.9968],[-12.7466,8.9924],[-12.7446,8.983],[-12.7444,8.9821],[-12.7503,8.9843],[-12.7547,8.9865],[-12.7606,8.9939],[-12.7665,8.9932],[-12.7694,8.9941],[-12.771,8.9946],[-12.7769,8.9998],[-12.7806,8.9998],[-12.7806,9.0038],[-12.7806,9.0042],[-12.7894,9.0109],[-12.795,9.0148],[-12.7968,9.016],[-12.7994,9.0195],[-12.8012,9.0219],[-12.8071,9.0271],[-12.8115,9.0322],[-12.8196,9.03],[-12.8248,9.0278],[-12.8292,9.0249],[-12.8322,9.0197],[-12.8388,9.0145],[-12.8432,9.0138],[-12.8468,9.0154],[-12.8499,9.0168],[-12.8518,9.0107],[-12.8521,9.0097],[-12.8543,9.0027],[-12.8565,8.9946],[-12.8587,8.9895],[-12.8597,8.9877],[-12.8617,8.9843],[-12.8617,8.9759],[-12.8617,8.9755],[-12.8646,8.9725],[-12.8661,8.9673],[-12.8624,8.9592],[-12.8624,8.9528],[-12.8624,8.9526],[-12.863,8.9524],[-12.8646,8.9519],[-12.8668,8.9511],[-12.8772,8.9511],[-12.8816,8.9467],[-12.8868,8.9452],[-12.8956,8.9445],[-12.8963,8.9393],[-12.8968,8.9391],[-12.9002,8.9376],[-12.9045,8.9356],[-12.9074,8.9312],[-12.9118,8.9275],[-12.9177,8.926],[-12.9207,8.9253],[-12.9251,8.9187],[-12.931,8.9142],[-12.9297,8.9123],[-12.9285,8.9106],[-12.9274,8.9089],[-12.9229,8.9024],[-12.9156,8.8946],[-12.914,8.8929],[-12.9137,8.8781],[-12.9137,8.8678],[-12.9137,8.8634],[-12.9137,8.8623],[-12.9137,8.8582],[-12.9129,8.8479],[-12.9185,8.8455],[-12.921,8.8445],[-12.9218,8.8442],[-12.9321,8.8434],[-12.9395,8.842],[-12.9454,8.84],[-12.9461,8.8398],[-12.9535,8.8375],[-12.9631,8.8368],[-12.9675,8.839],[-12.9734,8.842],[-12.9796,8.8447],[-12.9867,8.8479],[-12.9975,8.8529],[-12.9978,8.853],[-13.0136,8.8552],[-13.014,8.8552],[-13.0158,8.8543],[-13.0199,8.8523],[-13.0228,8.8519],[-13.023,8.8518],[-13.0285,8.851],[-13.0346,8.8501],[-13.0354,8.8499],[-13.0455,8.848],[-13.0464,8.8479],[-13.048,8.8474],[-13.0503,8.8467],[-13.0535,8.8457],[-13.056,8.8449],[-13.0562,8.8449],[-13.0641,8.8449],[-13.0725,8.8449],[-13.0727,8.8449],[-13.0745,8.8449],[-13.0746,8.845],[-13.0784,8.8461],[-13.0813,8.847],[-13.084,8.8479],[-13.0969,8.8464],[-13.0973,8.8464],[-13.1003,8.8464],[-13.1049,8.8464],[-13.1076,8.8464],[-13.1169,8.8464],[-13.1172,8.8464],[-13.1194,8.8468],[-13.1247,8.8479],[-13.1283,8.8486],[-13.1357,8.8493],[-13.1382,8.8503],[-13.146,8.853],[-13.1477,8.8545],[-13.1496,8.8519],[-13.1526,8.8469],[-13.1541,8.8433],[-13.1557,8.8433],[-13.1576,8.8432],[-13.159,8.8437],[-13.1612,8.8446],[-13.1645,8.8456],[-13.1669,8.8471],[-13.1683,8.8486],[-13.1704,8.8494],[-13.1726,8.8499],[-13.1736,8.8499],[-13.1748,8.8502],[-13.1748,8.8511],[-13.175,8.8519],[-13.1776,8.8532],[-13.1793,8.8533],[-13.1808,8.8529],[-13.1818,8.8529],[-13.1828,8.8526],[-13.1838,8.8526],[-13.1846,8.8526],[-13.1861,8.8528],[-13.1882,8.853],[-13.1897,8.8534],[-13.1903,8.8536],[-13.1913,8.854],[-13.193,8.8544],[-13.1932,8.8544],[-13.1942,8.8549],[-13.1965,8.8563],[-13.1978,8.8579],[-13.1991,8.8586],[-13.1997,8.8586],[-13.2006,8.859],[-13.2016,8.8596],[-13.2029,8.8599],[-13.2045,8.8609],[-13.2051,8.8612],[-13.2061,8.8614],[-13.2059,8.8619],[-13.2048,8.8619],[-13.2048,8.8624],[-13.2054,8.8628],[-13.2062,8.8632],[-13.207,8.8635],[-13.2077,8.8636],[-13.2082,8.8635],[-13.2085,8.863],[-13.2087,8.8623],[-13.2083,8.8611],[-13.2082,8.8603],[-13.2077,8.8592],[-13.2068,8.8593],[-13.2062,8.8594],[-13.2055,8.8592],[-13.2063,8.8587],[-13.2089,8.8569],[-13.2112,8.8556],[-13.2122,8.8549],[-13.2144,8.8522],[-13.215,8.8514],[-13.2153,8.8509],[-13.2168,8.8497],[-13.2177,8.8485],[-13.2195,8.847],[-13.2205,8.8462],[-13.2224,8.8452],[-13.224,8.8444],[-13.2262,8.8431],[-13.2263,8.843],[-13.2283,8.8422],[-13.2292,8.8415],[-13.2302,8.8408],[-13.2304,8.8407],[-13.2314,8.8388],[-13.2321,8.8367],[-13.2321,8.8357],[-13.2323,8.8346],[-13.2336,8.833],[-13.2345,8.8318],[-13.2346,8.8316],[-13.2358,8.8305],[-13.2376,8.829],[-13.2387,8.828],[-13.2413,8.8266],[-13.2433,8.825],[-13.2442,8.8234],[-13.2443,8.8232],[-13.245,8.8203],[-13.2453,8.8187],[-13.2455,8.8171],[-13.2455,8.8169],[-13.2458,8.8149],[-13.2463,8.8116],[-13.2466,8.81],[-13.247,8.8068],[-13.2473,8.8061],[-13.2485,8.8054],[-13.2491,8.8044],[-13.249,8.8035],[-13.2492,8.8026],[-13.2491,8.8005],[-13.2488,8.7983],[-13.2487,8.797],[-13.2485,8.7962],[-13.2482,8.7949],[-13.2476,8.7924],[-13.247,8.7901],[-13.247,8.7899],[-13.2467,8.7879],[-13.2465,8.784],[-13.2461,8.782],[-13.246,8.7803],[-13.2462,8.7772],[-13.2463,8.7733],[-13.2455,8.7668],[-13.2455,8.765],[-13.2455,8.7642],[-13.2454,8.7634],[-13.2448,8.7597],[-13.2446,8.757],[-13.2442,8.7551],[-13.2431,8.752],[-13.2427,8.7511],[-13.2422,8.7496],[-13.2416,8.7472],[-13.2412,8.7455],[-13.2408,8.7441],[-13.2403,8.7427],[-13.2399,8.7412],[-13.2396,8.7392],[-13.2394,8.7374],[-13.2393,8.7366],[-13.2391,8.7353],[-13.2389,8.7338],[-13.2387,8.7328],[-13.2386,8.7324],[-13.2385,8.7313],[-13.2385,8.7301],[-13.2383,8.7296],[-13.2381,8.7286],[-13.2381,8.7281],[-13.2402,8.7289],[-13.2413,8.7279],[-13.2423,8.7261],[-13.2428,8.7244],[-13.2429,8.7237],[-13.2437,8.7218],[-13.2441,8.7205],[-13.2448,8.7178],[-13.2448,8.716],[-13.2451,8.7142],[-13.2453,8.7128],[-13.2455,8.7118],[-13.2455,8.711],[-13.2458,8.7072],[-13.2442,8.7009],[-13.2428,8.6965],[-13.2434,8.6947],[-13.2441,8.6925],[-13.2456,8.6878],[-13.2461,8.6817],[-13.2464,8.6787],[-13.2452,8.6673],[-13.2448,8.6663],[-13.244,8.6642],[-13.2416,8.6578],[-13.2413,8.6572],[-13.2387,8.6526],[-13.2357,8.6471],[-13.2336,8.6435],[-13.2317,8.6403],[-13.2284,8.637],[-13.2277,8.6356],[-13.227,8.6352],[-13.2266,8.6352],[-13.2222,8.6308],[-13.2187,8.6249],[-13.2136,8.6183],[-13.2119,8.6162],[-13.2118,8.6157],[-13.2107,8.6127],[-13.2095,8.6095],[-13.2095,8.6092],[-13.2076,8.6041],[-13.2076,8.6039],[-13.2055,8.5983],[-13.2044,8.5954],[-13.203,8.5915],[-13.2024,8.5901],[-13.2012,8.5822],[-13.2007,8.5782],[-13.1979,8.5719],[-13.1923,8.562],[-13.189,8.5568],[-13.189,8.5568],[-13.1864,8.5529],[-13.1785,8.5426],[-13.1744,8.5382],[-13.1733,8.5372],[-13.1715,8.5354],[-13.171,8.5345],[-13.171,8.5337],[-13.1715,8.5331],[-13.1722,8.533],[-13.1715,8.5317],[-13.1712,8.531],[-13.1701,8.5303],[-13.1695,8.5303],[-13.1684,8.5287],[-13.1676,8.5274],[-13.1671,8.529],[-13.1671,8.53],[-13.1665,8.5299],[-13.1652,8.5281],[-13.1652,8.5278],[-13.1649,8.5267],[-13.1645,8.5257],[-13.1643,8.5257],[-13.1633,8.5254],[-13.1625,8.5249],[-13.1612,8.5242],[-13.1599,8.5237],[-13.1592,8.5232],[-13.1578,8.5223],[-13.1574,8.5217],[-13.1563,8.5207],[-13.1554,8.5199],[-13.1548,8.5196],[-13.1547,8.5196],[-13.1538,8.5192],[-13.1538,8.5192],[-13.1527,8.5187],[-13.1516,8.5183],[-13.1507,8.5182],[-13.1498,8.5178],[-13.1486,8.5172],[-13.1482,8.5173],[-13.1479,8.5174],[-13.1475,8.5176],[-13.1471,8.5182],[-13.146,8.5195],[-13.1446,8.5204],[-13.1431,8.5213],[-13.1431,8.5214],[-13.1417,8.5227],[-13.1415,8.5229],[-13.1399,8.5249],[-13.1383,8.5272],[-13.1369,8.5294],[-13.1363,8.531],[-13.1362,8.5312],[-13.1361,8.5316],[-13.1352,8.535],[-13.1352,8.5369],[-13.135,8.5388],[-13.1351,8.5387],[-13.1357,8.538],[-13.1355,8.5393],[-13.1355,8.5393],[-13.1355,8.5407],[-13.1354,8.5414],[-13.1351,8.5424],[-13.1346,8.5433],[-13.1338,8.5449],[-13.1326,8.5466],[-13.1326,8.5472],[-13.1329,8.5475],[-13.1336,8.5472],[-13.135,8.547],[-13.1356,8.5472],[-13.1351,8.5477],[-13.1343,8.5482],[-13.1336,8.5487],[-13.1328,8.549],[-13.1321,8.5491],[-13.1316,8.5491],[-13.1313,8.5495],[-13.131,8.5503],[-13.1299,8.5508],[-13.1297,8.5511],[-13.129,8.5522],[-13.1284,8.5532],[-13.1284,8.5541],[-13.1284,8.5558],[-13.1284,8.5574],[-13.1283,8.5584],[-13.1283,8.5589],[-13.1283,8.5597],[-13.1281,8.5606],[-13.1284,8.5616],[-13.1284,8.5627],[-13.1284,8.5635],[-13.1288,8.5649],[-13.129,8.5661],[-13.129,8.5665],[-13.129,8.5674],[-13.1286,8.5693],[-13.1275,8.5716],[-13.1265,8.5737],[-13.1247,8.5763],[-13.1239,8.5777],[-13.1175,8.5863],[-13.1172,8.5875],[-13.1168,8.5878],[-13.1162,8.5884],[-13.1156,8.5895],[-13.1152,8.591],[-13.1151,8.5921],[-13.1146,8.5936],[-13.1134,8.596],[-13.1127,8.5972],[-13.112,8.5984],[-13.1107,8.5996],[-13.11,8.6008],[-13.1097,8.6015],[-13.109,8.6033],[-13.1091,8.6044],[-13.1092,8.6053],[-13.1078,8.6062],[-13.105,8.6071],[-13.1014,8.6059],[-13.0998,8.6053],[-13.0967,8.6047],[-13.095,8.6046],[-13.0955,8.6028],[-13.0954,8.6012],[-13.0955,8.6],[-13.0954,8.5988],[-13.0945,8.5979],[-13.0935,8.5971],[-13.0945,8.5972],[-13.0936,8.5957],[-13.0912,8.5927],[-13.0903,8.5904],[-13.0902,8.5891],[-13.09,8.5868],[-13.0902,8.585],[-13.09,8.5841],[-13.089,8.5843],[-13.0872,8.5847],[-13.0863,8.5847],[-13.0855,8.5843],[-13.0844,8.5836],[-13.0825,8.5838],[-13.081,8.5838],[-13.0793,8.584],[-13.078,8.5834],[-13.0757,8.5833],[-13.0735,8.5836],[-13.072,8.5836],[-13.0702,8.5834],[-13.069,8.5828],[-13.0683,8.5823],[-13.0671,8.5813],[-13.0661,8.5793],[-13.0664,8.5769],[-13.0659,8.576],[-13.0654,8.5758],[-13.0645,8.5754],[-13.0644,8.5728],[-13.0629,8.573],[-13.0616,8.573],[-13.0606,8.5732],[-13.0589,8.5734],[-13.0571,8.5736],[-13.056,8.5738],[-13.0554,8.5739],[-13.0542,8.5742],[-13.0539,8.5751],[-13.0533,8.5764],[-13.0523,8.5781],[-13.0513,8.5801],[-13.0508,8.5816],[-13.0499,8.5834],[-13.0494,8.5848],[-13.0492,8.5851],[-13.0484,8.5863],[-13.0476,8.5878],[-13.0467,8.5892],[-13.0466,8.5893],[-13.0462,8.5898],[-13.0463,8.5904],[-13.0454,8.5911],[-13.0433,8.5925],[-13.0418,8.593],[-13.0394,8.5934],[-13.0371,8.594],[-13.0362,8.5942],[-13.0345,8.5946],[-13.0318,8.5963],[-13.031,8.597],[-13.0287,8.5991],[-13.0277,8.6],[-13.0257,8.6012],[-13.0238,8.6018],[-13.0226,8.6027],[-13.0215,8.6024],[-13.0213,8.6024],[-13.0213,8.6009],[-13.0213,8.5998],[-13.0213,8.5984],[-13.0214,8.5977],[-13.0195,8.5967],[-13.0184,8.5962],[-13.0177,8.5957],[-13.0153,8.596],[-13.0128,8.5959],[-13.0093,8.5957],[-13.0067,8.5954],[-13.005,8.5956],[-13.0038,8.5967],[-13.0031,8.5982],[-13.0024,8.5992],[-12.9997,8.6005],[-12.9978,8.6013],[-12.996,8.6016],[-12.9944,8.6018],[-12.9914,8.6014],[-12.9888,8.6012],[-12.9867,8.601],[-12.9847,8.6004],[-12.9827,8.5994],[-12.9805,8.599],[-12.9781,8.5977],[-12.9735,8.595],[-12.9711,8.5936],[-12.9696,8.593],[-12.9672,8.5923],[-12.9651,8.5926],[-12.9631,8.5934],[-12.9618,8.5942],[-12.9602,8.5947],[-12.9588,8.5946],[-12.9572,8.5945],[-12.9556,8.5939],[-12.9539,8.5939],[-12.952,8.5941],[-12.9495,8.5935],[-12.9492,8.5935],[-12.9478,8.5933],[-12.9472,8.5932],[-12.9468,8.5906],[-12.9466,8.5882],[-12.947,8.5881],[-12.9534,8.5854],[-12.9562,8.5843],[-12.9568,8.5841],[-12.9605,8.5807],[-12.9595,8.578],[-12.9574,8.577],[-12.9555,8.576],[-12.9541,8.5753],[-12.95,8.574],[-12.947,8.5716],[-12.9409,8.5652],[-12.9359,8.5612],[-12.9328,8.5584],[-12.9325,8.5581],[-12.9265,8.5551],[-12.9196,8.5536],[-12.9174,8.5531],[-12.9164,8.5533],[-12.9149,8.5495],[-12.9131,8.5466],[-12.915,8.5465],[-12.9163,8.5466],[-12.9176,8.5461],[-12.9194,8.5454],[-12.9213,8.5442],[-12.9217,8.5426],[-12.9231,8.5411],[-12.9271,8.5379],[-12.9267,8.5368],[-12.9279,8.5365],[-12.9299,8.5352],[-12.9318,8.5345],[-12.9321,8.535],[-12.9351,8.5338],[-12.9387,8.5325],[-12.9391,8.5318],[-12.94,8.5311],[-12.9408,8.5303],[-12.942,8.5304],[-12.943,8.5301],[-12.9441,8.5294],[-12.9447,8.5287],[-12.9434,8.5276],[-12.9418,8.5266],[-12.9409,8.526],[-12.9401,8.5241],[-12.9399,8.5229],[-12.9408,8.522],[-12.9425,8.5222],[-12.9423,8.5226],[-12.9414,8.5234],[-12.9414,8.5242],[-12.9427,8.5262],[-12.9443,8.5263],[-12.9474,8.5269],[-12.9501,8.5277],[-12.9518,8.528],[-12.9524,8.5287],[-12.9522,8.5304],[-12.9537,8.5311],[-12.9552,8.5323],[-12.9565,8.5326],[-12.9583,8.5314],[-12.9596,8.5305],[-12.961,8.5307],[-12.9619,8.5312],[-12.9634,8.5323],[-12.9639,8.5304],[-12.9643,8.5311],[-12.9641,8.5332],[-12.9651,8.5341],[-12.9668,8.5355],[-12.9678,8.5368],[-12.9681,8.5389],[-12.9672,8.5395],[-12.9671,8.5408],[-12.9665,8.5421],[-12.9672,8.5425],[-12.9683,8.5435],[-12.9677,8.5448],[-12.9677,8.5458],[-12.9681,8.5465],[-12.9676,8.5478],[-12.9671,8.5485],[-12.9672,8.55],[-12.9677,8.5506],[-12.9677,8.5515],[-12.9678,8.5528],[-12.9679,8.5537],[-12.9691,8.5542],[-12.97,8.5548],[-12.9709,8.5555],[-12.9716,8.5563],[-12.9722,8.5565],[-12.9732,8.5574],[-12.9738,8.5582],[-12.9743,8.5588],[-12.9751,8.5598],[-12.9755,8.5604],[-12.9754,8.5615],[-12.9754,8.5622],[-12.975,8.5629],[-12.975,8.5634],[-12.9754,8.5636],[-12.9759,8.5639],[-12.9767,8.5631],[-12.9772,8.5625],[-12.9773,8.5618],[-12.9775,8.561],[-12.9775,8.5606],[-12.9777,8.5598],[-12.9781,8.5594],[-12.9793,8.5594],[-12.9813,8.5593],[-12.9824,8.5589],[-12.984,8.5588],[-12.9857,8.5586],[-12.9869,8.5586],[-12.9887,8.5591],[-12.9896,8.5596],[-12.9909,8.56],[-12.992,8.5599],[-12.9935,8.5591],[-12.9947,8.5584],[-12.9953,8.5577],[-12.9961,8.5566],[-12.9974,8.5554],[-12.9983,8.5547],[-12.9989,8.5544],[-12.9992,8.5543],[-13.0004,8.5537],[-13.002,8.5533],[-13.0032,8.5533],[-13.0053,8.5538],[-13.0078,8.5553],[-13.0088,8.5554],[-13.0099,8.5553],[-13.0109,8.5549],[-13.0117,8.555],[-13.0134,8.5554],[-13.0141,8.5564],[-13.0151,8.5576],[-13.0158,8.558],[-13.0173,8.559],[-13.0183,8.5597],[-13.0194,8.5607],[-13.0195,8.5617],[-13.0198,8.5623],[-13.0198,8.563],[-13.0197,8.5635],[-13.0197,8.564],[-13.0197,8.5646],[-13.0197,8.5652],[-13.0202,8.5651],[-13.0207,8.5646],[-13.021,8.5646],[-13.0217,8.5649],[-13.0223,8.5647],[-13.0226,8.5639],[-13.0231,8.5632],[-13.0235,8.5625],[-13.024,8.5617],[-13.0246,8.5612],[-13.0252,8.5604],[-13.0252,8.5597],[-13.0257,8.5589],[-13.0264,8.5586],[-13.0266,8.5578],[-13.0267,8.5568],[-13.027,8.556],[-13.0266,8.5555],[-13.0254,8.5555],[-13.0247,8.5553],[-13.025,8.5544],[-13.0254,8.5537],[-13.026,8.5527],[-13.0268,8.5512],[-13.027,8.5498],[-13.028,8.5475],[-13.0286,8.5466],[-13.03,8.5447],[-13.0315,8.5433],[-13.0324,8.5422],[-13.0327,8.5418],[-13.0335,8.5411],[-13.0346,8.5405],[-13.0354,8.5392],[-13.036,8.5393],[-13.0371,8.5392],[-13.038,8.5392],[-13.0391,8.5389],[-13.0399,8.5377],[-13.0405,8.5369],[-13.0404,8.5365],[-13.0415,8.5357],[-13.0418,8.5346],[-13.0418,8.5335],[-13.0411,8.5331],[-13.0394,8.5322],[-13.0383,8.5315],[-13.037,8.5304],[-13.0357,8.5288],[-13.0352,8.5279],[-13.0333,8.5262],[-13.0309,8.525],[-13.0285,8.5235],[-13.0268,8.5218],[-13.0258,8.5212],[-13.0235,8.5189],[-13.0228,8.5176],[-13.0224,8.5161],[-13.023,8.5154],[-13.0235,8.5155],[-13.0243,8.5156],[-13.0262,8.5168],[-13.0273,8.5175],[-13.028,8.5177],[-13.0292,8.5183],[-13.0334,8.5197],[-13.0361,8.5213],[-13.0372,8.5222],[-13.0388,8.5231],[-13.04,8.5237],[-13.0417,8.525],[-13.043,8.5255],[-13.0441,8.5262],[-13.0454,8.527],[-13.0465,8.5274],[-13.0486,8.5278],[-13.0499,8.5276],[-13.0509,8.527],[-13.0516,8.5258],[-13.0525,8.5245],[-13.0534,8.5224],[-13.0544,8.5195],[-13.0546,8.5178],[-13.0549,8.516],[-13.0551,8.5145],[-13.0551,8.514],[-13.0551,8.5133],[-13.0555,8.512],[-13.0556,8.5111],[-13.0565,8.5106],[-13.0564,8.5115],[-13.0563,8.512],[-13.0563,8.5124],[-13.0566,8.5128],[-13.058,8.5122],[-13.0586,8.511],[-13.0588,8.5101],[-13.0599,8.5062],[-13.0606,8.5043],[-13.0609,8.5031],[-13.0614,8.5025],[-13.0619,8.5015],[-13.0627,8.5008],[-13.0636,8.5],[-13.0649,8.4991],[-13.066,8.4985],[-13.0668,8.4985],[-13.0681,8.4984],[-13.0696,8.4982],[-13.0708,8.4987],[-13.0752,8.4979],[-13.0784,8.4959],[-13.0807,8.4911],[-13.0837,8.4867],[-13.0863,8.4872],[-13.0898,8.4876],[-13.0928,8.4849],[-13.0969,8.4851],[-13.0989,8.4863],[-13.1032,8.4872],[-13.1063,8.4857],[-13.1057,8.4832],[-13.1065,8.4801],[-13.108,8.4752],[-13.1082,8.471],[-13.108,8.4686],[-13.1094,8.4667],[-13.1108,8.4658],[-13.1128,8.4678],[-13.1179,8.4646],[-13.1195,8.4611],[-13.1231,8.4595],[-13.1263,8.4579],[-13.127,8.4555],[-13.1294,8.4559],[-13.1318,8.4555],[-13.1334,8.4516],[-13.1347,8.4486],[-13.1334,8.4433],[-13.1321,8.437],[-13.1283,8.4351],[-13.1214,8.4314],[-13.1141,8.4302],[-13.1093,8.4281],[-13.1031,8.4252],[-13.0962,8.4234],[-13.0922,8.4215],[-13.0875,8.4186],[-13.083,8.4189],[-13.0784,8.4211],[-13.076,8.4239],[-13.0748,8.4281],[-13.0748,8.4282],[-13.0728,8.4243],[-13.0724,8.4187],[-13.0701,8.4175],[-13.0677,8.4167],[-13.0674,8.4163],[-13.0657,8.4128],[-13.0716,8.414],[-13.0748,8.414],[-13.0796,8.4136],[-13.0803,8.4112],[-13.0776,8.4064],[-13.0748,8.4021],[-13.0748,8.3966],[-13.0716,8.3926],[-13.0681,8.3918],[-13.0683,8.3855],[-13.0663,8.3823],[-13.0627,8.3811],[-13.0584,8.3783],[-13.0536,8.3783],[-13.0457,8.3772],[-13.0414,8.3764],[-13.0411,8.3757],[-13.0402,8.3732],[-13.0392,8.3724],[-13.0372,8.3706],[-13.037,8.3704],[-13.0369,8.3706],[-13.035,8.3745],[-13.0346,8.3752],[-13.034,8.3747],[-13.0327,8.3736],[-13.0321,8.3734],[-13.0295,8.3724],[-13.0255,8.3736],[-13.0239,8.3772],[-13.0236,8.3831],[-13.0232,8.3832],[-13.0221,8.3834],[-13.0216,8.3835],[-13.0208,8.382],[-13.0188,8.378],[-13.0178,8.378],[-13.016,8.378],[-13.0156,8.3769],[-13.0148,8.3752],[-13.0145,8.3753],[-13.0129,8.3756],[-13.0113,8.374],[-13.0109,8.3735],[-13.0105,8.3729],[-13.0093,8.3712],[-13.0086,8.3704],[-13.0065,8.3681],[-13.0034,8.3661],[-12.9986,8.3673],[-12.9941,8.366],[-12.9931,8.3657],[-12.9875,8.3641],[-12.984,8.3661],[-12.9816,8.3688],[-12.9792,8.3704],[-12.9745,8.3712],[-12.9725,8.3711],[-12.9715,8.371],[-12.9689,8.3708],[-12.9687,8.3708],[-12.9662,8.371],[-12.9634,8.3712],[-12.9552,8.3701],[-12.9547,8.37],[-12.9482,8.3692],[-12.9418,8.3688],[-12.9355,8.3676],[-12.9339,8.3673],[-12.9292,8.3665],[-12.9209,8.3673],[-12.9202,8.3664],[-12.9191,8.365],[-12.9181,8.3637],[-12.9181,8.3578],[-12.9187,8.354],[-12.9189,8.353],[-12.9205,8.3518],[-12.9256,8.351],[-12.926,8.3443],[-12.9262,8.3435],[-12.9276,8.3388],[-12.9264,8.3344],[-12.926,8.3301],[-12.925,8.3291],[-12.9236,8.3278],[-12.9202,8.3247],[-12.9201,8.3245],[-12.9205,8.3225],[-12.9205,8.3224],[-12.9209,8.3206],[-12.9193,8.3162],[-12.9184,8.3135],[-12.9177,8.3111],[-12.9154,8.3077],[-12.9147,8.3065],[-12.9145,8.3063],[-12.9169,8.3028],[-12.9133,8.2988],[-12.9157,8.2937],[-12.9173,8.2933],[-12.9185,8.2889],[-12.9212,8.2842],[-12.9232,8.2818],[-12.926,8.2802],[-12.9276,8.2766],[-12.9269,8.2734],[-12.9268,8.2727],[-12.927,8.2726],[-12.9296,8.2719],[-12.9307,8.2699],[-12.9326,8.2695],[-12.9326,8.2695],[-12.9327,8.2695],[-12.9363,8.2679],[-12.9327,8.266],[-12.9344,8.2626],[-12.9346,8.2622],[-12.9347,8.262],[-12.9327,8.2588],[-12.9288,8.2588],[-12.9244,8.2604],[-12.9181,8.262],[-12.9125,8.2628],[-12.9141,8.2671],[-12.9137,8.2715],[-12.9086,8.2743],[-12.9085,8.2743],[-12.9042,8.277],[-12.9011,8.2747],[-12.8979,8.2727],[-12.892,8.2762],[-12.8887,8.2771],[-12.8876,8.2774],[-12.8833,8.2798],[-12.8852,8.2829],[-12.886,8.2842],[-12.89,8.2853],[-12.8924,8.2861],[-12.8928,8.2893],[-12.8868,8.2944],[-12.8848,8.2976],[-12.8852,8.3028],[-12.884,8.3075],[-12.8833,8.3115],[-12.8826,8.3112],[-12.8777,8.3095],[-12.8765,8.3055],[-12.8734,8.3024],[-12.869,8.3032],[-12.8651,8.3059],[-12.8626,8.3087],[-12.8619,8.3095],[-12.8629,8.3119],[-12.8664,8.3146],[-12.8684,8.3178],[-12.8692,8.3206],[-12.868,8.3257],[-12.8656,8.3293],[-12.8637,8.3328],[-12.8581,8.3316],[-12.8526,8.332],[-12.8486,8.334],[-12.8481,8.3371],[-12.8478,8.3388],[-12.8498,8.3419],[-12.8522,8.3431],[-12.8534,8.3455],[-12.8555,8.3479],[-12.8561,8.3487],[-12.8546,8.3522],[-12.851,8.3518],[-12.8463,8.3518],[-12.8431,8.355],[-12.8428,8.3551],[-12.8395,8.3566],[-12.8392,8.357],[-12.8375,8.359],[-12.8399,8.3629],[-12.8411,8.3665],[-12.8415,8.37],[-12.8403,8.3728],[-12.8372,8.374],[-12.8312,8.3732],[-12.8261,8.374],[-12.8249,8.3776],[-12.8261,8.3795],[-12.8277,8.3831],[-12.8269,8.3886],[-12.8288,8.3922],[-12.8296,8.3942],[-12.8296,8.3972],[-12.8296,8.3973],[-12.8241,8.395],[-12.8201,8.3954],[-12.8158,8.3977],[-12.8118,8.3958],[-12.8113,8.3942],[-12.8102,8.391],[-12.8094,8.3882],[-12.8059,8.3882],[-12.8026,8.3891],[-12.8011,8.3894],[-12.7968,8.391],[-12.7932,8.3914],[-12.7905,8.3918],[-12.7901,8.3871],[-12.7877,8.3863],[-12.7833,8.3875],[-12.7813,8.3819],[-12.7806,8.3795],[-12.7797,8.3794],[-12.7746,8.3787],[-12.7726,8.3748],[-12.7707,8.372],[-12.7651,8.3732],[-12.7651,8.3688],[-12.7624,8.3653],[-12.7608,8.3586],[-12.7571,8.3575],[-12.7568,8.3574],[-12.7536,8.3566],[-12.7533,8.3522],[-12.7477,8.3554],[-12.7457,8.3514],[-12.7432,8.3495],[-12.7418,8.3508],[-12.7404,8.3522],[-12.736,8.3487],[-12.7313,8.3502],[-12.7297,8.3467],[-12.7273,8.3499],[-12.7234,8.351],[-12.7186,8.3538],[-12.7214,8.3574],[-12.7225,8.3589],[-12.7226,8.359],[-12.7194,8.3617],[-12.7186,8.3645],[-12.7202,8.3677],[-12.7186,8.3692],[-12.7181,8.3689],[-12.7143,8.3657],[-12.7087,8.3637],[-12.704,8.3641],[-12.6996,8.3641],[-12.6968,8.3645],[-12.6937,8.3649],[-12.6885,8.3673],[-12.6834,8.3688],[-12.679,8.3712],[-12.6775,8.3661],[-12.6751,8.3645],[-12.6731,8.3677],[-12.6731,8.37],[-12.6695,8.372],[-12.6695,8.3756],[-12.664,8.376],[-12.6601,8.3764],[-12.6585,8.372],[-12.6557,8.3748],[-12.6533,8.3748],[-12.6517,8.3708],[-12.6502,8.3685],[-12.6477,8.3675],[-12.6467,8.3676],[-12.6453,8.3676],[-12.6414,8.3701],[-12.6401,8.3707],[-12.6389,8.3706],[-12.6368,8.3706],[-12.6352,8.3717],[-12.6344,8.3735],[-12.6334,8.3751],[-12.6326,8.3785],[-12.6321,8.3818],[-12.632,8.383],[-12.6323,8.3853],[-12.6327,8.3879],[-12.6326,8.3894],[-12.6325,8.3931],[-12.6317,8.3962],[-12.6311,8.3994],[-12.6312,8.4003],[-12.6314,8.4028],[-12.6299,8.4077],[-12.6285,8.4106],[-12.627,8.4127],[-12.6252,8.4158],[-12.6247,8.4167],[-12.6246,8.4169],[-12.6223,8.42],[-12.6186,8.4244],[-12.6179,8.427],[-12.6173,8.4299],[-12.6169,8.4338],[-12.6168,8.4343],[-12.6165,8.4391],[-12.6165,8.4416],[-12.6159,8.443],[-12.615,8.4453],[-12.6136,8.4489],[-12.6124,8.4529],[-12.6118,8.4581],[-12.6115,8.4634],[-12.6112,8.4683],[-12.611,8.4699],[-12.6109,8.4707],[-12.6107,8.4719],[-12.6094,8.475],[-12.6083,8.4782],[-12.6067,8.4847],[-12.6054,8.4887],[-12.6044,8.4925],[-12.6043,8.4927],[-12.6017,8.4966],[-12.6015,8.497],[-12.6009,8.4961],[-12.5984,8.4926],[-12.5955,8.4905],[-12.5932,8.4897],[-12.5913,8.4882],[-12.5893,8.4891],[-12.5893,8.489],[-12.5861,8.4857],[-12.5841,8.4837],[-12.5822,8.4819],[-12.5809,8.478],[-12.5807,8.4751],[-12.5796,8.4722],[-12.5797,8.4693],[-12.5798,8.4683],[-12.5775,8.4662],[-12.5774,8.4661],[-12.5757,8.4647],[-12.5704,8.4644],[-12.5695,8.461],[-12.5691,8.4594],[-12.5684,8.457],[-12.5664,8.4527],[-12.5662,8.4501],[-12.5661,8.4487],[-12.5654,8.445],[-12.5627,8.444],[-12.5623,8.4438],[-12.5615,8.4433],[-12.5609,8.4409],[-12.5599,8.4399],[-12.5576,8.4396],[-12.5546,8.4398],[-12.5533,8.4378],[-12.5512,8.4357],[-12.5489,8.4341],[-12.5463,8.4326],[-12.5456,8.4322],[-12.5443,8.4336],[-12.5417,8.4336],[-12.5385,8.4388],[-12.5379,8.4417],[-12.5364,8.4446],[-12.5355,8.4474],[-12.5353,8.4482],[-12.5353,8.4503],[-12.5351,8.4531],[-12.5323,8.454],[-12.5289,8.4539],[-12.5234,8.4549],[-12.5231,8.455],[-12.5218,8.4554],[-12.5216,8.4555],[-12.5157,8.4565],[-12.5102,8.4576],[-12.5069,8.4587],[-12.5062,8.4589],[-12.5029,8.4605],[-12.5028,8.4606],[-12.4998,8.4613],[-12.4969,8.463],[-12.4921,8.4656],[-12.487,8.4685],[-12.4852,8.4694],[-12.484,8.4701],[-12.4807,8.4716],[-12.4772,8.4732],[-12.4744,8.4753],[-12.4737,8.4756],[-12.4652,8.4793],[-12.4637,8.4799],[-12.462,8.4805],[-12.4584,8.4824],[-12.4542,8.4835],[-12.4515,8.4853],[-12.4488,8.4875],[-12.4482,8.4879],[-12.4459,8.4895],[-12.4458,8.4895],[-12.4416,8.4903],[-12.4416,8.4904],[-12.4367,8.4902],[-12.4355,8.4901],[-12.4318,8.4897],[-12.4241,8.4895],[-12.4178,8.49],[-12.4123,8.4908],[-12.4114,8.4914],[-12.4096,8.4925],[-12.4084,8.4928],[-12.4014,8.4947],[-12.3967,8.496],[-12.3949,8.4965],[-12.3925,8.497],[-12.389,8.4993],[-12.3843,8.5011],[-12.3809,8.5025],[-12.3773,8.5042],[-12.3743,8.5056],[-12.3707,8.509],[-12.368,8.5122],[-12.3646,8.5156],[-12.3639,8.5162],[-12.3586,8.5205],[-12.3557,8.5244],[-12.3514,8.5282],[-12.3513,8.5283],[-12.3483,8.5309],[-12.3436,8.5353],[-12.341,8.538],[-12.3384,8.5401],[-12.3356,8.5429],[-12.3346,8.5435],[-12.3334,8.5442],[-12.3301,8.544],[-12.3283,8.5437],[-12.3269,8.5427],[-12.3253,8.5411],[-12.3227,8.5411],[-12.3219,8.544],[-12.3204,8.5461],[-12.3198,8.5471],[-12.317,8.5484],[-12.3138,8.5502],[-12.3097,8.5529],[-12.3072,8.5537],[-12.3048,8.5557],[-12.3018,8.5555],[-12.2997,8.5573],[-12.2971,8.5612],[-12.296,8.5651],[-12.2955,8.5675],[-12.2941,8.5691],[-12.2945,8.5711],[-12.2924,8.5714],[-12.2907,8.5725],[-12.2901,8.574],[-12.2901,8.5742],[-12.2903,8.5745],[-12.2915,8.5761],[-12.2936,8.5782],[-12.2954,8.5802],[-12.2976,8.5832],[-12.2996,8.5855],[-12.2997,8.5857],[-12.301,8.5881],[-12.3052,8.5897],[-12.3058,8.5901],[-12.3076,8.5913],[-12.3103,8.5928],[-12.3128,8.5947],[-12.315,8.5957],[-12.3176,8.5964],[-12.3184,8.597],[-12.3193,8.5977],[-12.3212,8.6003],[-12.3232,8.6042],[-12.3253,8.6064],[-12.3262,8.6099],[-12.3264,8.6105],[-12.3267,8.6124],[-12.3269,8.6139],[-12.3273,8.6163],[-12.3276,8.6175],[-12.3278,8.6186],[-12.3281,8.6226],[-12.3275,8.6259],[-12.3273,8.6288],[-12.327,8.6311],[-12.3283,8.6327],[-12.3302,8.6333],[-12.3334,8.633],[-12.3365,8.6325],[-12.339,8.6319],[-12.3419,8.6311],[-12.3443,8.6302],[-12.3451,8.6302],[-12.3471,8.6299],[-12.3493,8.6311],[-12.3516,8.6325],[-12.354,8.6353],[-12.3568,8.6367],[-12.3581,8.6375],[-12.36,8.6384],[-12.362,8.6386],[-12.3623,8.6387],[-12.3651,8.6395],[-12.3674,8.6397],[-12.3685,8.6398],[-12.3711,8.6397],[-12.3735,8.6406],[-12.3749,8.6414],[-12.3769,8.6424],[-12.3782,8.6431],[-12.3805,8.6448],[-12.384,8.6463],[-12.3873,8.6463],[-12.39,8.6474],[-12.3926,8.6499],[-12.3944,8.6519],[-12.3946,8.6521],[-12.3962,8.6552],[-12.397,8.6583],[-12.3983,8.661],[-12.4011,8.6682],[-12.3958,8.6692],[-12.3924,8.6685],[-12.3899,8.6682],[-12.3898,8.6682],[-12.3883,8.6701],[-12.3885,8.6735],[-12.3901,8.6768],[-12.3914,8.6803],[-12.389,8.6837],[-12.3885,8.6844],[-12.3852,8.6881],[-12.3836,8.6927],[-12.3843,8.6969],[-12.3851,8.7006],[-12.3818,8.704],[-12.3783,8.7072],[-12.3782,8.7071],[-12.377,8.7056],[-12.3771,8.7011],[-12.3747,8.6982],[-12.3718,8.6957],[-12.3674,8.6933],[-12.3658,8.6931],[-12.3646,8.693],[-12.3638,8.6928],[-12.3601,8.694],[-12.3561,8.6957],[-12.3555,8.6958],[-12.3535,8.6961],[-12.3515,8.697],[-12.3496,8.6985],[-12.3454,8.7016],[-12.3432,8.7034],[-12.3394,8.7061],[-12.3365,8.7082],[-12.3345,8.7102],[-12.3343,8.7105],[-12.3343,8.7134],[-12.3344,8.7154],[-12.3347,8.7175],[-12.3341,8.7194],[-12.3323,8.7194],[-12.3297,8.7157],[-12.3276,8.7131],[-12.3253,8.7102],[-12.3219,8.7079],[-12.3192,8.7071],[-12.3163,8.7097],[-12.3148,8.7126],[-12.3138,8.7162],[-12.3151,8.7176],[-12.3177,8.7183],[-12.3213,8.7199],[-12.3234,8.7214],[-12.3242,8.7238],[-12.3226,8.7266],[-12.3215,8.7285],[-12.3205,8.7301],[-12.3209,8.7299],[-12.324,8.7327],[-12.3267,8.7323],[-12.3308,8.7323],[-12.3336,8.7334],[-12.3366,8.7354],[-12.3407,8.7398],[-12.3411,8.7402],[-12.3474,8.7484],[-12.354,8.7543],[-12.3542,8.7545],[-12.3611,8.7593],[-12.3647,8.7624],[-12.3672,8.7645],[-12.3693,8.7701],[-12.371,8.7747],[-12.3712,8.777],[-12.372,8.7839],[-12.3703,8.7908],[-12.3657,8.7925],[-12.3617,8.7957],[-12.3582,8.7986],[-12.3548,8.7983],[-12.3483,8.7952],[-12.3444,8.7935],[-12.3428,8.7928],[-12.3373,8.7932],[-12.3363,8.7942],[-12.3329,8.7976],[-12.3264,8.801],[-12.323,8.8092],[-12.3192,8.8154],[-12.3172,8.8246],[-12.3177,8.8266],[-12.3199,8.8355],[-12.3241,8.84],[-12.3243,8.8403],[-12.3246,8.8408],[-12.3264,8.8448],[-12.3286,8.8494],[-12.3295,8.8512],[-12.3299,8.8521],[-12.3319,8.8564],[-12.3342,8.8587],[-12.3343,8.8588],[-12.3358,8.8603],[-12.3384,8.8629],[-12.3414,8.8659],[-12.3414,8.866],[-12.3414,8.8686],[-12.3414,8.8707],[-12.3424,8.8732],[-12.3428,8.8741],[-12.3428,8.8751],[-12.3431,8.8813],[-12.3432,8.8815],[-12.3436,8.8847],[-12.3442,8.8888],[-12.3484,8.894],[-12.3497,8.8957],[-12.3519,8.8987],[-12.3536,8.9024],[-12.3546,8.9045],[-12.3562,8.9052],[-12.3587,8.9063],[-12.3631,8.9076],[-12.3709,8.9081],[-12.3742,8.9076],[-12.3743,8.9075],[-12.3769,8.9065],[-12.381,8.9054],[-12.3849,8.9026],[-12.3851,8.9026],[-12.3873,8.9024],[-12.3917,8.9054],[-12.3936,8.9065],[-12.3936,8.9117],[-12.3942,8.9149],[-12.3963,8.9169],[-12.3974,8.9196],[-12.3988,8.9226],[-12.3993,8.9272],[-12.4004,8.9272],[-12.4043,8.9272],[-12.407,8.9261],[-12.4092,8.9292],[-12.4095,8.9298],[-12.41,8.9311],[-12.4116,8.9327],[-12.4136,8.9338],[-12.4155,8.9338],[-12.4177,8.9322],[-12.4196,8.9316],[-12.4215,8.9308],[-12.4239,8.9308],[-12.4261,8.9308],[-12.4286,8.9308],[-12.4302,8.933],[-12.4313,8.9346],[-12.4327,8.9365],[-12.4349,8.9371],[-12.4354,8.9362],[-12.4373,8.9324],[-12.4387,8.9286],[-12.4403,8.9248],[-12.4416,8.9224],[-12.4431,8.9199],[-12.445,8.9166],[-12.4472,8.9144],[-12.4496,8.9128],[-12.4516,8.9128],[-12.4526,8.9144],[-12.4551,8.9174],[-12.4573,8.9169],[-12.4592,8.9169],[-12.4609,8.919],[-12.4628,8.9207],[-12.4655,8.9223],[-12.4674,8.9242],[-12.4693,8.927],[-12.4688,8.9302],[-12.4692,8.933],[-12.4693,8.9341],[-12.4695,8.9347],[-12.4701,8.9365],[-12.4723,8.9379],[-12.4762,8.9406],[-12.479,8.9411],[-12.4792,8.9412],[-12.4833,8.9431],[-12.4854,8.944],[-12.4871,8.9447],[-12.489,8.945],[-12.492,8.948],[-12.4942,8.9502],[-12.4967,8.9532],[-12.4969,8.9573],[-12.4975,8.9611],[-12.4986,8.9677],[-12.4986,8.9677],[-12.4986,8.9689],[-12.4986,8.9721],[-12.4999,8.9773],[-12.4988,8.9819],[-12.5001,8.9853],[-12.5012,8.9882],[-12.5023,8.9907],[-12.5031,8.9939],[-12.5031,8.9947],[-12.5031,8.998],[-12.5047,9.0043],[-12.5053,9.0087],[-12.5066,9.012],[-12.5085,9.0155],[-12.5085,9.0183],[-12.5107,9.0224],[-12.5121,9.0251],[-12.5154,9.0254],[-12.5189,9.0224],[-12.5214,9.0202],[-12.5244,9.0174],[-12.526,9.0166],[-12.5291,9.015],[-12.531,9.0128],[-12.5332,9.0098],[-12.5351,9.0079],[-12.537,9.0054],[-12.5381,9.0021],[-12.5397,8.9997],[-12.5415,8.9997],[-12.5427,8.9997],[-12.5446,9.0002],[-12.546,9.0046],[-12.5468,9.0068],[-12.5474,9.0103],[-12.5465,9.0169],[-12.546,9.0207],[-12.5455,9.0254],[-12.5465,9.0257],[-12.5479,9.0262],[-12.5515,9.0245],[-12.5553,9.024],[-12.5564,9.0233],[-12.5586,9.0218],[-12.5627,9.0213],[-12.5662,9.0199],[-12.5664,9.0199],[-12.5701,9.0194],[-12.5736,9.0191],[-12.5772,9.0188],[-12.5807,9.0185],[-12.5856,9.0194],[-12.5895,9.0215],[-12.5899,9.022],[-12.5911,9.0232],[-12.5896,9.0257],[-12.5892,9.0265],[-12.5862,9.0289],[-12.5832,9.0344],[-12.5826,9.0385],[-12.5791,9.0418],[-12.5763,9.0445],[-12.5758,9.0454],[-12.5739,9.0486],[-12.5733,9.0524],[-12.5722,9.0552],[-12.567,9.056],[-12.5624,9.0593],[-12.5612,9.0621],[-12.5603,9.0642],[-12.5604,9.0655],[-12.5606,9.0683],[-12.5598,9.0707],[-12.5593,9.0743],[-12.5617,9.0738],[-12.5636,9.0738],[-12.5647,9.0754],[-12.5634,9.0784],[-12.5603,9.08],[-12.5588,9.08],[-12.5576,9.08],[-12.5549,9.0833],[-12.5521,9.0844],[-12.5513,9.0871],[-12.5497,9.0899],[-12.5472,9.091],[-12.5434,9.0912],[-12.5407,9.0893],[-12.5388,9.088],[-12.5374,9.0858],[-12.5382,9.0839],[-12.5409,9.082],[-12.545,9.08],[-12.548,9.0765],[-12.5478,9.0743],[-12.5448,9.0702],[-12.5401,9.0691],[-12.5368,9.071],[-12.5338,9.0746],[-12.5306,9.0765],[-12.5273,9.0784],[-12.5245,9.0803],[-12.5226,9.082],[-12.5226,9.0861],[-12.5215,9.0888],[-12.5185,9.091],[-12.5144,9.0893],[-12.5106,9.0855],[-12.5068,9.0809],[-12.5049,9.0773],[-12.5024,9.0748],[-12.4997,9.0792],[-12.4958,9.0787],[-12.4909,9.0792],[-12.4893,9.0814],[-12.4901,9.0844],[-12.4926,9.0874],[-12.4901,9.0912],[-12.4876,9.0956],[-12.4901,9.1003],[-12.4958,9.1052],[-12.4991,9.1087],[-12.5017,9.1087],[-12.5034,9.1098],[-12.5028,9.112],[-12.5027,9.1122],[-12.4987,9.1175],[-12.4965,9.1194],[-12.4921,9.1227],[-12.4883,9.1257],[-12.4834,9.1292],[-12.4793,9.1325],[-12.4763,9.1363],[-12.473,9.1333],[-12.4706,9.1292],[-12.4662,9.1246],[-12.464,9.121],[-12.4659,9.1172],[-12.4697,9.1142],[-12.4733,9.1123],[-12.4749,9.1112],[-12.4749,9.1076],[-12.4716,9.1022],[-12.468,9.1019],[-12.4675,9.1019],[-12.4648,9.1055],[-12.4607,9.1074],[-12.4585,9.1068],[-12.4583,9.1093],[-12.4566,9.112],[-12.4533,9.1142],[-12.4503,9.1158],[-12.4501,9.118],[-12.4498,9.1208],[-12.4498,9.124],[-12.4506,9.1265],[-12.4517,9.1287],[-12.4525,9.1312],[-12.4522,9.1339],[-12.4511,9.138],[-12.4473,9.1388],[-12.4429,9.1426],[-12.4416,9.1465],[-12.4413,9.1497],[-12.4405,9.1522],[-12.4394,9.1544],[-12.4356,9.1569],[-12.4334,9.159],[-12.4306,9.1629],[-12.4282,9.1653],[-12.4255,9.1692],[-12.4254,9.1692],[-12.4219,9.1711],[-12.4208,9.1721],[-12.4183,9.1743],[-12.4148,9.1771],[-12.4088,9.182],[-12.4092,9.1825],[-12.4115,9.185],[-12.4137,9.1861],[-12.4164,9.1894],[-12.417,9.1927],[-12.4164,9.1968],[-12.4151,9.202],[-12.4126,9.2088],[-12.4118,9.2134],[-12.4099,9.2178],[-12.4069,9.2214],[-12.4043,9.2235],[-12.403,9.2246],[-12.4007,9.2271],[-12.3988,9.2312],[-12.4002,9.2367],[-12.4013,9.2402],[-12.4018,9.2435],[-12.401,9.2471],[-12.4013,9.2517],[-12.4024,9.2536],[-12.4034,9.2555],[-12.4067,9.2594],[-12.4106,9.2632],[-12.4136,9.2662],[-12.4171,9.2681],[-12.4223,9.2695],[-12.4256,9.2667],[-12.4286,9.2651],[-12.4316,9.2637],[-12.4381,9.2592]]]]}},{"type":"Feature","properties":{"districtId":"bonthe","name":"Bonthe"},"geometry":{"type":"MultiPolygon","coordinates":[[[[-12.5626,7.3763],[-12.5625,7.3764],[-12.5625,7.3766],[-12.5623,7.3767],[-12.5621,7.3768],[-12.562,7.3769],[-12.5618,7.3771],[-12.5616,7.3772],[-12.5614,7.3773],[-12.5613,7.3775],[-12.5612,7.3776],[-12.561,7.3777],[-12.5609,7.3777],[-12.5609,7.3779],[-12.5611,7.3781],[-12.5611,7.3782],[-12.5611,7.3784],[-12.5613,7.3786],[-12.5614,7.3787],[-12.5615,7.3788],[-12.5617,7.379],[-12.5617,7.3792],[-12.562,7.3793],[-12.5622,7.3791],[-12.5622,7.3788],[-12.5621,7.3786],[-12.562,7.3784],[-12.562,7.3782],[-12.562,7.378],[-12.5623,7.3776],[-12.5626,7.3774],[-12.5629,7.377],[-12.5629,7.3766],[-12.5629,7.3763],[-12.5627,7.3763],[-12.5626,7.3763]]],[[[-12.5686,7.4001],[-12.5689,7.4005],[-12.5692,7.4003],[-12.5694,7.3996],[-12.5699,7.4003],[-12.5701,7.4004],[-12.5703,7.4002],[-12.5702,7.3996],[-12.5701,7.3991],[-12.5701,7.3982],[-12.5701,7.3978],[-12.5701,7.3967],[-12.5699,7.3954],[-12.5701,7.3953],[-12.5704,7.3951],[-12.5708,7.3942],[-12.5707,7.3936],[-12.5707,7.3932],[-12.5705,7.3932],[-12.5705,7.3929],[-12.5702,7.3927],[-12.5696,7.3927],[-12.5693,7.3926],[-12.5688,7.3921],[-12.5684,7.3917],[-12.568,7.392],[-12.5681,7.3924],[-12.5687,7.3927],[-12.5689,7.3934],[-12.5687,7.3939],[-12.5688,7.3944],[-12.5691,7.3952],[-12.5692,7.3959],[-12.5686,7.3969],[-12.5686,7.3973],[-12.5686,7.3984],[-12.5685,7.3994],[-12.5686,7.4001]]],[[[-12.5698,7.4009],[-12.5695,7.4017],[-12.5702,7.4036],[-12.5709,7.4051],[-12.5717,7.4067],[-12.5729,7.4076],[-12.5733,7.4086],[-12.5735,7.4091],[-12.5724,7.4101],[-12.5719,7.4113],[-12.5729,7.4114],[-12.5745,7.4101],[-12.5745,7.4086],[-12.5745,7.4071],[-12.573,7.4056],[-12.5721,7.4034],[-12.5709,7.4009],[-12.5698,7.4009]]],[[[-12.5672,7.4204],[-12.5685,7.4186],[-12.5696,7.417],[-12.5699,7.4157],[-12.5696,7.4148],[-12.5689,7.4155],[-12.5679,7.4168],[-12.567,7.4178],[-12.567,7.4187],[-12.5661,7.4193],[-12.5652,7.42],[-12.5657,7.42],[-12.5664,7.4198],[-12.5672,7.4204]]],[[[-12.4408,7.4105],[-12.4346,7.4116],[-12.4325,7.4129],[-12.4303,7.4143],[-12.4273,7.4162],[-12.4264,7.4189],[-12.4304,7.42],[-12.4335,7.421],[-12.4383,7.4188],[-12.4431,7.4184],[-12.4481,7.4165],[-12.4495,7.4151],[-12.4483,7.4134],[-12.4479,7.4104],[-12.4408,7.4105]]],[[[-12.5008,7.4288],[-12.5003,7.4305],[-12.5004,7.4314],[-12.5009,7.4327],[-12.5019,7.4339],[-12.5024,7.4347],[-12.5031,7.4346],[-12.5043,7.4336],[-12.5045,7.4319],[-12.5039,7.4303],[-12.5028,7.4287],[-12.5021,7.4276],[-12.5015,7.4274],[-12.5008,7.4288]]],[[[-12.4814,7.4308],[-12.4802,7.4318],[-12.4794,7.4327],[-12.4791,7.4342],[-12.48,7.4359],[-12.4812,7.4368],[-12.4822,7.4359],[-12.4827,7.435],[-12.4829,7.4341],[-12.4835,7.4333],[-12.4838,7.4323],[-12.4827,7.4308],[-12.4814,7.4308]]],[[[-12.4829,7.4413],[-12.4829,7.4424],[-12.4836,7.4435],[-12.4852,7.4441],[-12.4877,7.4448],[-12.489,7.4447],[-12.4884,7.4438],[-12.4875,7.4429],[-12.4864,7.4419],[-12.4851,7.441],[-12.4833,7.4403],[-12.4829,7.4413]]],[[[-12.4847,7.4317],[-12.4841,7.4335],[-12.4833,7.4352],[-12.4824,7.4371],[-12.4824,7.4379],[-12.4839,7.4383],[-12.4858,7.4398],[-12.4885,7.4418],[-12.4906,7.4441],[-12.4918,7.4459],[-12.4928,7.448],[-12.4942,7.4457],[-12.4958,7.4426],[-12.4958,7.4416],[-12.4945,7.4402],[-12.4919,7.4363],[-12.49,7.4339],[-12.4894,7.4318],[-12.4874,7.4306],[-12.4853,7.4306],[-12.4847,7.4317]]],[[[-12.4964,7.4473],[-12.4955,7.4491],[-12.4948,7.4519],[-12.4945,7.4532],[-12.4947,7.4536],[-12.4957,7.4532],[-12.4973,7.4524],[-12.4985,7.4505],[-12.4993,7.4484],[-12.4992,7.4465],[-12.4975,7.4462],[-12.4964,7.4473]]],[[[-12.5191,7.4537],[-12.5191,7.4544],[-12.5194,7.4548],[-12.5201,7.4546],[-12.5206,7.4536],[-12.52,7.4531],[-12.5191,7.4537]]],[[[-12.4973,7.4691],[-12.4978,7.4691],[-12.4983,7.469],[-12.4992,7.4691],[-12.5003,7.4686],[-12.5011,7.4681],[-12.5015,7.4676],[-12.5015,7.467],[-12.501,7.4666],[-12.5008,7.4657],[-12.5005,7.4653],[-12.4999,7.4652],[-12.4996,7.4657],[-12.499,7.466],[-12.4982,7.4668],[-12.4982,7.4671],[-12.4976,7.468],[-12.497,7.4688],[-12.4973,7.4691]]],[[[-12.5093,7.4695],[-12.51,7.47],[-12.5107,7.4701],[-12.5115,7.4699],[-12.5122,7.4693],[-12.5125,7.4692],[-12.513,7.4699],[-12.5143,7.47],[-12.5151,7.47],[-12.5154,7.4697],[-12.5156,7.4685],[-12.5157,7.4678],[-12.5162,7.4676],[-12.5163,7.4669],[-12.5164,7.4663],[-12.5163,7.4656],[-12.5156,7.4648],[-12.5148,7.4646],[-12.5142,7.4646],[-12.5134,7.4649],[-12.5124,7.4657],[-12.5119,7.4664],[-12.5107,7.4667],[-12.5097,7.4674],[-12.5093,7.468],[-12.5089,7.4688],[-12.5093,7.4695]]],[[[-12.4727,7.5133],[-12.4723,7.5146],[-12.4721,7.5152],[-12.4723,7.5181],[-12.4734,7.5206],[-12.4744,7.5227],[-12.4749,7.523],[-12.4754,7.5233],[-12.4762,7.5208],[-12.4767,7.5194],[-12.4768,7.5167],[-12.4769,7.515],[-12.4777,7.5139],[-12.4774,7.5125],[-12.4764,7.5125],[-12.4749,7.5132],[-12.4734,7.513],[-12.4727,7.5133]]],[[[-12.4833,7.5211],[-12.4832,7.5212],[-12.4829,7.5228],[-12.4834,7.5243],[-12.4837,7.5256],[-12.4843,7.5275],[-12.486,7.5293],[-12.4871,7.5312],[-12.4878,7.5329],[-12.4883,7.5344],[-12.4891,7.5354],[-12.4892,7.5355],[-12.4901,7.5345],[-12.491,7.5324],[-12.4919,7.531],[-12.4923,7.5294],[-12.4904,7.5274],[-12.4885,7.5259],[-12.4866,7.5241],[-12.4857,7.5223],[-12.4847,7.5212],[-12.4843,7.5211],[-12.4838,7.5209],[-12.4836,7.5208],[-12.4833,7.5211]]],[[[-12.4952,7.532],[-12.4947,7.5328],[-12.4946,7.5338],[-12.4934,7.5355],[-12.4924,7.5362],[-12.4919,7.5376],[-12.4919,7.5395],[-12.4923,7.5419],[-12.4927,7.542],[-12.4941,7.5421],[-12.4969,7.5419],[-12.4972,7.5406],[-12.4971,7.5398],[-12.4975,7.5383],[-12.4977,7.5367],[-12.4976,7.5355],[-12.4976,7.5333],[-12.4972,7.5322],[-12.4965,7.5319],[-12.4953,7.5318],[-12.4952,7.532]]],[[[-12.4677,7.5215],[-12.4676,7.5217],[-12.467,7.5224],[-12.467,7.5238],[-12.4666,7.5251],[-12.4651,7.5261],[-12.4648,7.5263],[-12.4627,7.5272],[-12.4613,7.5277],[-12.4609,7.5287],[-12.4612,7.5301],[-12.4611,7.5333],[-12.4606,7.5336],[-12.4605,7.5336],[-12.4601,7.5339],[-12.4591,7.5347],[-12.4591,7.5363],[-12.4588,7.5377],[-12.4594,7.5393],[-12.4594,7.5402],[-12.4594,7.5407],[-12.4599,7.541],[-12.4622,7.5424],[-12.4638,7.5431],[-12.4659,7.5436],[-12.4667,7.5438],[-12.468,7.5443],[-12.469,7.5447],[-12.4704,7.5443],[-12.4709,7.5434],[-12.4731,7.5424],[-12.4774,7.5399],[-12.4777,7.5383],[-12.477,7.5361],[-12.4765,7.5339],[-12.4755,7.5312],[-12.4745,7.5294],[-12.4737,7.5278],[-12.4727,7.5256],[-12.4708,7.5232],[-12.4691,7.5215],[-12.4677,7.5215]]],[[[-12.4938,7.5425],[-12.4934,7.5425],[-12.493,7.5434],[-12.4928,7.5442],[-12.4925,7.5451],[-12.4925,7.5458],[-12.4928,7.5471],[-12.4934,7.5474],[-12.4937,7.5476],[-12.4947,7.5469],[-12.4961,7.5458],[-12.4966,7.5452],[-12.4964,7.5443],[-12.4954,7.5437],[-12.4944,7.5425],[-12.4938,7.5425]]],[[[-12.4727,7.5457],[-12.4727,7.5457],[-12.474,7.5466],[-12.4742,7.5468],[-12.4752,7.5473],[-12.4779,7.549],[-12.4785,7.5493],[-12.4805,7.5505],[-12.4811,7.5506],[-12.4819,7.5509],[-12.4827,7.5511],[-12.4832,7.5501],[-12.4832,7.5495],[-12.4832,7.5479],[-12.4823,7.5464],[-12.482,7.5455],[-12.4818,7.5439],[-12.4807,7.5429],[-12.48,7.5427],[-12.4793,7.5424],[-12.4787,7.5433],[-12.4775,7.5444],[-12.4769,7.5445],[-12.4762,7.5445],[-12.476,7.5445],[-12.4743,7.5448],[-12.4731,7.5445],[-12.4727,7.5457]]],[[[-12.972,7.5637],[-12.9725,7.5642],[-12.973,7.5636],[-12.9734,7.5637],[-12.974,7.5638],[-12.9736,7.563],[-12.9738,7.5627],[-12.9739,7.5622],[-12.9738,7.5618],[-12.9734,7.5614],[-12.973,7.5614],[-12.9727,7.5617],[-12.9724,7.5623],[-12.9723,7.5625],[-12.9721,7.563],[-12.972,7.5637]]],[[[-12.9889,7.5822],[-12.9889,7.5834],[-12.9893,7.5847],[-12.9897,7.5863],[-12.9896,7.5872],[-12.9895,7.5874],[-12.9891,7.5882],[-12.9885,7.5888],[-12.9893,7.5898],[-12.9904,7.5903],[-12.9913,7.5892],[-12.9913,7.5879],[-12.9913,7.5865],[-12.9922,7.5853],[-12.9923,7.5842],[-12.9917,7.5831],[-12.9912,7.5823],[-12.9906,7.5809],[-12.9892,7.5801],[-12.9889,7.5822]]],[[[-12.9244,7.5849],[-12.9231,7.5862],[-12.9212,7.5867],[-12.9208,7.5873],[-12.9223,7.5877],[-12.9231,7.5892],[-12.9234,7.5904],[-12.9241,7.5915],[-12.9249,7.5923],[-12.9258,7.592],[-12.9268,7.5913],[-12.9283,7.5898],[-12.9291,7.5885],[-12.9295,7.5867],[-12.9288,7.5855],[-12.9269,7.584],[-12.9244,7.5849]]],[[[-12.9804,7.5915],[-12.9801,7.5919],[-12.9799,7.5921],[-12.9795,7.5921],[-12.9793,7.5922],[-12.9791,7.5924],[-12.979,7.5926],[-12.9789,7.5928],[-12.979,7.5933],[-12.979,7.5935],[-12.9794,7.5937],[-12.9794,7.5935],[-12.9798,7.5932],[-12.9802,7.593],[-12.9804,7.5928],[-12.9807,7.5922],[-12.9811,7.5921],[-12.9812,7.5918],[-12.9814,7.5917],[-12.9814,7.5912],[-12.9812,7.5911],[-12.9809,7.5911],[-12.9804,7.5915]]],[[[-12.9808,7.5885],[-12.9827,7.5892],[-12.9838,7.5908],[-12.9861,7.5923],[-12.9869,7.5937],[-12.9884,7.594],[-12.9894,7.5932],[-12.9901,7.5913],[-12.9898,7.5905],[-12.988,7.5899],[-12.9879,7.5889],[-12.9881,7.5878],[-12.9887,7.5863],[-12.9876,7.5847],[-12.9864,7.5833],[-12.9852,7.5818],[-12.9838,7.58],[-12.9824,7.5794],[-12.9811,7.5784],[-12.9792,7.5773],[-12.9783,7.5771],[-12.9764,7.5775],[-12.975,7.5776],[-12.9733,7.5774],[-12.9717,7.5768],[-12.9706,7.5755],[-12.9706,7.5743],[-12.9722,7.5735],[-12.9727,7.572],[-12.9727,7.5709],[-12.9743,7.5705],[-12.9747,7.571],[-12.9742,7.5722],[-12.9732,7.5736],[-12.9713,7.5751],[-12.9723,7.5756],[-12.9739,7.5755],[-12.9757,7.5746],[-12.9767,7.5733],[-12.9776,7.5721],[-12.9786,7.571],[-12.9798,7.5713],[-12.9827,7.5724],[-12.9848,7.5735],[-12.9833,7.5751],[-12.9821,7.5745],[-12.9804,7.5752],[-12.9795,7.5765],[-12.9808,7.5762],[-12.9832,7.5755],[-12.9825,7.576],[-12.9823,7.5769],[-12.9829,7.5774],[-12.9839,7.5775],[-12.9852,7.5775],[-12.985,7.5789],[-12.9862,7.5783],[-12.9884,7.579],[-12.991,7.5792],[-12.9923,7.5802],[-12.9935,7.5814],[-12.9945,7.583],[-12.9957,7.5836],[-12.9954,7.5827],[-12.9947,7.5806],[-12.9958,7.5816],[-12.9972,7.5836],[-12.9972,7.5851],[-12.9965,7.5872],[-12.9963,7.5883],[-12.995,7.5888],[-12.994,7.5897],[-12.9933,7.5908],[-12.9946,7.591],[-12.996,7.5908],[-12.9971,7.5903],[-12.9982,7.5913],[-12.9989,7.5894],[-12.999,7.5878],[-12.9998,7.5862],[-13.0011,7.5851],[-13.0027,7.5848],[-13.0046,7.5842],[-13.0053,7.5832],[-13.0027,7.5813],[-12.9994,7.5791],[-12.997,7.5786],[-12.9939,7.5776],[-12.9913,7.5761],[-12.9858,7.5726],[-12.9822,7.5708],[-12.9786,7.5694],[-12.9755,7.5677],[-12.9735,7.5656],[-12.972,7.5671],[-12.969,7.5736],[-12.967,7.5774],[-12.9649,7.5813],[-12.9658,7.5818],[-12.967,7.5818],[-12.9674,7.5834],[-12.9671,7.5851],[-12.9679,7.5865],[-12.9686,7.5882],[-12.9703,7.5886],[-12.9719,7.5892],[-12.9752,7.5888],[-12.9775,7.5887],[-12.9794,7.5877],[-12.9808,7.5885]]],[[[-13.0031,7.5908],[-13.0035,7.5924],[-13.0045,7.5937],[-13.0045,7.5951],[-13.0052,7.5945],[-13.0054,7.592],[-13.0069,7.5916],[-13.009,7.5913],[-13.0114,7.5908],[-13.0132,7.5907],[-13.015,7.5905],[-13.0165,7.5904],[-13.0188,7.5922],[-13.0182,7.5906],[-13.0147,7.5877],[-13.0138,7.5865],[-13.0123,7.5871],[-13.0093,7.5878],[-13.0057,7.5883],[-13.0034,7.5895],[-13.0031,7.5908]]],[[[-12.4778,7.5849],[-12.4775,7.5855],[-12.477,7.5883],[-12.4764,7.5892],[-12.476,7.5904],[-12.4767,7.5909],[-12.4775,7.5914],[-12.4789,7.5924],[-12.4805,7.5939],[-12.4819,7.5949],[-12.4829,7.5959],[-12.4844,7.5969],[-12.4847,7.5957],[-12.485,7.5942],[-12.4852,7.5925],[-12.485,7.5909],[-12.4841,7.5897],[-12.4828,7.5882],[-12.4827,7.5874],[-12.4828,7.5866],[-12.482,7.5855],[-12.48,7.5846],[-12.4778,7.5849]]],[[[-13.018,7.5951],[-13.0188,7.5962],[-13.019,7.597],[-13.019,7.5975],[-13.0193,7.5978],[-13.0196,7.5975],[-13.0196,7.597],[-13.0195,7.5962],[-13.0188,7.5955],[-13.0186,7.5951],[-13.0182,7.5949],[-13.018,7.5951]]],[[[-12.4765,7.5935],[-12.477,7.5944],[-12.4777,7.5954],[-12.4785,7.5966],[-12.4797,7.5979],[-12.4815,7.5989],[-12.4819,7.5984],[-12.4823,7.5978],[-12.4832,7.5978],[-12.4834,7.5977],[-12.4831,7.5969],[-12.4826,7.5959],[-12.4817,7.5954],[-12.4805,7.5946],[-12.4795,7.5944],[-12.4786,7.5937],[-12.4772,7.5932],[-12.4765,7.5935]]],[[[-13.0162,7.6025],[-13.0158,7.603],[-13.0158,7.6036],[-13.0167,7.6036],[-13.0178,7.6027],[-13.0192,7.6019],[-13.0195,7.6009],[-13.0201,7.5997],[-13.0196,7.5993],[-13.0188,7.5997],[-13.0187,7.6012],[-13.0183,7.602],[-13.0183,7.6002],[-13.0182,7.5985],[-13.0178,7.598],[-13.0179,7.5973],[-13.0178,7.5965],[-13.0174,7.5955],[-13.017,7.5954],[-13.0167,7.596],[-13.0174,7.5972],[-13.0174,7.5983],[-13.0168,7.5986],[-13.0167,7.5991],[-13.0172,7.5995],[-13.0174,7.6004],[-13.017,7.6019],[-13.0168,7.6004],[-13.0164,7.6001],[-13.0161,7.6004],[-13.0161,7.6018],[-13.0162,7.6025]]],[[[-13.0109,7.6043],[-13.0124,7.6044],[-13.0138,7.6034],[-13.014,7.6012],[-13.0132,7.5999],[-13.0129,7.5979],[-13.0136,7.5962],[-13.0146,7.5956],[-13.0143,7.5945],[-13.0132,7.5929],[-13.0125,7.593],[-13.0121,7.5938],[-13.0117,7.5945],[-13.0111,7.5951],[-13.0111,7.5964],[-13.0114,7.5979],[-13.0104,7.5978],[-13.009,7.5972],[-13.0096,7.5959],[-13.0097,7.5948],[-13.0084,7.5942],[-13.007,7.5941],[-13.0067,7.5962],[-13.0055,7.5985],[-13.004,7.6012],[-13.0042,7.602],[-13.0052,7.603],[-13.0066,7.6039],[-13.0075,7.604],[-13.0085,7.6035],[-13.0098,7.6032],[-13.0109,7.6043]]],[[[-12.9451,7.6084],[-12.9454,7.6078],[-12.9451,7.6073],[-12.9448,7.6069],[-12.9442,7.6066],[-12.9431,7.6063],[-12.9425,7.6062],[-12.9404,7.6061],[-12.9396,7.6063],[-12.9395,7.6067],[-12.9396,7.607],[-12.9403,7.6071],[-12.9408,7.6069],[-12.9413,7.6067],[-12.9418,7.6071],[-12.9421,7.6076],[-12.9429,7.6079],[-12.9438,7.6082],[-12.9443,7.608],[-12.9451,7.6084]]],[[[-12.4942,7.6209],[-12.4966,7.6208],[-12.4986,7.6207],[-12.5,7.6203],[-12.5013,7.6198],[-12.5044,7.6193],[-12.5069,7.619],[-12.5094,7.6183],[-12.5084,7.6178],[-12.5061,7.6169],[-12.5051,7.6164],[-12.5043,7.6157],[-12.5034,7.6152],[-12.5015,7.6138],[-12.5003,7.6128],[-12.4985,7.6119],[-12.4966,7.6108],[-12.4954,7.6098],[-12.494,7.609],[-12.4933,7.6084],[-12.4919,7.6075],[-12.491,7.6067],[-12.4898,7.6062],[-12.4882,7.6055],[-12.4869,7.6052],[-12.4862,7.6051],[-12.4844,7.6046],[-12.482,7.604],[-12.4808,7.6041],[-12.4794,7.6045],[-12.4791,7.6053],[-12.4792,7.6059],[-12.4792,7.6064],[-12.4793,7.6075],[-12.4798,7.609],[-12.4807,7.6108],[-12.4818,7.6132],[-12.4834,7.6153],[-12.4844,7.6168],[-12.4855,7.6178],[-12.4869,7.619],[-12.4877,7.62],[-12.4892,7.6205],[-12.4908,7.6208],[-12.4924,7.6208],[-12.4942,7.6209]]],[[[-13.0174,7.6165],[-13.0182,7.6199],[-13.0193,7.6207],[-13.0201,7.6212],[-13.0201,7.6224],[-13.0208,7.6233],[-13.021,7.6249],[-13.0219,7.6246],[-13.0217,7.622],[-13.0204,7.6202],[-13.0191,7.6177],[-13.0178,7.6154],[-13.0164,7.6144],[-13.0174,7.6165]]],[[[-12.5026,7.6266],[-12.5027,7.6272],[-12.5017,7.6277],[-12.5018,7.6285],[-12.5019,7.6291],[-12.5025,7.6304],[-12.503,7.6313],[-12.5036,7.6311],[-12.5039,7.6307],[-12.504,7.63],[-12.5046,7.6289],[-12.5048,7.6288],[-12.5056,7.6277],[-12.5048,7.6271],[-12.504,7.6265],[-12.5031,7.6263],[-12.5026,7.6266]]],[[[-12.9566,7.6305],[-12.9567,7.6309],[-12.9559,7.6316],[-12.9549,7.632],[-12.9539,7.6322],[-12.9534,7.6322],[-12.9529,7.6322],[-12.9528,7.6328],[-12.9535,7.6333],[-12.9544,7.6336],[-12.9558,7.6332],[-12.9564,7.6327],[-12.9569,7.6324],[-12.9573,7.6318],[-12.9575,7.6312],[-12.9582,7.6308],[-12.958,7.6303],[-12.9575,7.6301],[-12.957,7.63],[-12.9566,7.6305]]],[[[-12.5535,7.6295],[-12.554,7.631],[-12.5543,7.6317],[-12.5555,7.6332],[-12.5562,7.6342],[-12.5575,7.6357],[-12.5586,7.636],[-12.5602,7.636],[-12.5617,7.636],[-12.5613,7.6348],[-12.5609,7.6335],[-12.5605,7.632],[-12.56,7.6311],[-12.5591,7.6302],[-12.5583,7.6297],[-12.5574,7.6293],[-12.5568,7.629],[-12.5554,7.6291],[-12.5548,7.6291],[-12.5539,7.629],[-12.5535,7.6295]]],[[[-12.6045,7.6376],[-12.6089,7.6386],[-12.6199,7.6399],[-12.6257,7.6406],[-12.6368,7.6399],[-12.6461,7.6378],[-12.6516,7.637],[-12.6552,7.6364],[-12.6585,7.6356],[-12.6629,7.6374],[-12.6683,7.6371],[-12.6719,7.6346],[-12.6724,7.6354],[-12.6735,7.6375],[-12.6786,7.6385],[-12.6857,7.6384],[-12.6895,7.639],[-12.6924,7.639],[-12.6963,7.6372],[-12.6999,7.6364],[-12.7028,7.6327],[-12.7063,7.6303],[-12.7118,7.628],[-12.7176,7.6273],[-12.7234,7.6244],[-12.7246,7.626],[-12.7267,7.6288],[-12.734,7.627],[-12.7434,7.6266],[-12.7464,7.6254],[-12.7498,7.6254],[-12.7528,7.6254],[-12.7604,7.6251],[-12.7653,7.6257],[-12.7709,7.6277],[-12.7836,7.6275],[-12.7893,7.6286],[-12.7966,7.6279],[-12.8035,7.6271],[-12.8082,7.625],[-12.8108,7.6181],[-12.8144,7.6191],[-12.8162,7.6224],[-12.821,7.6247],[-12.8271,7.6224],[-12.8301,7.6209],[-12.8405,7.6185],[-12.8423,7.617],[-12.8439,7.6159],[-12.8472,7.6169],[-12.8517,7.6173],[-12.8552,7.6166],[-12.8574,7.619],[-12.8605,7.6194],[-12.8627,7.6173],[-12.8667,7.6173],[-12.87,7.6188],[-12.872,7.6185],[-12.8725,7.6184],[-12.8823,7.6144],[-12.8913,7.6108],[-12.8937,7.6096],[-12.8951,7.609],[-12.8996,7.6059],[-12.9047,7.6064],[-12.9082,7.6055],[-12.9099,7.6036],[-12.9145,7.6014],[-12.9163,7.5991],[-12.9196,7.5954],[-12.9227,7.5916],[-12.9188,7.5902],[-12.9171,7.5878],[-12.9124,7.585],[-12.9107,7.5856],[-12.9083,7.5827],[-12.9052,7.5824],[-12.9044,7.5824],[-12.9003,7.5801],[-12.898,7.5774],[-12.8974,7.5743],[-12.8963,7.5707],[-12.901,7.5761],[-12.9039,7.5761],[-12.9115,7.5787],[-12.9174,7.5797],[-12.9217,7.5794],[-12.9264,7.5761],[-12.9337,7.5765],[-12.9342,7.5765],[-12.9395,7.5772],[-12.9435,7.5797],[-12.9487,7.5804],[-12.9514,7.579],[-12.9539,7.5776],[-12.9557,7.5756],[-12.9573,7.5758],[-12.9587,7.5746],[-12.9589,7.5713],[-12.957,7.57],[-12.9499,7.5704],[-12.9417,7.5703],[-12.9285,7.5671],[-12.925,7.5663],[-12.8988,7.5609],[-12.8909,7.5584],[-12.8861,7.5569],[-12.8849,7.5565],[-12.8656,7.5509],[-12.8656,7.5508],[-12.8633,7.5515],[-12.8387,7.5454],[-12.8118,7.5383],[-12.8022,7.5351],[-12.7788,7.5291],[-12.7526,7.5213],[-12.7518,7.5211],[-12.7343,7.5151],[-12.7303,7.5137],[-12.7219,7.5113],[-12.7093,7.5072],[-12.6965,7.5019],[-12.6805,7.4978],[-12.667,7.4935],[-12.6504,7.4867],[-12.6273,7.477],[-12.6179,7.4731],[-12.5955,7.4615],[-12.58,7.4516],[-12.5782,7.4492],[-12.5769,7.453],[-12.5779,7.4493],[-12.5748,7.4442],[-12.5689,7.4364],[-12.5649,7.4309],[-12.564,7.4298],[-12.562,7.4227],[-12.5626,7.4171],[-12.5631,7.4142],[-12.5637,7.4113],[-12.564,7.408],[-12.5655,7.4054],[-12.5668,7.4039],[-12.5677,7.3992],[-12.5687,7.3949],[-12.5682,7.3929],[-12.5645,7.3901],[-12.563,7.3895],[-12.5593,7.3882],[-12.551,7.3884],[-12.5446,7.3889],[-12.536,7.3906],[-12.5309,7.3913],[-12.528,7.3925],[-12.528,7.3949],[-12.5295,7.3956],[-12.5292,7.3973],[-12.5304,7.3998],[-12.5293,7.4035],[-12.5299,7.4063],[-12.5301,7.4077],[-12.533,7.4109],[-12.5348,7.4163],[-12.535,7.4189],[-12.5357,7.4261],[-12.5339,7.4338],[-12.5334,7.4425],[-12.5332,7.4465],[-12.5317,7.4577],[-12.5315,7.459],[-12.5304,7.4684],[-12.5268,7.4731],[-12.5235,7.4773],[-12.5146,7.4842],[-12.5064,7.4889],[-12.5055,7.4899],[-12.5051,7.4901],[-12.5048,7.4902],[-12.5042,7.4905],[-12.5039,7.4913],[-12.5037,7.4917],[-12.5028,7.4923],[-12.5019,7.4934],[-12.5006,7.4946],[-12.5003,7.496],[-12.5008,7.4971],[-12.5005,7.4975],[-12.5001,7.4977],[-12.4996,7.4977],[-12.4988,7.4971],[-12.4983,7.497],[-12.4979,7.4966],[-12.4968,7.4963],[-12.4959,7.4969],[-12.4953,7.4979],[-12.4956,7.4987],[-12.4953,7.499],[-12.495,7.4991],[-12.4939,7.4994],[-12.4932,7.5004],[-12.4923,7.5016],[-12.4915,7.5029],[-12.4915,7.5044],[-12.4918,7.5053],[-12.4925,7.5067],[-12.4922,7.5069],[-12.4915,7.5069],[-12.4911,7.5068],[-12.4906,7.5061],[-12.4899,7.5063],[-12.4892,7.509],[-12.4891,7.5114],[-12.4904,7.5141],[-12.4924,7.5162],[-12.493,7.5156],[-12.4933,7.5144],[-12.4943,7.5143],[-12.4948,7.5147],[-12.495,7.5156],[-12.4956,7.5176],[-12.4957,7.5191],[-12.4977,7.5202],[-12.4989,7.5197],[-12.5,7.5196],[-12.5,7.5202],[-12.5001,7.5206],[-12.5,7.5211],[-12.5003,7.5215],[-12.5003,7.5216],[-12.5001,7.522],[-12.5,7.5227],[-12.5,7.5233],[-12.4999,7.5248],[-12.5,7.5258],[-12.5001,7.5262],[-12.5002,7.5266],[-12.5003,7.5273],[-12.5004,7.5284],[-12.5007,7.5288],[-12.5008,7.5297],[-12.5009,7.5298],[-12.5013,7.5307],[-12.5017,7.5322],[-12.5021,7.5338],[-12.5042,7.5356],[-12.5042,7.536],[-12.5045,7.5363],[-12.5052,7.537],[-12.5059,7.5375],[-12.5067,7.5379],[-12.5073,7.5378],[-12.5071,7.5383],[-12.5089,7.5395],[-12.5099,7.5404],[-12.5111,7.542],[-12.5127,7.5441],[-12.5134,7.5454],[-12.5142,7.5469],[-12.5149,7.548],[-12.5154,7.5487],[-12.5161,7.5497],[-12.5165,7.5536],[-12.5161,7.5561],[-12.5137,7.556],[-12.5122,7.5513],[-12.5104,7.5489],[-12.5074,7.5494],[-12.5042,7.5471],[-12.5018,7.5505],[-12.4999,7.5532],[-12.4972,7.5599],[-12.4949,7.5642],[-12.4944,7.5692],[-12.4944,7.5694],[-12.4967,7.5745],[-12.5003,7.5799],[-12.5054,7.5861],[-12.5159,7.5919],[-12.5304,7.6028],[-12.5505,7.6104],[-12.5569,7.612],[-12.5667,7.6133],[-12.5727,7.6097],[-12.5798,7.6083],[-12.5832,7.6116],[-12.5866,7.6117],[-12.5855,7.6153],[-12.5766,7.6193],[-12.5753,7.6206],[-12.5778,7.6249],[-12.5839,7.6326],[-12.5862,7.6353],[-12.5906,7.6372],[-12.6011,7.6369],[-12.6045,7.6376]]],[[[-12.9935,7.6332],[-12.9926,7.635],[-12.9917,7.6362],[-12.9903,7.6371],[-12.9903,7.6383],[-12.9912,7.6393],[-12.9929,7.6406],[-12.9933,7.6414],[-12.9932,7.6427],[-12.9954,7.6422],[-12.9957,7.641],[-12.9974,7.6395],[-13.0008,7.6372],[-13.004,7.6345],[-13.0041,7.6329],[-13.003,7.6332],[-13.0005,7.6322],[-12.995,7.6329],[-12.9935,7.6332]]],[[[-13.0688,7.6531],[-13.069,7.6528],[-13.0693,7.6528],[-13.0694,7.6525],[-13.0695,7.6522],[-13.0695,7.6519],[-13.0694,7.6516],[-13.0695,7.6515],[-13.0696,7.6511],[-13.0696,7.6506],[-13.0693,7.6504],[-13.069,7.6502],[-13.0686,7.6503],[-13.0684,7.6501],[-13.0685,7.6506],[-13.0685,7.6509],[-13.0685,7.6515],[-13.0684,7.6516],[-13.0682,7.6519],[-13.0678,7.6522],[-13.0677,7.6525],[-13.0678,7.6528],[-13.0678,7.6531],[-13.068,7.6529],[-13.0684,7.6529],[-13.0688,7.6531]]],[[[-12.5233,7.625],[-12.5225,7.6264],[-12.5218,7.6274],[-12.5212,7.6283],[-12.5211,7.629],[-12.5214,7.6296],[-12.5222,7.6305],[-12.5228,7.6319],[-12.5229,7.6325],[-12.5228,7.6334],[-12.5224,7.6344],[-12.5225,7.6362],[-12.5228,7.6367],[-12.5238,7.6378],[-12.524,7.6391],[-12.5252,7.6399],[-12.5265,7.6408],[-12.5291,7.642],[-12.5325,7.6435],[-12.5357,7.6447],[-12.5381,7.646],[-12.5403,7.6471],[-12.5421,7.6489],[-12.5435,7.6508],[-12.5441,7.6519],[-12.545,7.6535],[-12.5453,7.6552],[-12.5462,7.6562],[-12.5474,7.6572],[-12.5494,7.6583],[-12.5509,7.6583],[-12.553,7.6579],[-12.5539,7.6574],[-12.5548,7.657],[-12.5557,7.6559],[-12.5555,7.6544],[-12.5552,7.6527],[-12.555,7.6509],[-12.5545,7.6495],[-12.5538,7.6478],[-12.5532,7.646],[-12.5522,7.6441],[-12.5507,7.6419],[-12.5495,7.6402],[-12.548,7.6383],[-12.5464,7.6365],[-12.5447,7.6346],[-12.543,7.6328],[-12.5416,7.6313],[-12.5402,7.6298],[-12.5382,7.6278],[-12.5362,7.6268],[-12.5341,7.6261],[-12.5323,7.6255],[-12.5299,7.6252],[-12.5278,7.6248],[-12.5251,7.6244],[-12.5242,7.6243],[-12.5233,7.625]]],[[[-13.047,7.6386],[-13.0467,7.6389],[-13.0459,7.6392],[-13.0449,7.6406],[-13.0442,7.6425],[-13.0435,7.6452],[-13.0421,7.6465],[-13.0378,7.6495],[-13.0351,7.6511],[-13.0348,7.6521],[-13.0293,7.6544],[-13.0233,7.6561],[-13.0201,7.6572],[-13.0207,7.6577],[-13.0228,7.6589],[-13.0239,7.6599],[-13.0247,7.6608],[-13.0316,7.6583],[-13.0356,7.656],[-13.04,7.6532],[-13.0425,7.651],[-13.0452,7.6483],[-13.0485,7.6449],[-13.0502,7.6425],[-13.0525,7.6407],[-13.055,7.6391],[-13.0571,7.6386],[-13.0582,7.639],[-13.0599,7.6392],[-13.0599,7.6383],[-13.0587,7.6374],[-13.0599,7.637],[-13.0611,7.6383],[-13.0603,7.6401],[-13.0609,7.6413],[-13.0599,7.6413],[-13.0592,7.6403],[-13.0579,7.6395],[-13.0559,7.6396],[-13.0574,7.6407],[-13.0584,7.6417],[-13.0597,7.6418],[-13.0622,7.6425],[-13.0642,7.6429],[-13.0644,7.6411],[-13.0644,7.6391],[-13.0649,7.6386],[-13.064,7.6367],[-13.0626,7.6328],[-13.062,7.6289],[-13.062,7.6276],[-13.0627,7.6268],[-13.0634,7.6253],[-13.0633,7.6243],[-13.0638,7.6232],[-13.0642,7.6231],[-13.0646,7.6233],[-13.0643,7.6246],[-13.0643,7.6261],[-13.0648,7.6263],[-13.0657,7.6254],[-13.0658,7.6239],[-13.065,7.6219],[-13.0639,7.6217],[-13.063,7.6223],[-13.0624,7.6234],[-13.0625,7.6263],[-13.0615,7.6273],[-13.0607,7.6274],[-13.0576,7.6278],[-13.056,7.6278],[-13.0542,7.6275],[-13.0483,7.6261],[-13.0445,7.6244],[-13.0418,7.6218],[-13.0418,7.6212],[-13.0425,7.6205],[-13.0435,7.6219],[-13.0441,7.6219],[-13.0446,7.6212],[-13.0438,7.6198],[-13.0429,7.6189],[-13.0417,7.6183],[-13.0399,7.62],[-13.0389,7.6207],[-13.0386,7.6214],[-13.0385,7.622],[-13.0409,7.6233],[-13.0421,7.6257],[-13.0427,7.6267],[-13.0438,7.6281],[-13.0441,7.6283],[-13.0444,7.6283],[-13.0453,7.6283],[-13.0461,7.63],[-13.0466,7.6332],[-13.0465,7.6375],[-13.0471,7.638],[-13.047,7.6386]]],[[[-13.0746,7.6533],[-13.0746,7.6536],[-13.076,7.6544],[-13.0777,7.6562],[-13.0794,7.6579],[-13.0817,7.6602],[-13.0834,7.6624],[-13.0845,7.6631],[-13.085,7.6641],[-13.0856,7.6642],[-13.086,7.6636],[-13.0857,7.663],[-13.0838,7.6614],[-13.0807,7.6579],[-13.0785,7.6561],[-13.0771,7.6545],[-13.0757,7.6534],[-13.075,7.6532],[-13.0746,7.6533]]],[[[-13.0728,7.6678],[-13.0702,7.6685],[-13.0677,7.6692],[-13.0649,7.6698],[-13.0626,7.6705],[-13.0603,7.6715],[-13.0576,7.6717],[-13.0569,7.6723],[-13.0572,7.6731],[-13.0581,7.6736],[-13.0596,7.6739],[-13.0624,7.6744],[-13.0658,7.6741],[-13.0684,7.6732],[-13.0705,7.6715],[-13.073,7.6699],[-13.0746,7.6693],[-13.0761,7.6677],[-13.0764,7.6671],[-13.077,7.6661],[-13.0769,7.6654],[-13.0766,7.6652],[-13.0763,7.6654],[-13.0763,7.6661],[-13.0758,7.6668],[-13.0752,7.6666],[-13.0728,7.6678]]],[[[-12.6839,7.6808],[-12.6865,7.6812],[-12.6884,7.6814],[-12.6934,7.6822],[-12.6954,7.682],[-12.6969,7.6814],[-12.6978,7.6791],[-12.6981,7.6763],[-12.6991,7.6742],[-12.7005,7.6728],[-12.7018,7.6721],[-12.7025,7.6716],[-12.702,7.6706],[-12.7014,7.6701],[-12.7003,7.6704],[-12.6992,7.6704],[-12.6974,7.6706],[-12.6965,7.6709],[-12.6948,7.6712],[-12.6934,7.6714],[-12.6909,7.6725],[-12.6888,7.6736],[-12.6875,7.6742],[-12.6859,7.675],[-12.6848,7.6754],[-12.6829,7.6768],[-12.6821,7.6773],[-12.6811,7.6773],[-12.6803,7.6778],[-12.6796,7.6786],[-12.6797,7.6795],[-12.6805,7.6807],[-12.6826,7.6807],[-12.6839,7.6808]]],[[[-12.5176,7.7157],[-12.5176,7.7164],[-12.5179,7.7166],[-12.5187,7.7161],[-12.5196,7.7155],[-12.5216,7.7146],[-12.5235,7.7135],[-12.5247,7.7132],[-12.5262,7.7123],[-12.5278,7.7119],[-12.5305,7.7107],[-12.5321,7.7096],[-12.5333,7.7082],[-12.534,7.7076],[-12.5349,7.7067],[-12.5355,7.7057],[-12.5369,7.7041],[-12.5382,7.7027],[-12.5398,7.7011],[-12.5414,7.699],[-12.5417,7.6974],[-12.5415,7.6964],[-12.5411,7.6956],[-12.5408,7.694],[-12.5393,7.693],[-12.5378,7.6924],[-12.5356,7.6922],[-12.5337,7.6922],[-12.5315,7.6924],[-12.529,7.6928],[-12.5278,7.6932],[-12.5261,7.6936],[-12.5235,7.6941],[-12.5208,7.6952],[-12.519,7.6963],[-12.5181,7.6985],[-12.5178,7.7027],[-12.5173,7.7053],[-12.517,7.7077],[-12.5168,7.7097],[-12.5166,7.7122],[-12.5161,7.7132],[-12.5163,7.7141],[-12.5159,7.715],[-12.5161,7.7156],[-12.5171,7.7155],[-12.5176,7.7157]]],[[[-11.8948,7.4849],[-11.8954,7.4855],[-11.8969,7.4877],[-11.8978,7.489],[-11.8999,7.491],[-11.896,7.4945],[-11.8925,7.4964],[-11.8902,7.4996],[-11.8891,7.5005],[-11.8865,7.5025],[-11.8858,7.5031],[-11.8829,7.5056],[-11.8803,7.5089],[-11.8794,7.5101],[-11.8815,7.5118],[-11.8855,7.5137],[-11.8879,7.5149],[-11.8897,7.5163],[-11.8923,7.5176],[-11.8946,7.5192],[-11.8961,7.5214],[-11.8965,7.5219],[-11.897,7.5226],[-11.8986,7.5248],[-11.8995,7.5256],[-11.8997,7.5258],[-11.9026,7.5277],[-11.9042,7.529],[-11.9063,7.5303],[-11.9091,7.532],[-11.9092,7.532],[-11.9111,7.5332],[-11.914,7.5346],[-11.9164,7.5355],[-11.9192,7.5346],[-11.9199,7.5341],[-11.9221,7.5326],[-11.9227,7.5323],[-11.9252,7.531],[-11.9289,7.5307],[-11.9317,7.5307],[-11.9385,7.5309],[-11.9416,7.5303],[-11.9441,7.5298],[-11.9471,7.5294],[-11.95,7.5306],[-11.9531,7.5296],[-11.956,7.5296],[-11.9602,7.5301],[-11.9613,7.5304],[-11.9623,7.5307],[-11.9665,7.5309],[-11.9696,7.5328],[-11.9712,7.5339],[-11.9718,7.5344],[-11.9743,7.5361],[-11.976,7.537],[-11.9783,7.5378],[-11.9783,7.5378],[-11.9815,7.5396],[-11.9825,7.5413],[-11.9834,7.5424],[-11.985,7.5441],[-11.9865,7.546],[-11.9875,7.5485],[-11.9885,7.5502],[-11.9894,7.5527],[-11.9887,7.555],[-11.9878,7.5576],[-11.9876,7.5582],[-11.9872,7.5595],[-11.9872,7.5597],[-11.9862,7.5616],[-11.984,7.5653],[-11.9815,7.5682],[-11.978,7.5725],[-11.9766,7.5742],[-11.9742,7.577],[-11.9736,7.5785],[-11.973,7.5799],[-11.9716,7.5837],[-11.9687,7.588],[-11.9656,7.5906],[-11.9627,7.5951],[-11.9593,7.5965],[-11.9567,7.5982],[-11.9538,7.5997],[-11.9519,7.6029],[-11.9522,7.603],[-11.9541,7.6042],[-11.9588,7.6034],[-11.9643,7.603],[-11.9681,7.602],[-11.9721,7.6014],[-11.9774,7.5998],[-11.9782,7.5996],[-11.9812,7.5986],[-11.9845,7.5976],[-11.9883,7.5966],[-11.9929,7.5954],[-11.9975,7.5951],[-11.9979,7.5992],[-11.9988,7.604],[-12.0011,7.609],[-12.0018,7.6132],[-12.0029,7.6165],[-12.0042,7.6207],[-12.0061,7.6261],[-12.0068,7.6301],[-12.0057,7.6333],[-12.0028,7.6366],[-12.0004,7.6389],[-11.9964,7.6398],[-11.9924,7.6392],[-11.9914,7.6387],[-11.9898,7.6381],[-11.9869,7.6367],[-11.9812,7.6354],[-11.9757,7.6375],[-11.9745,7.6396],[-11.9738,7.6408],[-11.9735,7.6417],[-11.973,7.643],[-11.9729,7.6432],[-11.9724,7.6445],[-11.9717,7.6464],[-11.9716,7.6465],[-11.9716,7.6469],[-11.9715,7.649],[-11.9715,7.65],[-11.9715,7.6505],[-11.9715,7.6505],[-11.9716,7.6506],[-11.9716,7.6508],[-11.9717,7.651],[-11.9718,7.6516],[-11.9719,7.6517],[-11.9721,7.652],[-11.9721,7.6521],[-11.973,7.6537],[-11.9731,7.6537],[-11.9736,7.6544],[-11.9736,7.6546],[-11.9736,7.6547],[-11.9739,7.6549],[-11.9743,7.6552],[-11.9744,7.6554],[-11.9744,7.6554],[-11.9756,7.6538],[-11.9757,7.6538],[-11.977,7.6517],[-11.977,7.6517],[-11.9797,7.6509],[-11.9797,7.6509],[-11.9828,7.6512],[-11.9843,7.652],[-11.9857,7.6527],[-11.9858,7.6528],[-11.9858,7.6529],[-11.9859,7.6531],[-11.9865,7.6546],[-11.9869,7.6557],[-11.9871,7.6564],[-11.9878,7.6597],[-11.9878,7.6597],[-11.9899,7.6616],[-11.9931,7.6623],[-11.9945,7.6622],[-11.9982,7.6617],[-11.9996,7.6615],[-11.9996,7.6617],[-11.9997,7.6617],[-11.9997,7.6617],[-12.0007,7.665],[-12.0021,7.6679],[-12.0041,7.6687],[-12.0068,7.6687],[-12.0091,7.6682],[-12.0108,7.6664],[-12.0119,7.6635],[-12.013,7.6613],[-12.0146,7.6596],[-12.0172,7.6584],[-12.0217,7.6575],[-12.0242,7.6596],[-12.0251,7.6607],[-12.0264,7.6623],[-12.0268,7.663],[-12.028,7.6648],[-12.0297,7.6673],[-12.0312,7.6701],[-12.0321,7.6722],[-12.0328,7.674],[-12.0338,7.6763],[-12.0367,7.6795],[-12.0395,7.6826],[-12.0404,7.6835],[-12.0417,7.6849],[-12.0439,7.6869],[-12.0463,7.689],[-12.0501,7.6914],[-12.0537,7.6909],[-12.0548,7.6907],[-12.0584,7.6909],[-12.0628,7.6914],[-12.0663,7.6916],[-12.0685,7.6916],[-12.0734,7.6916],[-12.0736,7.6916],[-12.0737,7.6916],[-12.0799,7.6909],[-12.0848,7.6894],[-12.0897,7.6869],[-12.096,7.6831],[-12.1014,7.6807],[-12.1037,7.6791],[-12.108,7.6792],[-12.1058,7.6771],[-12.1071,7.6758],[-12.1103,7.6725],[-12.1106,7.6721],[-12.1109,7.6718],[-12.1159,7.6676],[-12.1199,7.6639],[-12.1219,7.6629],[-12.1252,7.6621],[-12.1291,7.6621],[-12.1306,7.662],[-12.1333,7.6619],[-12.1356,7.6619],[-12.1401,7.6626],[-12.1401,7.6626],[-12.1411,7.6636],[-12.1431,7.6643],[-12.1441,7.6643],[-12.1447,7.6643],[-12.1472,7.6634],[-12.1519,7.6634],[-12.1547,7.6643],[-12.1569,7.6663],[-12.1572,7.6666],[-12.1602,7.6696],[-12.1648,7.6696],[-12.1677,7.6676],[-12.171,7.6649],[-12.1735,7.6661],[-12.1771,7.6666],[-12.1782,7.6668],[-12.1829,7.6658],[-12.1862,7.6641],[-12.1903,7.6658],[-12.1938,7.6681],[-12.1954,7.6693],[-12.1974,7.6708],[-12.2013,7.675],[-12.2043,7.6784],[-12.2046,7.6788],[-12.2087,7.6817],[-12.2107,7.6833],[-12.2126,7.6848],[-12.2138,7.6857],[-12.2171,7.6872],[-12.22,7.6884],[-12.2251,7.6892],[-12.2299,7.689],[-12.23,7.689],[-12.2333,7.689],[-12.2363,7.689],[-12.2409,7.69],[-12.2452,7.692],[-12.2477,7.6942],[-12.2482,7.6947],[-12.2484,7.697],[-12.2486,7.6994],[-12.2501,7.7044],[-12.2534,7.7108],[-12.2566,7.7141],[-12.2615,7.7178],[-12.2657,7.721],[-12.2687,7.7251],[-12.2687,7.7252],[-12.2691,7.7255],[-12.2734,7.7294],[-12.2774,7.7337],[-12.2787,7.736],[-12.2804,7.7392],[-12.2806,7.7394],[-12.2833,7.7432],[-12.2841,7.7443],[-12.2873,7.7484],[-12.2908,7.7538],[-12.2946,7.7608],[-12.2963,7.7643],[-12.2976,7.7683],[-12.2977,7.7721],[-12.2978,7.7739],[-12.298,7.775],[-12.2984,7.7777],[-12.2975,7.7807],[-12.2971,7.7822],[-12.2961,7.7852],[-12.2978,7.7877],[-12.2976,7.7887],[-12.2974,7.7904],[-12.2975,7.7934],[-12.2976,7.7961],[-12.2981,7.8011],[-12.2999,7.8012],[-12.3023,7.8013],[-12.3043,7.8015],[-12.3061,7.801],[-12.3096,7.7996],[-12.3137,7.8002],[-12.3142,7.8003],[-12.3184,7.8011],[-12.3231,7.8013],[-12.3288,7.8006],[-12.3321,7.8015],[-12.3357,7.8028],[-12.3392,7.8048],[-12.3423,7.8048],[-12.347,7.8055],[-12.3485,7.8062],[-12.352,7.8078],[-12.3545,7.8078],[-12.3562,7.8052],[-12.3583,7.8026],[-12.3592,7.8006],[-12.3598,7.799],[-12.3615,7.7954],[-12.3615,7.7953],[-12.3637,7.7921],[-12.3654,7.7886],[-12.3676,7.7861],[-12.3682,7.7854],[-12.3694,7.7831],[-12.3703,7.7805],[-12.3709,7.7789],[-12.3726,7.778],[-12.3759,7.7772],[-12.3791,7.776],[-12.3824,7.7745],[-12.3866,7.7732],[-12.3888,7.7722],[-12.3889,7.769],[-12.3913,7.7668],[-12.3921,7.7645],[-12.39,7.7608],[-12.3918,7.7578],[-12.3946,7.7558],[-12.3975,7.756],[-12.398,7.7583],[-12.3982,7.761],[-12.3993,7.7635],[-12.4014,7.7642],[-12.4084,7.7662],[-12.4151,7.7653],[-12.423,7.763],[-12.4263,7.7601],[-12.428,7.7587],[-12.4316,7.7565],[-12.433,7.7556],[-12.4377,7.7548],[-12.4424,7.7543],[-12.4469,7.7525],[-12.4469,7.7524],[-12.4469,7.7524],[-12.4483,7.7489],[-12.4485,7.7424],[-12.4464,7.7414],[-12.4407,7.7404],[-12.444,7.7381],[-12.4458,7.7369],[-12.4475,7.7337],[-12.4476,7.7325],[-12.4482,7.7309],[-12.4486,7.7296],[-12.4499,7.7277],[-12.4512,7.7267],[-12.4523,7.7254],[-12.4536,7.7239],[-12.4547,7.7229],[-12.457,7.7218],[-12.4595,7.7209],[-12.4638,7.7209],[-12.4674,7.7215],[-12.4706,7.7229],[-12.4735,7.725],[-12.4765,7.7279],[-12.4778,7.7301],[-12.4797,7.7334],[-12.4817,7.7364],[-12.4836,7.7396],[-12.4849,7.7421],[-12.4866,7.7441],[-12.4879,7.7451],[-12.4893,7.7454],[-12.4906,7.7449],[-12.4915,7.744],[-12.4925,7.7427],[-12.4929,7.7415],[-12.4944,7.7402],[-12.4974,7.7362],[-12.4997,7.7336],[-12.5005,7.7317],[-12.5012,7.7304],[-12.5026,7.7275],[-12.5041,7.7258],[-12.5056,7.7244],[-12.5066,7.7223],[-12.5074,7.7199],[-12.5084,7.7178],[-12.509,7.7159],[-12.5098,7.7127],[-12.5106,7.7102],[-12.5119,7.7077],[-12.5126,7.7057],[-12.5131,7.7039],[-12.5143,7.7007],[-12.5156,7.6965],[-12.5171,7.694],[-12.5183,7.6919],[-12.5201,7.6903],[-12.5223,7.6891],[-12.5245,7.6877],[-12.5256,7.6873],[-12.5264,7.687],[-12.5283,7.6865],[-12.5303,7.6857],[-12.5326,7.6855],[-12.5348,7.6855],[-12.5373,7.6847],[-12.5392,7.6846],[-12.541,7.6842],[-12.5431,7.6843],[-12.5452,7.6832],[-12.5461,7.6824],[-12.5466,7.6811],[-12.5475,7.6788],[-12.5492,7.6756],[-12.5512,7.6724],[-12.5519,7.6713],[-12.5519,7.6703],[-12.551,7.6689],[-12.5492,7.6677],[-12.5481,7.6667],[-12.5456,7.6649],[-12.5454,7.6639],[-12.5449,7.6624],[-12.5439,7.6616],[-12.5434,7.6612],[-12.5429,7.6602],[-12.5417,7.6584],[-12.5407,7.6556],[-12.5401,7.6537],[-12.539,7.6521],[-12.5374,7.6504],[-12.5339,7.6487],[-12.5317,7.6482],[-12.5298,7.6488],[-12.5273,7.6487],[-12.5266,7.6492],[-12.5258,7.6488],[-12.5243,7.6481],[-12.5233,7.6474],[-12.5222,7.6462],[-12.521,7.6455],[-12.5194,7.6445],[-12.5189,7.6434],[-12.5176,7.6421],[-12.5167,7.6408],[-12.5154,7.6397],[-12.5139,7.6377],[-12.5123,7.6366],[-12.5108,7.6357],[-12.5097,7.6359],[-12.5089,7.6364],[-12.5078,7.6374],[-12.5069,7.6389],[-12.5058,7.6403],[-12.5048,7.6427],[-12.5039,7.6446],[-12.502,7.6456],[-12.5004,7.6458],[-12.4989,7.6455],[-12.4986,7.6433],[-12.4993,7.6404],[-12.4993,7.6387],[-12.4996,7.6372],[-12.4997,7.6352],[-12.4999,7.6328],[-12.4989,7.6298],[-12.4976,7.6291],[-12.4962,7.6285],[-12.4952,7.6285],[-12.494,7.6279],[-12.4917,7.6275],[-12.4897,7.6266],[-12.4882,7.6255],[-12.487,7.6245],[-12.4849,7.6227],[-12.4836,7.6208],[-12.4815,7.6177],[-12.48,7.6157],[-12.4788,7.615],[-12.4778,7.6148],[-12.4773,7.6139],[-12.4769,7.6128],[-12.4767,7.6121],[-12.4761,7.6105],[-12.4758,7.6093],[-12.4758,7.6085],[-12.4758,7.6073],[-12.4755,7.6046],[-12.4753,7.6025],[-12.4745,7.6009],[-12.4742,7.6001],[-12.4735,7.5971],[-12.4723,7.5943],[-12.4712,7.5917],[-12.4698,7.5884],[-12.4689,7.5857],[-12.4682,7.5832],[-12.4678,7.5801],[-12.4675,7.5773],[-12.4674,7.5747],[-12.4689,7.5732],[-12.4691,7.572],[-12.4691,7.5704],[-12.4691,7.5689],[-12.4691,7.5674],[-12.4692,7.5664],[-12.4695,7.5651],[-12.4698,7.5637],[-12.4705,7.5625],[-12.4693,7.5605],[-12.4676,7.5595],[-12.4668,7.5593],[-12.4667,7.5586],[-12.4665,7.5577],[-12.465,7.5562],[-12.4635,7.5548],[-12.4609,7.5538],[-12.4588,7.5536],[-12.4575,7.5541],[-12.4568,7.5553],[-12.456,7.5553],[-12.4548,7.5559],[-12.4534,7.5566],[-12.4513,7.5568],[-12.4498,7.5569],[-12.4478,7.5563],[-12.4468,7.5557],[-12.444,7.5545],[-12.4413,7.5536],[-12.4386,7.5537],[-12.4366,7.5538],[-12.4353,7.5548],[-12.4341,7.5548],[-12.4319,7.5557],[-12.4284,7.5565],[-12.4253,7.5568],[-12.4234,7.5565],[-12.4215,7.556],[-12.4197,7.5553],[-12.4174,7.5543],[-12.4143,7.553],[-12.4107,7.5517],[-12.4078,7.5505],[-12.4034,7.5492],[-12.4006,7.5486],[-12.3993,7.549],[-12.398,7.5503],[-12.3969,7.5524],[-12.3959,7.5537],[-12.3945,7.5541],[-12.3933,7.5531],[-12.393,7.5513],[-12.3926,7.5487],[-12.3922,7.5476],[-12.3919,7.547],[-12.3907,7.5462],[-12.3895,7.5452],[-12.3883,7.5448],[-12.3871,7.5446],[-12.3865,7.5446],[-12.3859,7.5446],[-12.3858,7.5443],[-12.3845,7.5441],[-12.3833,7.5431],[-12.3825,7.5428],[-12.3818,7.5422],[-12.3812,7.5412],[-12.3795,7.5373],[-12.3856,7.5339],[-12.3916,7.5358],[-12.3997,7.5328],[-12.4051,7.5308],[-12.4136,7.5297],[-12.4179,7.5278],[-12.4196,7.5271],[-12.4222,7.5304],[-12.4275,7.5301],[-12.4298,7.5299],[-12.4331,7.5271],[-12.4426,7.5202],[-12.4444,7.5174],[-12.4458,7.5153],[-12.4486,7.5125],[-12.4528,7.5103],[-12.4573,7.5059],[-12.459,7.5016],[-12.4597,7.4968],[-12.4625,7.4903],[-12.4656,7.4851],[-12.4671,7.4828],[-12.4694,7.4793],[-12.4725,7.4749],[-12.4755,7.4701],[-12.48,7.4622],[-12.4841,7.4585],[-12.4878,7.454],[-12.4897,7.4492],[-12.4893,7.4481],[-12.4867,7.4462],[-12.4832,7.4438],[-12.4774,7.439],[-12.4746,7.4338],[-12.47,7.4286],[-12.4655,7.4255],[-12.4587,7.4234],[-12.4542,7.4243],[-12.4513,7.4249],[-12.4426,7.4279],[-12.439,7.4284],[-12.4353,7.4255],[-12.4318,7.4229],[-12.4268,7.4216],[-12.422,7.4197],[-12.4181,7.4186],[-12.414,7.4156],[-12.4118,7.4137],[-12.4118,7.4136],[-12.4118,7.4129],[-12.4133,7.4095],[-12.4203,7.4127],[-12.4246,7.4123],[-12.4296,7.411],[-12.4357,7.4099],[-12.4442,7.4077],[-12.4503,7.4075],[-12.4554,7.4071],[-12.4637,7.4071],[-12.4687,7.4066],[-12.4698,7.4066],[-12.4772,7.4068],[-12.4832,7.4041],[-12.4903,7.4008],[-12.4948,7.3975],[-12.4981,7.3952],[-12.4985,7.3936],[-12.4997,7.3913],[-12.5016,7.3903],[-12.5038,7.3907],[-12.51,7.3899],[-12.5134,7.3895],[-12.5154,7.3884],[-12.5216,7.3865],[-12.5222,7.3851],[-12.5198,7.3839],[-12.5175,7.3837],[-12.5097,7.383],[-12.5001,7.3821],[-12.4888,7.3805],[-12.4766,7.3781],[-12.4663,7.376],[-12.4652,7.3758],[-12.4548,7.3737],[-12.447,7.3717],[-12.4408,7.3693],[-12.4403,7.3692],[-12.3925,7.3549],[-12.3878,7.3531],[-12.3601,7.3425],[-12.325,7.3305],[-12.318,7.3281],[-12.2867,7.3164],[-12.2693,7.31],[-12.2507,7.3024],[-12.2159,7.288],[-12.2013,7.2827],[-12.1541,7.2652],[-12.1344,7.2579],[-12.128,7.2556],[-12.0934,7.242],[-12.0564,7.2275],[-12.0525,7.226],[-12.02,7.214],[-11.9942,7.2044],[-11.9723,7.1963],[-11.96,7.1915],[-11.9592,7.1926],[-11.9541,7.2002],[-11.9496,7.2064],[-11.9445,7.2206],[-11.9421,7.2248],[-11.9402,7.2271],[-11.9384,7.2284],[-11.9368,7.2286],[-11.9317,7.2266],[-11.9277,7.2232],[-11.9263,7.2167],[-11.9231,7.2132],[-11.9192,7.2141],[-11.9144,7.218],[-11.9139,7.218],[-11.9114,7.2169],[-11.9091,7.2141],[-11.9028,7.2115],[-11.8989,7.2104],[-11.8976,7.2115],[-11.8949,7.2138],[-11.893,7.2235],[-11.8923,7.2283],[-11.8918,7.236],[-11.8916,7.2376],[-11.8912,7.2419],[-11.8901,7.2465],[-11.8892,7.2499],[-11.8855,7.2539],[-11.8832,7.259],[-11.883,7.2652],[-11.8818,7.2695],[-11.8817,7.2698],[-11.8812,7.2718],[-11.8813,7.2732],[-11.8804,7.2738],[-11.8793,7.2766],[-11.8804,7.2802],[-11.8828,7.2828],[-11.8839,7.2834],[-11.8872,7.2843],[-11.8889,7.2853],[-11.8915,7.2868],[-11.8952,7.2894],[-11.897,7.291],[-11.8977,7.2917],[-11.9,7.2993],[-11.8994,7.3019],[-11.899,7.3206],[-11.899,7.326],[-11.899,7.3328],[-11.9016,7.3366],[-11.9024,7.3377],[-11.8979,7.3402],[-11.8919,7.3462],[-11.8916,7.3465],[-11.8885,7.3487],[-11.8916,7.353],[-11.8891,7.3644],[-11.8851,7.3729],[-11.8803,7.3797],[-11.8799,7.3822],[-11.8794,7.3851],[-11.8781,7.3939],[-11.8804,7.3951],[-11.8835,7.3942],[-11.8844,7.3965],[-11.8844,7.399],[-11.8866,7.399],[-11.8886,7.401],[-11.8864,7.4027],[-11.8858,7.4087],[-11.881,7.4078],[-11.8832,7.4104],[-11.884,7.4114],[-11.8846,7.4123],[-11.8849,7.4127],[-11.8847,7.4147],[-11.8824,7.4155],[-11.8807,7.4166],[-11.8803,7.4183],[-11.882,7.4195],[-11.8844,7.4195],[-11.8861,7.4213],[-11.8839,7.4232],[-11.8863,7.4272],[-11.8913,7.4304],[-11.893,7.4327],[-11.893,7.435],[-11.8942,7.4366],[-11.8943,7.4368],[-11.8967,7.4382],[-11.8984,7.4395],[-11.8983,7.4396],[-11.8956,7.4413],[-11.8949,7.4449],[-11.8942,7.4474],[-11.8938,7.4496],[-11.8933,7.4522],[-11.8938,7.4548],[-11.8943,7.4564],[-11.8945,7.457],[-11.8938,7.4587],[-11.8938,7.4606],[-11.8916,7.4615],[-11.89,7.4636],[-11.89,7.4637],[-11.8874,7.4644],[-11.8874,7.4645],[-11.8875,7.4655],[-11.8879,7.4676],[-11.8884,7.4682],[-11.8892,7.4693],[-11.8893,7.4693],[-11.8893,7.4694],[-11.8899,7.4711],[-11.8887,7.4738],[-11.8885,7.4752],[-11.8884,7.4759],[-11.8898,7.4782],[-11.8898,7.48],[-11.8899,7.4823],[-11.8935,7.4834],[-11.8948,7.4849]]]]}},{"type":"Feature","properties":{"districtId":"bo","name":"Bo"},"geometry":{"type":"Polygon","coordinates":[[[-11.5114,7.6693],[-11.5101,7.6709],[-11.4977,7.6789],[-11.4935,7.6833],[-11.4911,7.6859],[-11.4885,7.6902],[-11.4884,7.6904],[-11.4879,7.6913],[-11.4877,7.6994],[-11.4873,7.7059],[-11.484,7.7114],[-11.4829,7.7132],[-11.4816,7.7132],[-11.4785,7.7132],[-11.4734,7.714],[-11.4713,7.7105],[-11.4698,7.7081],[-11.4628,7.707],[-11.4618,7.7019],[-11.4581,7.7005],[-11.457,7.6954],[-11.4552,7.6928],[-11.4526,7.6928],[-11.453,7.6954],[-11.4482,7.6983],[-11.4479,7.6943],[-11.4428,7.6946],[-11.4406,7.6932],[-11.4405,7.6936],[-11.4388,7.7008],[-11.4322,7.7005],[-11.4304,7.7045],[-11.4256,7.7019],[-11.425,7.7041],[-11.4232,7.7102],[-11.4227,7.7118],[-11.4205,7.7129],[-11.4205,7.7143],[-11.4212,7.722],[-11.4169,7.7264],[-11.4136,7.7267],[-11.4183,7.733],[-11.4169,7.7362],[-11.4128,7.7384],[-11.4156,7.7415],[-11.4161,7.7421],[-11.4161,7.7443],[-11.4117,7.7465],[-11.415,7.7494],[-11.4128,7.7516],[-11.411,7.7549],[-11.4077,7.7534],[-11.4037,7.7538],[-11.4026,7.757],[-11.4033,7.7596],[-11.4012,7.7687],[-11.4041,7.7702],[-11.4044,7.7735],[-11.4019,7.776],[-11.4015,7.7797],[-11.4048,7.7804],[-11.4066,7.783],[-11.4085,7.7862],[-11.4099,7.7914],[-11.4121,7.7917],[-11.4124,7.792],[-11.4143,7.7943],[-11.4143,7.7987],[-11.4146,7.8005],[-11.4152,7.8038],[-11.4181,7.8089],[-11.4192,7.8125],[-11.4199,7.8158],[-11.42,7.8162],[-11.4232,7.8169],[-11.424,7.8191],[-11.4254,7.8227],[-11.4305,7.8224],[-11.4326,7.821],[-11.4342,7.8198],[-11.4389,7.8184],[-11.4426,7.8147],[-11.4466,7.8114],[-11.451,7.8092],[-11.451,7.8045],[-11.4535,7.8019],[-11.4561,7.799],[-11.457,7.7949],[-11.4572,7.7939],[-11.4605,7.7928],[-11.4649,7.7914],[-11.4674,7.7881],[-11.466,7.7862],[-11.4689,7.7851],[-11.4689,7.7815],[-11.4729,7.7797],[-11.4732,7.7797],[-11.4773,7.7797],[-11.4794,7.7801],[-11.4824,7.7808],[-11.4882,7.7822],[-11.4916,7.7846],[-11.493,7.7855],[-11.4919,7.7906],[-11.486,7.7961],[-11.4816,7.7994],[-11.4835,7.8023],[-11.4864,7.8056],[-11.4864,7.81],[-11.4853,7.8144],[-11.4851,7.8146],[-11.482,7.818],[-11.4802,7.8217],[-11.482,7.8279],[-11.4846,7.8322],[-11.4809,7.8399],[-11.4773,7.8498],[-11.4748,7.8546],[-11.4736,7.8571],[-11.4703,7.8614],[-11.4619,7.864],[-11.4598,7.865],[-11.4532,7.8684],[-11.4473,7.8742],[-11.4464,7.8797],[-11.4459,7.8826],[-11.4481,7.887],[-11.4499,7.8906],[-11.4498,7.8909],[-11.4484,7.8954],[-11.4495,7.8976],[-11.447,7.9031],[-11.4424,7.9067],[-11.438,7.9085],[-11.4358,7.9125],[-11.4307,7.9125],[-11.4282,7.9133],[-11.4272,7.9144],[-11.4258,7.9161],[-11.4249,7.9173],[-11.4236,7.9159],[-11.4212,7.9133],[-11.4187,7.9129],[-11.4172,7.9104],[-11.4121,7.9085],[-11.4077,7.9114],[-11.4044,7.9114],[-11.399,7.9107],[-11.397,7.9112],[-11.3906,7.9125],[-11.3873,7.9078],[-11.384,7.9082],[-11.3847,7.9151],[-11.3867,7.918],[-11.3887,7.9209],[-11.3902,7.926],[-11.3902,7.9319],[-11.3902,7.9319],[-11.3902,7.9345],[-11.3902,7.9363],[-11.3778,7.9407],[-11.3764,7.9411],[-11.3696,7.9429],[-11.3687,7.9432],[-11.363,7.9509],[-11.3625,7.9516],[-11.3595,7.9553],[-11.3564,7.958],[-11.3537,7.9604],[-11.3561,7.9611],[-11.3574,7.9615],[-11.3584,7.9628],[-11.3606,7.9655],[-11.3603,7.9709],[-11.3632,7.975],[-11.365,7.9826],[-11.3664,7.9906],[-11.3668,7.9932],[-11.3727,7.9972],[-11.3778,7.9994],[-11.3829,8.0034],[-11.3871,8.0083],[-11.3877,8.0089],[-11.3875,8.0166],[-11.3849,8.0221],[-11.3776,8.0261],[-11.3714,8.0246],[-11.3699,8.0242],[-11.363,8.0235],[-11.3586,8.0235],[-11.3568,8.0235],[-11.3491,8.0224],[-11.3429,8.0221],[-11.3378,8.0217],[-11.336,8.0242],[-11.3361,8.0262],[-11.3364,8.0323],[-11.3358,8.0347],[-11.3353,8.037],[-11.3349,8.0388],[-11.3382,8.0443],[-11.3377,8.0463],[-11.3376,8.0466],[-11.3364,8.0516],[-11.3364,8.0538],[-11.3364,8.0593],[-11.3364,8.06],[-11.3353,8.067],[-11.3349,8.0753],[-11.3348,8.0778],[-11.3345,8.0859],[-11.3345,8.0863],[-11.3345,8.0865],[-11.3345,8.0943],[-11.3354,8.0962],[-11.3371,8.0998],[-11.3372,8.1002],[-11.3383,8.104],[-11.3411,8.114],[-11.3435,8.1184],[-11.3424,8.1235],[-11.345,8.1276],[-11.3457,8.1286],[-11.3519,8.1283],[-11.3574,8.1279],[-11.3663,8.1304],[-11.369,8.1312],[-11.3771,8.1327],[-11.3847,8.1338],[-11.3917,8.1338],[-11.399,8.133],[-11.3993,8.1333],[-11.4019,8.136],[-11.4033,8.1374],[-11.4026,8.1421],[-11.4015,8.1454],[-11.4026,8.148],[-11.3996,8.154],[-11.3993,8.1546],[-11.4037,8.163],[-11.396,8.1721],[-11.3873,8.1786],[-11.3829,8.1867],[-11.3822,8.1939],[-11.3822,8.1943],[-11.3858,8.1969],[-11.3895,8.1984],[-11.3906,8.2035],[-11.3913,8.2097],[-11.3935,8.2108],[-11.399,8.2111],[-11.3994,8.212],[-11.4015,8.2159],[-11.4001,8.2217],[-11.4002,8.2262],[-11.4002,8.2283],[-11.4065,8.2312],[-11.4123,8.2327],[-11.417,8.2356],[-11.4225,8.236],[-11.4273,8.2371],[-11.4331,8.2371],[-11.4378,8.236],[-11.4381,8.2365],[-11.4408,8.2422],[-11.4448,8.2469],[-11.445,8.2473],[-11.4466,8.2509],[-11.4473,8.2516],[-11.4517,8.2564],[-11.4557,8.2608],[-11.4601,8.2663],[-11.4616,8.2681],[-11.4623,8.27],[-11.4652,8.2783],[-11.4689,8.2863],[-11.4696,8.298],[-11.4689,8.3068],[-11.4685,8.3141],[-11.4698,8.3162],[-11.4711,8.3181],[-11.474,8.3225],[-11.478,8.3279],[-11.4906,8.3415],[-11.5004,8.3502],[-11.5074,8.3509],[-11.5117,8.3521],[-11.5168,8.3534],[-11.5172,8.3535],[-11.5256,8.355],[-11.534,8.3601],[-11.5421,8.3648],[-11.5464,8.3703],[-11.5484,8.3764],[-11.5501,8.3816],[-11.5538,8.3966],[-11.5541,8.3977],[-11.5541,8.4042],[-11.5534,8.4163],[-11.5534,8.425],[-11.5536,8.4287],[-11.5537,8.4305],[-11.5553,8.433],[-11.5563,8.4345],[-11.562,8.4462],[-11.564,8.4482],[-11.57,8.4539],[-11.5758,8.4568],[-11.5849,8.4619],[-11.5901,8.4678],[-11.5901,8.4824],[-11.5923,8.4888],[-11.5929,8.4888],[-11.6016,8.4851],[-11.6114,8.4801],[-11.6167,8.4781],[-11.619,8.4774],[-11.6244,8.4755],[-11.6298,8.4749],[-11.6348,8.4753],[-11.6406,8.4742],[-11.6448,8.4742],[-11.6472,8.4742],[-11.6532,8.4733],[-11.6544,8.4733],[-11.657,8.4733],[-11.6603,8.4735],[-11.6651,8.4735],[-11.6706,8.4732],[-11.6747,8.4725],[-11.6816,8.4714],[-11.6862,8.4712],[-11.6908,8.4723],[-11.6954,8.4735],[-11.6978,8.4741],[-11.6997,8.4746],[-11.7016,8.4746],[-11.7041,8.4746],[-11.7104,8.476],[-11.7144,8.4773],[-11.7198,8.4792],[-11.7262,8.4828],[-11.7288,8.4834],[-11.7294,8.4835],[-11.7307,8.4808],[-11.7318,8.4787],[-11.7326,8.4764],[-11.7328,8.4732],[-11.7323,8.4723],[-11.7309,8.4712],[-11.7303,8.4689],[-11.7289,8.4669],[-11.7298,8.4638],[-11.7289,8.4622],[-11.7286,8.4606],[-11.727,8.459],[-11.7271,8.4574],[-11.727,8.4558],[-11.7268,8.452],[-11.7284,8.4506],[-11.7303,8.4502],[-11.7311,8.4491],[-11.7316,8.4485],[-11.7305,8.4478],[-11.7302,8.4465],[-11.7314,8.4453],[-11.731,8.4442],[-11.7325,8.4419],[-11.733,8.4396],[-11.7346,8.4394],[-11.7362,8.4401],[-11.7376,8.4405],[-11.7389,8.4389],[-11.7385,8.4369],[-11.7369,8.4346],[-11.738,8.433],[-11.7392,8.4311],[-11.7394,8.428],[-11.7399,8.4256],[-11.741,8.4222],[-11.7466,8.4218],[-11.7485,8.4197],[-11.7494,8.4186],[-11.7503,8.4174],[-11.7519,8.4155],[-11.7519,8.4154],[-11.7541,8.4128],[-11.7533,8.4108],[-11.756,8.406],[-11.7571,8.4035],[-11.7589,8.4028],[-11.7594,8.406],[-11.7619,8.4048],[-11.7622,8.4023],[-11.7622,8.401],[-11.761,8.3991],[-11.7621,8.3966],[-11.7637,8.3969],[-11.7638,8.3994],[-11.766,8.3989],[-11.7665,8.3962],[-11.7653,8.3946],[-11.7667,8.3927],[-11.7702,8.3937],[-11.7729,8.3939],[-11.7768,8.3918],[-11.7778,8.3913],[-11.78,8.39],[-11.7816,8.3923],[-11.7844,8.3888],[-11.7867,8.3888],[-11.7883,8.3872],[-11.7891,8.3834],[-11.7914,8.3818],[-11.7953,8.3836],[-11.7959,8.3828],[-11.7965,8.382],[-11.7967,8.382],[-11.7986,8.3822],[-11.8032,8.3817],[-11.8058,8.3795],[-11.8101,8.377],[-11.8133,8.3751],[-11.8163,8.3719],[-11.8172,8.3683],[-11.8181,8.363],[-11.8208,8.3593],[-11.8233,8.3577],[-11.8227,8.3558],[-11.8224,8.354],[-11.8212,8.3468],[-11.8198,8.3426],[-11.8195,8.3387],[-11.8185,8.3356],[-11.8188,8.3327],[-11.8176,8.331],[-11.8148,8.3324],[-11.8131,8.3337],[-11.8104,8.3356],[-11.8054,8.3349],[-11.8029,8.3329],[-11.8027,8.3369],[-11.8004,8.3387],[-11.7964,8.3411],[-11.7912,8.3426],[-11.7877,8.3392],[-11.788,8.3354],[-11.7867,8.3332],[-11.7865,8.3329],[-11.7854,8.3302],[-11.7853,8.33],[-11.7853,8.3297],[-11.7849,8.3278],[-11.7847,8.3269],[-11.7846,8.3267],[-11.7844,8.3251],[-11.7842,8.3241],[-11.7842,8.3237],[-11.7842,8.3197],[-11.7841,8.3195],[-11.7835,8.3145],[-11.782,8.3108],[-11.7816,8.3098],[-11.7816,8.3097],[-11.7808,8.307],[-11.7796,8.3009],[-11.7798,8.2991],[-11.7804,8.2942],[-11.7816,8.2847],[-11.7909,8.2857],[-11.7975,8.2857],[-11.8036,8.2859],[-11.8102,8.2859],[-11.8177,8.285],[-11.8264,8.2839],[-11.8328,8.2819],[-11.8376,8.2822],[-11.8398,8.2802],[-11.84,8.2762],[-11.8398,8.2754],[-11.8391,8.2722],[-11.8373,8.269],[-11.8329,8.2661],[-11.8309,8.2644],[-11.8304,8.264],[-11.8262,8.2606],[-11.8217,8.2583],[-11.821,8.2575],[-11.816,8.2529],[-11.8088,8.2482],[-11.8057,8.246],[-11.8041,8.2439],[-11.8042,8.2409],[-11.8049,8.2384],[-11.8049,8.2352],[-11.8051,8.2317],[-11.8046,8.2297],[-11.8044,8.229],[-11.8029,8.2265],[-11.8014,8.2233],[-11.8014,8.2199],[-11.8016,8.2159],[-11.8016,8.2087],[-11.8016,8.2084],[-11.8018,8.2012],[-11.8023,8.1975],[-11.803,8.1928],[-11.803,8.191],[-11.803,8.1887],[-11.8042,8.1858],[-11.8048,8.183],[-11.8055,8.1796],[-11.8057,8.1766],[-11.8082,8.1744],[-11.8082,8.1737],[-11.8082,8.1734],[-11.8092,8.1725],[-11.8105,8.1713],[-11.8082,8.1686],[-11.8105,8.1677],[-11.8105,8.1656],[-11.8125,8.1651],[-11.8125,8.1639],[-11.8142,8.1619],[-11.8144,8.1605],[-11.816,8.158],[-11.8163,8.1527],[-11.8172,8.1532],[-11.8203,8.1549],[-11.8241,8.1554],[-11.8282,8.1555],[-11.8339,8.1555],[-11.8402,8.1552],[-11.8452,8.1549],[-11.8459,8.1549],[-11.8519,8.153],[-11.8576,8.1507],[-11.8636,8.1475],[-11.8699,8.1438],[-11.8746,8.1408],[-11.8774,8.1373],[-11.8823,8.1309],[-11.8855,8.1278],[-11.8856,8.1274],[-11.8878,8.1227],[-11.8898,8.1174],[-11.8925,8.1127],[-11.8958,8.1085],[-11.8982,8.1053],[-11.9005,8.1001],[-11.9013,8.0983],[-11.9035,8.0903],[-11.906,8.0834],[-11.9073,8.0797],[-11.9076,8.0781],[-11.9077,8.0779],[-11.9098,8.0749],[-11.9135,8.0709],[-11.9138,8.0705],[-11.9163,8.0677],[-11.9165,8.0643],[-11.9152,8.0612],[-11.9133,8.0583],[-11.9105,8.056],[-11.907,8.0543],[-11.9051,8.0523],[-11.9019,8.0506],[-11.8987,8.0479],[-11.8962,8.0451],[-11.8938,8.0426],[-11.891,8.0401],[-11.8887,8.0377],[-11.8856,8.0342],[-11.883,8.031],[-11.8818,8.0292],[-11.8827,8.0263],[-11.8828,8.0262],[-11.8851,8.0233],[-11.8873,8.0208],[-11.889,8.0183],[-11.8917,8.0155],[-11.8932,8.011],[-11.8937,8.0084],[-11.8933,8.0043],[-11.89,7.9999],[-11.8858,7.9967],[-11.8821,7.9939],[-11.8846,7.9937],[-11.8871,7.9919],[-11.8907,7.9914],[-11.8937,7.9889],[-11.8979,7.991],[-11.9002,7.9927],[-11.904,7.9964],[-11.9051,7.9971],[-11.9064,7.9979],[-11.9091,7.9989],[-11.9096,7.9994],[-11.9097,7.9994],[-11.9119,8.0013],[-11.9141,8.0014],[-11.9192,8.0018],[-11.9222,8.0023],[-11.9279,8.0028],[-11.9334,8.0038],[-11.9381,8.0053],[-11.9414,8.0061],[-11.946,8.0056],[-11.9542,8.0058],[-11.959,8.0064],[-11.9666,8.0093],[-11.973,8.0108],[-11.9777,8.0115],[-11.9782,8.0116],[-11.9822,8.0125],[-11.9854,8.0125],[-11.9916,8.0135],[-11.996,8.0136],[-11.9961,8.0136],[-12.0008,8.0136],[-12.0091,8.0138],[-12.0118,8.013],[-12.0139,8.0123],[-12.0181,8.0095],[-12.0201,8.0058],[-12.0224,8.0016],[-12.0274,7.9964],[-12.0313,7.9917],[-12.033,7.9895],[-12.0349,7.9872],[-12.0368,7.985],[-12.0415,7.982],[-12.0459,7.9788],[-12.0487,7.9775],[-12.0556,7.9736],[-12.0588,7.9727],[-12.0607,7.9721],[-12.0643,7.9723],[-12.0662,7.9757],[-12.0669,7.9773],[-12.0699,7.9773],[-12.0729,7.9773],[-12.0762,7.9773],[-12.0773,7.9779],[-12.0787,7.9787],[-12.0824,7.9787],[-12.0863,7.9795],[-12.0863,7.9795],[-12.0909,7.9802],[-12.0959,7.9782],[-12.0961,7.9782],[-12.1003,7.9783],[-12.1032,7.9768],[-12.1047,7.9768],[-12.1067,7.9768],[-12.112,7.9768],[-12.1155,7.9762],[-12.1158,7.9759],[-12.117,7.9746],[-12.1199,7.9746],[-12.1221,7.9763],[-12.1259,7.9767],[-12.1294,7.9745],[-12.1294,7.9745],[-12.1302,7.972],[-12.1319,7.9701],[-12.1329,7.9663],[-12.1345,7.9656],[-12.1369,7.9661],[-12.1384,7.9618],[-12.1403,7.9583],[-12.1416,7.9561],[-12.1408,7.9531],[-12.1411,7.9464],[-12.1399,7.945],[-12.1391,7.944],[-12.1366,7.943],[-12.1353,7.9393],[-12.1353,7.9358],[-12.1353,7.9324],[-12.1353,7.9323],[-12.1341,7.928],[-12.1329,7.9233],[-12.133,7.9229],[-12.1333,7.9194],[-12.1351,7.9141],[-12.1357,7.9096],[-12.135,7.9064],[-12.1339,7.904],[-12.1355,7.8999],[-12.1373,7.8966],[-12.1374,7.8963],[-12.1382,7.892],[-12.1382,7.889],[-12.1377,7.8841],[-12.1365,7.8809],[-12.1364,7.8805],[-12.1357,7.8766],[-12.1369,7.8743],[-12.1387,7.8717],[-12.1391,7.8712],[-12.1414,7.8682],[-12.1449,7.8644],[-12.1467,7.8609],[-12.147,7.8555],[-12.1445,7.8503],[-12.1436,7.8494],[-12.143,7.8488],[-12.142,7.8478],[-12.1381,7.846],[-12.1358,7.8433],[-12.1357,7.8428],[-12.135,7.839],[-12.1356,7.8353],[-12.1366,7.8324],[-12.1368,7.8318],[-12.1371,7.8284],[-12.1383,7.8259],[-12.1388,7.8226],[-12.1391,7.8159],[-12.1386,7.8146],[-12.138,7.813],[-12.1365,7.8097],[-12.1366,7.8071],[-12.1367,7.8038],[-12.137,7.7993],[-12.1345,7.7988],[-12.1329,7.7976],[-12.1315,7.7961],[-12.1298,7.7936],[-12.1293,7.7913],[-12.1297,7.7893],[-12.132,7.7881],[-12.1347,7.7871],[-12.1372,7.7866],[-12.1374,7.7846],[-12.1374,7.7842],[-12.1354,7.7812],[-12.1329,7.7775],[-12.1335,7.773],[-12.1362,7.7687],[-12.137,7.7652],[-12.136,7.763],[-12.1298,7.7566],[-12.1271,7.7543],[-12.1236,7.7513],[-12.1231,7.7479],[-12.1236,7.7459],[-12.1226,7.7432],[-12.1209,7.7416],[-12.1207,7.7414],[-12.1196,7.7379],[-12.1187,7.736],[-12.1179,7.7342],[-12.1171,7.7331],[-12.1145,7.7297],[-12.1125,7.7238],[-12.1092,7.7199],[-12.1092,7.7198],[-12.1084,7.7158],[-12.1079,7.7098],[-12.108,7.7097],[-12.1112,7.7049],[-12.1118,7.7041],[-12.1141,7.6981],[-12.116,7.6944],[-12.1173,7.6894],[-12.1175,7.6887],[-12.1173,7.6872],[-12.1155,7.6855],[-12.1131,7.6833],[-12.1098,7.6807],[-12.108,7.6792],[-12.1037,7.6791],[-12.1014,7.6807],[-12.096,7.6831],[-12.0897,7.6869],[-12.0848,7.6894],[-12.0799,7.6909],[-12.0737,7.6916],[-12.0736,7.6916],[-12.0734,7.6916],[-12.0685,7.6916],[-12.0663,7.6916],[-12.0628,7.6914],[-12.0584,7.6909],[-12.0548,7.6907],[-12.0537,7.6909],[-12.0501,7.6914],[-12.0463,7.689],[-12.0439,7.6869],[-12.0417,7.6849],[-12.0404,7.6835],[-12.0395,7.6826],[-12.0367,7.6795],[-12.0338,7.6763],[-12.0328,7.674],[-12.0321,7.6722],[-12.0312,7.6701],[-12.0297,7.6673],[-12.028,7.6648],[-12.0268,7.663],[-12.0264,7.6623],[-12.0251,7.6607],[-12.0242,7.6596],[-12.0217,7.6575],[-12.0172,7.6584],[-12.0146,7.6596],[-12.013,7.6613],[-12.0119,7.6635],[-12.0108,7.6664],[-12.0091,7.6682],[-12.0068,7.6687],[-12.0041,7.6687],[-12.0021,7.6679],[-12.0007,7.665],[-11.9997,7.6617],[-11.9997,7.6617],[-11.9996,7.6617],[-11.9996,7.6615],[-11.9982,7.6617],[-11.9945,7.6622],[-11.9931,7.6623],[-11.9899,7.6616],[-11.9878,7.6597],[-11.9878,7.6597],[-11.9871,7.6564],[-11.9869,7.6557],[-11.9865,7.6546],[-11.9859,7.6531],[-11.9858,7.6529],[-11.9858,7.6528],[-11.9857,7.6527],[-11.9843,7.652],[-11.9828,7.6512],[-11.9797,7.6509],[-11.9797,7.6509],[-11.977,7.6517],[-11.977,7.6517],[-11.9757,7.6538],[-11.9756,7.6538],[-11.9744,7.6554],[-11.9744,7.6554],[-11.9743,7.6552],[-11.9739,7.6549],[-11.9736,7.6547],[-11.9736,7.6546],[-11.9736,7.6544],[-11.9731,7.6537],[-11.973,7.6537],[-11.9721,7.6521],[-11.9721,7.652],[-11.9719,7.6517],[-11.9718,7.6516],[-11.9717,7.651],[-11.9716,7.6508],[-11.9716,7.6506],[-11.9715,7.6505],[-11.9715,7.6505],[-11.9715,7.65],[-11.9715,7.649],[-11.9716,7.6469],[-11.9716,7.6465],[-11.9717,7.6464],[-11.9724,7.6445],[-11.9729,7.6432],[-11.973,7.643],[-11.9735,7.6417],[-11.9738,7.6408],[-11.9745,7.6396],[-11.9757,7.6375],[-11.9812,7.6354],[-11.9869,7.6367],[-11.9898,7.6381],[-11.9914,7.6387],[-11.9924,7.6392],[-11.9964,7.6398],[-12.0004,7.6389],[-12.0028,7.6366],[-12.0057,7.6333],[-12.0068,7.6301],[-12.0061,7.6261],[-12.0042,7.6207],[-12.0029,7.6165],[-12.0018,7.6132],[-12.0011,7.609],[-11.9988,7.604],[-11.9979,7.5992],[-11.9975,7.5951],[-11.9929,7.5954],[-11.9883,7.5966],[-11.9845,7.5976],[-11.9812,7.5986],[-11.9782,7.5996],[-11.9774,7.5998],[-11.9721,7.6014],[-11.9681,7.602],[-11.9643,7.603],[-11.9588,7.6034],[-11.9541,7.6042],[-11.9522,7.603],[-11.9519,7.6029],[-11.9538,7.5997],[-11.9567,7.5982],[-11.9593,7.5965],[-11.9627,7.5951],[-11.9656,7.5906],[-11.9687,7.588],[-11.9716,7.5837],[-11.973,7.5799],[-11.9736,7.5785],[-11.9742,7.577],[-11.9766,7.5742],[-11.978,7.5725],[-11.9815,7.5682],[-11.984,7.5653],[-11.9862,7.5616],[-11.9872,7.5597],[-11.9872,7.5595],[-11.9876,7.5582],[-11.9878,7.5576],[-11.9887,7.555],[-11.9894,7.5527],[-11.9885,7.5502],[-11.9875,7.5485],[-11.9865,7.546],[-11.985,7.5441],[-11.9834,7.5424],[-11.9825,7.5413],[-11.9815,7.5396],[-11.9783,7.5378],[-11.9783,7.5378],[-11.976,7.537],[-11.9743,7.5361],[-11.9718,7.5344],[-11.9712,7.5339],[-11.9696,7.5328],[-11.9665,7.5309],[-11.9623,7.5307],[-11.9613,7.5304],[-11.9602,7.5301],[-11.956,7.5296],[-11.9531,7.5296],[-11.95,7.5306],[-11.9471,7.5294],[-11.9441,7.5298],[-11.9416,7.5303],[-11.9385,7.5309],[-11.9317,7.5307],[-11.9289,7.5307],[-11.9252,7.531],[-11.9227,7.5323],[-11.9221,7.5326],[-11.9199,7.5341],[-11.9192,7.5346],[-11.9164,7.5355],[-11.914,7.5346],[-11.9111,7.5332],[-11.9092,7.532],[-11.9091,7.532],[-11.9063,7.5303],[-11.9042,7.529],[-11.9026,7.5277],[-11.8997,7.5258],[-11.8995,7.5256],[-11.8986,7.5248],[-11.897,7.5226],[-11.8965,7.5219],[-11.8961,7.5214],[-11.8946,7.5192],[-11.8923,7.5176],[-11.8897,7.5163],[-11.8879,7.5149],[-11.8855,7.5137],[-11.8815,7.5118],[-11.8794,7.5101],[-11.8803,7.5089],[-11.8829,7.5056],[-11.8858,7.5031],[-11.8865,7.5025],[-11.8891,7.5005],[-11.8902,7.4996],[-11.8925,7.4964],[-11.896,7.4945],[-11.8999,7.491],[-11.8978,7.489],[-11.8969,7.4877],[-11.8954,7.4855],[-11.8948,7.4849],[-11.8854,7.4808],[-11.8801,7.4808],[-11.8717,7.4827],[-11.8696,7.4832],[-11.8623,7.4873],[-11.8602,7.4929],[-11.8598,7.495],[-11.859,7.4982],[-11.8574,7.5072],[-11.8598,7.5128],[-11.8618,7.515],[-11.8667,7.5201],[-11.8671,7.5206],[-11.8716,7.5291],[-11.8676,7.534],[-11.8663,7.5356],[-11.8628,7.5384],[-11.8623,7.5388],[-11.8574,7.5396],[-11.8564,7.539],[-11.8517,7.536],[-11.8488,7.5336],[-11.846,7.5299],[-11.8419,7.5295],[-11.8375,7.5303],[-11.8334,7.5283],[-11.8322,7.5283],[-11.8285,7.5283],[-11.8237,7.5283],[-11.8216,7.5307],[-11.8241,7.5384],[-11.8285,7.5433],[-11.8329,7.5462],[-11.8346,7.5474],[-11.8411,7.5522],[-11.848,7.5612],[-11.8458,7.5648],[-11.8428,7.5694],[-11.8426,7.5697],[-11.8397,7.5738],[-11.8365,7.577],[-11.834,7.5786],[-11.8308,7.5807],[-11.8268,7.5846],[-11.8267,7.5847],[-11.8216,7.5847],[-11.8198,7.5847],[-11.8133,7.5839],[-11.81,7.5846],[-11.8072,7.5851],[-11.8032,7.5912],[-11.7979,7.5941],[-11.7922,7.5855],[-11.7853,7.5908],[-11.7805,7.594],[-11.7804,7.5941],[-11.7751,7.5977],[-11.769,7.6022],[-11.7674,7.605],[-11.7654,7.6083],[-11.7651,7.6088],[-11.7621,7.6144],[-11.7589,7.6205],[-11.7583,7.6215],[-11.7552,7.6274],[-11.7515,7.6331],[-11.7508,7.6343],[-11.7463,7.6375],[-11.7463,7.6408],[-11.7447,7.6457],[-11.7406,7.6526],[-11.7434,7.657],[-11.743,7.6631],[-11.7382,7.6648],[-11.737,7.6653],[-11.7325,7.6676],[-11.7191,7.666],[-11.7191,7.6566],[-11.7209,7.6514],[-11.7223,7.6473],[-11.7211,7.6416],[-11.7154,7.6343],[-11.7161,7.6335],[-11.7227,7.6254],[-11.7268,7.618],[-11.7269,7.6177],[-11.7296,7.6079],[-11.7353,7.5982],[-11.7369,7.5953],[-11.7418,7.5864],[-11.7403,7.5788],[-11.7402,7.5782],[-11.7365,7.5734],[-11.7329,7.5681],[-11.7256,7.5583],[-11.7232,7.5528],[-11.7219,7.5498],[-11.7154,7.5482],[-11.7159,7.5496],[-11.7183,7.5559],[-11.7158,7.5575],[-11.7158,7.5608],[-11.7105,7.5624],[-11.7105,7.5648],[-11.7093,7.5685],[-11.7037,7.5718],[-11.7024,7.5726],[-11.698,7.577],[-11.6939,7.5831],[-11.6939,7.5832],[-11.6939,7.5868],[-11.6935,7.5923],[-11.6935,7.5933],[-11.6939,7.5981],[-11.6906,7.6022],[-11.6894,7.6049],[-11.6878,7.6083],[-11.6837,7.614],[-11.6797,7.6184],[-11.6752,7.6286],[-11.6687,7.6331],[-11.6642,7.6331],[-11.659,7.6331],[-11.6507,7.6331],[-11.65,7.6331],[-11.6472,7.6347],[-11.6441,7.6349],[-11.6399,7.6351],[-11.6273,7.6351],[-11.6215,7.6361],[-11.6151,7.6371],[-11.6078,7.6319],[-11.6025,7.6262],[-11.5964,7.6254],[-11.5879,7.6258],[-11.5818,7.6277],[-11.5814,7.6278],[-11.5765,7.6351],[-11.5724,7.64],[-11.57,7.6493],[-11.5663,7.6566],[-11.5631,7.6627],[-11.562,7.664],[-11.5578,7.6688],[-11.5456,7.6765],[-11.5318,7.6769],[-11.528,7.6757],[-11.5156,7.6717],[-11.5114,7.6693]]]}},{"type":"Feature","properties":{"districtId":"kambia","name":"Kambia"},"geometry":{"type":"MultiPolygon","coordinates":[[[[-13.2636,8.8519],[-13.2635,8.8528],[-13.2634,8.8537],[-13.2638,8.8544],[-13.2649,8.855],[-13.2662,8.8556],[-13.2685,8.8559],[-13.2699,8.8559],[-13.2709,8.8559],[-13.2727,8.8554],[-13.2717,8.8546],[-13.2703,8.8541],[-13.2702,8.8536],[-13.2707,8.8524],[-13.2712,8.8516],[-13.2726,8.8512],[-13.2734,8.851],[-13.2733,8.85],[-13.2725,8.8506],[-13.2712,8.8508],[-13.2693,8.8511],[-13.2672,8.8513],[-13.2661,8.8515],[-13.2649,8.8516],[-13.265,8.8513],[-13.2667,8.8503],[-13.2672,8.8495],[-13.2666,8.8491],[-13.2656,8.8501],[-13.2646,8.8508],[-13.2636,8.8519]]],[[[-13.2732,8.8732],[-13.2742,8.8758],[-13.2742,8.8765],[-13.2747,8.8769],[-13.276,8.8766],[-13.2762,8.8755],[-13.2775,8.8749],[-13.2783,8.8749],[-13.2791,8.8742],[-13.2791,8.8731],[-13.279,8.8724],[-13.2776,8.8725],[-13.2767,8.8721],[-13.2766,8.8712],[-13.2766,8.87],[-13.2767,8.8689],[-13.2757,8.8678],[-13.2752,8.8671],[-13.2752,8.8666],[-13.2762,8.8664],[-13.2774,8.8664],[-13.2787,8.8664],[-13.2791,8.8661],[-13.2787,8.865],[-13.2781,8.8644],[-13.2772,8.8638],[-13.2757,8.8639],[-13.2746,8.8644],[-13.2736,8.8648],[-13.2725,8.8651],[-13.2715,8.8652],[-13.2706,8.8658],[-13.2697,8.8668],[-13.271,8.8685],[-13.2713,8.8696],[-13.2726,8.8714],[-13.2732,8.8732]]],[[[-13.2373,8.8862],[-13.2369,8.8872],[-13.2379,8.8873],[-13.2389,8.8875],[-13.2401,8.8879],[-13.2405,8.8872],[-13.2398,8.8865],[-13.2384,8.8861],[-13.2373,8.8862]]],[[[-13.2346,8.8875],[-13.2343,8.888],[-13.2345,8.8886],[-13.2353,8.8885],[-13.2351,8.887],[-13.2346,8.8875]]],[[[-13.2446,8.8891],[-13.2447,8.8884],[-13.2438,8.888],[-13.2428,8.8876],[-13.2417,8.8882],[-13.2425,8.8887],[-13.2432,8.8887],[-13.2446,8.8891]]],[[[-13.2342,8.889],[-13.2338,8.8902],[-13.2349,8.8914],[-13.2365,8.8927],[-13.2371,8.8919],[-13.2359,8.8903],[-13.235,8.8891],[-13.2345,8.8887],[-13.2342,8.889]]],[[[-13.2573,8.8934],[-13.2591,8.8939],[-13.2607,8.893],[-13.2607,8.8917],[-13.259,8.892],[-13.2583,8.8917],[-13.2577,8.8917],[-13.2583,8.8915],[-13.2595,8.8909],[-13.2607,8.8907],[-13.2617,8.8907],[-13.262,8.8902],[-13.2617,8.8898],[-13.2607,8.8892],[-13.26,8.8883],[-13.2598,8.8872],[-13.2612,8.8864],[-13.2599,8.8851],[-13.2589,8.8845],[-13.2589,8.8839],[-13.2597,8.8835],[-13.26,8.8828],[-13.2594,8.8819],[-13.2586,8.8809],[-13.2588,8.8806],[-13.2588,8.8795],[-13.2578,8.878],[-13.2578,8.877],[-13.2582,8.8759],[-13.258,8.874],[-13.2573,8.8725],[-13.2555,8.8722],[-13.254,8.8727],[-13.2526,8.8742],[-13.2518,8.8741],[-13.2523,8.8731],[-13.2536,8.8722],[-13.2552,8.8705],[-13.2538,8.8695],[-13.2518,8.8685],[-13.2504,8.8683],[-13.2467,8.8697],[-13.2445,8.8714],[-13.2424,8.8725],[-13.2408,8.8736],[-13.2386,8.875],[-13.2377,8.8765],[-13.2369,8.878],[-13.2363,8.879],[-13.2358,8.8803],[-13.236,8.881],[-13.237,8.8819],[-13.2383,8.883],[-13.2394,8.8845],[-13.2404,8.8847],[-13.2408,8.8839],[-13.2401,8.8828],[-13.239,8.8818],[-13.2391,8.881],[-13.2399,8.8803],[-13.2388,8.8797],[-13.2384,8.8791],[-13.2384,8.8788],[-13.239,8.8785],[-13.24,8.8791],[-13.2412,8.8793],[-13.2433,8.8797],[-13.2453,8.8795],[-13.2456,8.8789],[-13.2463,8.8788],[-13.2478,8.8795],[-13.2493,8.881],[-13.2503,8.8825],[-13.2508,8.8843],[-13.2513,8.886],[-13.2523,8.8876],[-13.2535,8.8902],[-13.2553,8.8919],[-13.2573,8.8934]]],[[[-13.2668,8.892],[-13.2668,8.8929],[-13.2668,8.8934],[-13.2668,8.8944],[-13.2664,8.8952],[-13.2662,8.8959],[-13.2665,8.8964],[-13.2674,8.8964],[-13.2683,8.8963],[-13.2686,8.8959],[-13.2691,8.8944],[-13.2693,8.8938],[-13.2699,8.8931],[-13.269,8.8922],[-13.2684,8.8921],[-13.2674,8.8919],[-13.2668,8.892]]],[[[-13.2729,8.8961],[-13.2727,8.8969],[-13.2732,8.8971],[-13.2742,8.8973],[-13.274,8.8968],[-13.2747,8.8959],[-13.2734,8.8956],[-13.2729,8.8961]]],[[[-13.2451,8.8952],[-13.2459,8.8964],[-13.2454,8.8976],[-13.2453,8.898],[-13.2459,8.8984],[-13.247,8.8985],[-13.2478,8.8984],[-13.2484,8.8967],[-13.2477,8.8955],[-13.2467,8.8941],[-13.2458,8.893],[-13.2438,8.8919],[-13.2426,8.891],[-13.2409,8.89],[-13.2402,8.8892],[-13.2389,8.8884],[-13.2382,8.8885],[-13.2382,8.8893],[-13.2383,8.8899],[-13.2396,8.892],[-13.2403,8.8927],[-13.2414,8.8935],[-13.242,8.8949],[-13.2429,8.8954],[-13.2437,8.895],[-13.2451,8.8952]]],[[[-13.195,8.898],[-13.194,8.8982],[-13.1921,8.8987],[-13.1903,8.8994],[-13.1887,8.9001],[-13.1876,8.9007],[-13.1859,8.9022],[-13.1861,8.9032],[-13.1875,8.9029],[-13.189,8.9026],[-13.191,8.9019],[-13.1916,8.9018],[-13.1938,8.9013],[-13.1951,8.9004],[-13.1955,8.8999],[-13.1962,8.8996],[-13.1965,8.8987],[-13.1969,8.8981],[-13.1973,8.8974],[-13.1965,8.8974],[-13.195,8.898]]],[[[-13.2696,8.9024],[-13.2701,8.903],[-13.271,8.9035],[-13.2726,8.9049],[-13.2737,8.9059],[-13.2743,8.9057],[-13.2768,8.9052],[-13.278,8.9049],[-13.277,8.9041],[-13.2767,8.9039],[-13.2764,8.9036],[-13.2765,8.9029],[-13.2768,8.9022],[-13.2763,8.9015],[-13.276,8.9014],[-13.2746,8.9015],[-13.2738,8.902],[-13.2718,8.9018],[-13.2707,8.9018],[-13.2698,8.9017],[-13.2696,8.9024]]],[[[-13.1569,8.9039],[-13.1566,8.9045],[-13.1565,8.9055],[-13.1571,8.906],[-13.1583,8.9058],[-13.1593,8.9055],[-13.1601,8.9052],[-13.1616,8.9041],[-13.1621,8.9041],[-13.1626,8.9038],[-13.1632,8.9034],[-13.1641,8.9034],[-13.1647,8.9035],[-13.165,8.9033],[-13.1643,8.9026],[-13.1636,8.9023],[-13.1629,8.9023],[-13.1616,8.902],[-13.1606,8.9019],[-13.1597,8.9019],[-13.1588,8.9021],[-13.1573,8.9028],[-13.1569,8.9039]]],[[[-13.1959,8.9069],[-13.1965,8.9073],[-13.1979,8.9084],[-13.1998,8.9099],[-13.2017,8.9115],[-13.2033,8.9129],[-13.2049,8.9131],[-13.2064,8.9135],[-13.2055,8.9116],[-13.2051,8.9104],[-13.2046,8.9093],[-13.2038,8.9079],[-13.2028,8.9065],[-13.2018,8.9065],[-13.201,8.9057],[-13.2005,8.9057],[-13.1995,8.9058],[-13.1985,8.9059],[-13.1975,8.9064],[-13.1965,8.9064],[-13.1959,8.9069]]],[[[-13.2154,8.9161],[-13.2155,8.9169],[-13.2158,8.9173],[-13.2169,8.9174],[-13.2169,8.9159],[-13.2178,8.9159],[-13.2188,8.9162],[-13.2202,8.9163],[-13.2228,8.9157],[-13.2239,8.9151],[-13.2252,8.9149],[-13.2259,8.9143],[-13.2273,8.9139],[-13.2282,8.9133],[-13.2289,8.9132],[-13.2294,8.9124],[-13.2303,8.9123],[-13.2305,8.9124],[-13.2311,8.9129],[-13.2313,8.9133],[-13.2311,8.9143],[-13.2319,8.915],[-13.233,8.9144],[-13.2334,8.9135],[-13.2334,8.9127],[-13.2336,8.912],[-13.2337,8.9106],[-13.2341,8.9099],[-13.2347,8.9103],[-13.2347,8.911],[-13.2344,8.9119],[-13.234,8.9124],[-13.234,8.9136],[-13.2348,8.914],[-13.2354,8.9139],[-13.2358,8.9132],[-13.2358,8.9119],[-13.2359,8.9113],[-13.2361,8.9108],[-13.2367,8.9104],[-13.2371,8.9096],[-13.2375,8.9089],[-13.2378,8.9081],[-13.238,8.9074],[-13.2383,8.9061],[-13.2394,8.9053],[-13.2403,8.9051],[-13.2403,8.9041],[-13.2403,8.9027],[-13.2402,8.9013],[-13.2396,8.8989],[-13.2381,8.8967],[-13.2364,8.8949],[-13.2352,8.8936],[-13.2336,8.8924],[-13.2333,8.8921],[-13.2328,8.8916],[-13.2319,8.8908],[-13.2319,8.8904],[-13.2313,8.8896],[-13.2304,8.889],[-13.2295,8.8882],[-13.2282,8.8874],[-13.2269,8.8869],[-13.2269,8.8865],[-13.2278,8.8865],[-13.2293,8.8868],[-13.2305,8.8867],[-13.2313,8.8862],[-13.2318,8.8863],[-13.2324,8.8872],[-13.2334,8.8874],[-13.2337,8.8864],[-13.2332,8.8854],[-13.2329,8.8847],[-13.2332,8.8839],[-13.2339,8.8839],[-13.2349,8.8836],[-13.2352,8.8831],[-13.2343,8.8828],[-13.2334,8.8824],[-13.2312,8.8835],[-13.229,8.8845],[-13.2277,8.8848],[-13.2249,8.8854],[-13.2223,8.886],[-13.2221,8.8874],[-13.2209,8.8881],[-13.2205,8.8886],[-13.2191,8.889],[-13.2182,8.8892],[-13.2159,8.8903],[-13.2124,8.891],[-13.2101,8.892],[-13.2083,8.8926],[-13.2068,8.8934],[-13.2048,8.894],[-13.2029,8.8949],[-13.2007,8.8955],[-13.1991,8.8963],[-13.1982,8.8967],[-13.198,8.8975],[-13.1979,8.8998],[-13.198,8.9007],[-13.1985,8.9007],[-13.1996,8.9011],[-13.2023,8.9026],[-13.2042,8.9039],[-13.2065,8.9054],[-13.2086,8.9078],[-13.2099,8.9099],[-13.2109,8.912],[-13.2119,8.9139],[-13.2135,8.9158],[-13.2154,8.9161]]],[[[-13.2276,8.9247],[-13.2284,8.9248],[-13.2298,8.9253],[-13.2319,8.9255],[-13.2339,8.9256],[-13.2347,8.925],[-13.2336,8.9244],[-13.2328,8.9247],[-13.2324,8.9247],[-13.2309,8.9243],[-13.2299,8.9242],[-13.229,8.9241],[-13.2284,8.9238],[-13.2279,8.924],[-13.2276,8.9247]]],[[[-13.1437,8.8982],[-13.1424,8.8983],[-13.1407,8.8991],[-13.1397,8.9],[-13.138,8.9026],[-13.1376,8.9045],[-13.137,8.9055],[-13.136,8.9066],[-13.1347,8.9083],[-13.1329,8.9099],[-13.1309,8.9114],[-13.1298,8.9124],[-13.1281,8.9135],[-13.1274,8.9139],[-13.1255,8.9153],[-13.1233,8.917],[-13.1218,8.9185],[-13.1206,8.9204],[-13.1202,8.9213],[-13.1197,8.9225],[-13.119,8.9236],[-13.118,8.9253],[-13.1175,8.9264],[-13.118,8.9266],[-13.1191,8.9268],[-13.1204,8.9267],[-13.1212,8.9264],[-13.1222,8.9263],[-13.1242,8.9263],[-13.1252,8.9261],[-13.1261,8.9259],[-13.1282,8.9256],[-13.1299,8.9248],[-13.1311,8.9242],[-13.1324,8.9239],[-13.1342,8.9231],[-13.1358,8.9221],[-13.1365,8.9216],[-13.1377,8.9199],[-13.1385,8.9175],[-13.1392,8.9152],[-13.1405,8.9119],[-13.1416,8.9092],[-13.1433,8.9068],[-13.1447,8.9046],[-13.1457,8.9029],[-13.1467,8.9014],[-13.1476,8.9],[-13.1485,8.8999],[-13.1484,8.899],[-13.1477,8.8985],[-13.1458,8.8979],[-13.1447,8.8978],[-13.1437,8.8982]]],[[[-12.4381,9.2592],[-12.4387,9.2616],[-12.4395,9.2664],[-12.4402,9.2712],[-12.4395,9.2749],[-12.4343,9.2823],[-12.4306,9.2859],[-12.4317,9.2926],[-12.4332,9.3],[-12.4325,9.3081],[-12.4291,9.3135],[-12.4288,9.314],[-12.4243,9.3147],[-12.4243,9.3088],[-12.4229,9.3036],[-12.4162,9.3],[-12.414,9.2955],[-12.4103,9.2896],[-12.403,9.2852],[-12.4017,9.2852],[-12.3971,9.2852],[-12.3904,9.2874],[-12.3884,9.292],[-12.3875,9.2941],[-12.3912,9.3014],[-12.3956,9.3044],[-12.4037,9.3088],[-12.4096,9.3147],[-12.4098,9.3151],[-12.4125,9.3213],[-12.4133,9.3317],[-12.4089,9.3354],[-12.4037,9.339],[-12.403,9.341],[-12.3993,9.3516],[-12.3948,9.359],[-12.3882,9.3641],[-12.386,9.3624],[-12.3823,9.3597],[-12.3808,9.3531],[-12.3786,9.3508],[-12.372,9.3508],[-12.37,9.3521],[-12.3691,9.3527],[-12.3661,9.3545],[-12.3669,9.3568],[-12.3698,9.3649],[-12.37,9.3652],[-12.3711,9.3669],[-12.3764,9.3752],[-12.3761,9.3782],[-12.3762,9.3787],[-12.376,9.3794],[-12.3757,9.3833],[-12.3736,9.3887],[-12.3715,9.3942],[-12.37,9.3983],[-12.3698,9.3988],[-12.37,9.3991],[-12.3704,9.3998],[-12.3718,9.402],[-12.3749,9.4069],[-12.3816,9.4121],[-12.3878,9.4134],[-12.3919,9.4143],[-12.4007,9.4128],[-12.4036,9.4165],[-12.4044,9.4177],[-12.4052,9.4187],[-12.4022,9.4246],[-12.3985,9.432],[-12.3991,9.435],[-12.4,9.4401],[-12.4081,9.4504],[-12.4109,9.4535],[-12.4162,9.4593],[-12.4177,9.4725],[-12.4177,9.4727],[-12.4184,9.4851],[-12.4214,9.4896],[-12.4232,9.4924],[-12.4336,9.4963],[-12.435,9.4969],[-12.4421,9.5004],[-12.4483,9.5035],[-12.45,9.5046],[-12.4534,9.5068],[-12.4586,9.5101],[-12.4602,9.5108],[-12.4675,9.5138],[-12.4756,9.5205],[-12.4865,9.5299],[-12.4867,9.5301],[-12.4918,9.536],[-12.4985,9.5411],[-12.5028,9.5448],[-12.5076,9.5478],[-12.516,9.5538],[-12.5223,9.5571],[-12.5253,9.5588],[-12.5287,9.5593],[-12.535,9.5615],[-12.5368,9.5634],[-12.5383,9.564],[-12.542,9.5699],[-12.5457,9.5773],[-12.5494,9.5809],[-12.5538,9.5817],[-12.5565,9.5811],[-12.5604,9.5802],[-12.5634,9.5809],[-12.5693,9.5832],[-12.573,9.5861],[-12.5768,9.5865],[-12.5796,9.5868],[-12.5796,9.5927],[-12.5855,9.5994],[-12.5873,9.5994],[-12.5874,9.6008],[-12.5875,9.6009],[-12.5908,9.6002],[-12.5976,9.6002],[-12.6,9.6025],[-12.6,9.6016],[-12.6001,9.6025],[-12.6043,9.6044],[-12.6122,9.6081],[-12.617,9.6049],[-12.6168,9.6001],[-12.6179,9.5944],[-12.6221,9.5907],[-12.6231,9.5868],[-12.6242,9.5809],[-12.6254,9.5756],[-12.6275,9.5709],[-12.633,9.5673],[-12.6334,9.5632],[-12.6312,9.5587],[-12.6291,9.5544],[-12.6277,9.5499],[-12.6307,9.5471],[-12.633,9.5472],[-12.6349,9.5489],[-12.6348,9.5488],[-12.6363,9.5495],[-12.6396,9.55],[-12.6478,9.5455],[-12.6521,9.5413],[-12.655,9.5367],[-12.6537,9.5323],[-12.6478,9.5271],[-12.6443,9.5198],[-12.6455,9.5112],[-12.6497,9.5048],[-12.65,9.5042],[-12.6552,9.4969],[-12.6579,9.4936],[-12.6595,9.4917],[-12.6636,9.4852],[-12.6653,9.482],[-12.6664,9.4796],[-12.6682,9.478],[-12.6703,9.4766],[-12.6699,9.4747],[-12.6677,9.4703],[-12.6694,9.4674],[-12.6731,9.4655],[-12.6705,9.4629],[-12.6732,9.4655],[-12.6769,9.4617],[-12.6777,9.4582],[-12.678,9.4519],[-12.6776,9.449],[-12.6798,9.4468],[-12.6814,9.4432],[-12.6791,9.4407],[-12.6761,9.4389],[-12.6749,9.4377],[-12.6786,9.4343],[-12.6839,9.4309],[-12.6819,9.4269],[-12.6806,9.4246],[-12.6791,9.4207],[-12.6837,9.4183],[-12.6835,9.4134],[-12.6832,9.4106],[-12.6839,9.4085],[-12.6846,9.4074],[-12.6876,9.4098],[-12.6895,9.4139],[-12.693,9.4176],[-12.6994,9.4165],[-12.706,9.4113],[-12.7089,9.4067],[-12.7094,9.3988],[-12.7066,9.394],[-12.7061,9.3914],[-12.707,9.3893],[-12.7107,9.3897],[-12.7151,9.3945],[-12.7189,9.3959],[-12.7223,9.3966],[-12.7251,9.3949],[-12.7311,9.3944],[-12.7394,9.3998],[-12.7488,9.4003],[-12.7509,9.3949],[-12.7556,9.389],[-12.7551,9.3811],[-12.7559,9.3737],[-12.7531,9.3688],[-12.7522,9.3652],[-12.7537,9.3638],[-12.7534,9.3592],[-12.7511,9.3571],[-12.7477,9.3566],[-12.7465,9.3539],[-12.747,9.3479],[-12.7477,9.3446],[-12.7507,9.3414],[-12.761,9.3383],[-12.7631,9.3395],[-12.7681,9.3406],[-12.7726,9.3423],[-12.7745,9.3412],[-12.7745,9.3388],[-12.7721,9.337],[-12.7713,9.3317],[-12.776,9.325],[-12.7758,9.3249],[-12.7771,9.3231],[-12.778,9.3199],[-12.7796,9.3186],[-12.7826,9.3157],[-12.7868,9.3132],[-12.7854,9.3087],[-12.7832,9.3054],[-12.7832,9.3031],[-12.7878,9.2985],[-12.7932,9.2978],[-12.7955,9.2977],[-12.8008,9.2962],[-12.8053,9.2903],[-12.8074,9.2876],[-12.8087,9.2848],[-12.809,9.2845],[-12.8163,9.2896],[-12.823,9.2938],[-12.8289,9.2903],[-12.8338,9.2876],[-12.8357,9.2889],[-12.8398,9.2888],[-12.8429,9.2874],[-12.8449,9.2842],[-12.8453,9.2803],[-12.8473,9.2778],[-12.8476,9.2781],[-12.8493,9.2827],[-12.8528,9.2855],[-12.8555,9.2893],[-12.8606,9.2923],[-12.865,9.2874],[-12.8667,9.2876],[-12.8716,9.2882],[-12.879,9.2918],[-12.8864,9.2845],[-12.8876,9.2812],[-12.8849,9.2786],[-12.8834,9.2735],[-12.8856,9.272],[-12.8886,9.2705],[-12.8931,9.2714],[-12.8959,9.2712],[-12.8996,9.2686],[-12.9078,9.2587],[-12.9094,9.2644],[-12.9134,9.2639],[-12.9149,9.2672],[-12.9173,9.2683],[-12.9181,9.269],[-12.9149,9.2694],[-12.9143,9.2725],[-12.9174,9.2771],[-12.9213,9.2817],[-12.9244,9.2813],[-12.9262,9.283],[-12.9308,9.2861],[-12.9399,9.2884],[-12.9421,9.2888],[-12.9476,9.2836],[-12.9541,9.2793],[-12.9513,9.2697],[-12.9494,9.2656],[-12.9496,9.2575],[-12.957,9.2466],[-12.9601,9.2393],[-12.9571,9.2379],[-12.9601,9.2393],[-12.9606,9.2378],[-12.9613,9.2367],[-12.9622,9.2343],[-12.9575,9.2263],[-12.955,9.2205],[-12.9548,9.2145],[-12.955,9.2105],[-12.955,9.2105],[-12.9551,9.2045],[-12.9554,9.1952],[-12.9559,9.1875],[-12.9561,9.1842],[-12.9577,9.1822],[-12.9544,9.1806],[-12.9577,9.1822],[-12.9615,9.1796],[-12.9652,9.1774],[-12.9652,9.1775],[-12.9708,9.1735],[-12.9756,9.1674],[-12.9805,9.158],[-12.9828,9.1545],[-12.9828,9.1545],[-12.9862,9.1492],[-12.9904,9.1417],[-12.9907,9.1383],[-12.9896,9.1344],[-12.9957,9.1281],[-12.9989,9.1233],[-13.0018,9.1215],[-13.0042,9.1201],[-13.012,9.1152],[-13.0145,9.1136],[-13.0211,9.1087],[-13.0306,9.1015],[-13.0424,9.0942],[-13.052,9.0854],[-13.0533,9.0849],[-13.0618,9.0849],[-13.0729,9.0829],[-13.084,9.0772],[-13.0864,9.0716],[-13.0914,9.0623],[-13.0936,9.0548],[-13.0954,9.0539],[-13.0992,9.0507],[-13.1088,9.0499],[-13.1166,9.051],[-13.1198,9.0514],[-13.1287,9.0522],[-13.1358,9.0513],[-13.1428,9.0522],[-13.1486,9.0618],[-13.1559,9.0689],[-13.1611,9.0721],[-13.167,9.0772],[-13.1729,9.0883],[-13.1752,9.0935],[-13.1782,9.098],[-13.1876,9.0972],[-13.1948,9.0958],[-13.1998,9.0977],[-13.2069,9.0938],[-13.2208,9.0877],[-13.2309,9.0843],[-13.24,9.0796],[-13.2433,9.0787],[-13.2527,9.0746],[-13.2585,9.0721],[-13.2663,9.0691],[-13.2704,9.0678],[-13.2721,9.0673],[-13.274,9.0668],[-13.2836,9.0642],[-13.29,9.0619],[-13.2932,9.0601],[-13.2972,9.0571],[-13.3022,9.0524],[-13.3048,9.05],[-13.3076,9.0475],[-13.309,9.0446],[-13.3089,9.043],[-13.3078,9.0415],[-13.3065,9.0393],[-13.3052,9.0371],[-13.3036,9.0352],[-13.3025,9.0332],[-13.3014,9.0312],[-13.2993,9.0272],[-13.2983,9.0252],[-13.2968,9.022],[-13.2962,9.0207],[-13.2951,9.0183],[-13.294,9.0151],[-13.2923,9.0124],[-13.2922,9.0124],[-13.2916,9.0104],[-13.2909,9.0084],[-13.2902,9.0061],[-13.2887,9.0032],[-13.2869,8.9998],[-13.2867,8.9994],[-13.2859,8.9982],[-13.2849,8.9969],[-13.284,8.9953],[-13.2844,8.9947],[-13.2849,8.9953],[-13.2858,8.9959],[-13.2866,8.9966],[-13.2879,8.9964],[-13.2886,8.9953],[-13.2895,8.9938],[-13.2904,8.992],[-13.2911,8.9905],[-13.2915,8.9896],[-13.2922,8.99],[-13.2933,8.9894],[-13.2938,8.9872],[-13.2936,8.9859],[-13.2941,8.9843],[-13.2951,8.9833],[-13.2955,8.9819],[-13.2946,8.9804],[-13.294,8.9792],[-13.2941,8.9781],[-13.2941,8.9776],[-13.2955,8.9767],[-13.2962,8.9747],[-13.2964,8.9724],[-13.2961,8.9707],[-13.2959,8.9689],[-13.2959,8.9675],[-13.2955,8.9667],[-13.2964,8.965],[-13.2968,8.9631],[-13.2966,8.962],[-13.2961,8.9612],[-13.2965,8.9602],[-13.2966,8.9587],[-13.296,8.9561],[-13.2948,8.9538],[-13.2929,8.9528],[-13.2905,8.9515],[-13.2894,8.9519],[-13.289,8.9523],[-13.2873,8.9528],[-13.2852,8.9524],[-13.2824,8.9516],[-13.2807,8.9505],[-13.2769,8.9493],[-13.2739,8.9485],[-13.2725,8.9483],[-13.2716,8.9482],[-13.2713,8.9481],[-13.2705,8.9483],[-13.2684,8.9488],[-13.2675,8.949],[-13.2641,8.9507],[-13.262,8.9517],[-13.261,8.953],[-13.2605,8.9538],[-13.2602,8.9547],[-13.2594,8.9571],[-13.2593,8.9582],[-13.2593,8.9588],[-13.2593,8.96],[-13.2593,8.9611],[-13.2592,8.9626],[-13.2588,8.9649],[-13.2584,8.9672],[-13.2584,8.9691],[-13.2585,8.9703],[-13.2584,8.974],[-13.2575,8.9745],[-13.2566,8.975],[-13.2562,8.9749],[-13.2555,8.9748],[-13.2543,8.9727],[-13.2542,8.971],[-13.2533,8.9694],[-13.2531,8.9683],[-13.2535,8.9664],[-13.2535,8.9643],[-13.2533,8.9624],[-13.2534,8.9605],[-13.2537,8.9575],[-13.2541,8.9559],[-13.254,8.9546],[-13.253,8.9534],[-13.2513,8.9532],[-13.2497,8.953],[-13.2486,8.9519],[-13.2475,8.9517],[-13.2464,8.9517],[-13.2456,8.9515],[-13.2451,8.9502],[-13.2451,8.9485],[-13.2451,8.9479],[-13.2456,8.9472],[-13.2469,8.9458],[-13.2488,8.9439],[-13.2498,8.9431],[-13.2493,8.9425],[-13.2454,8.9431],[-13.2391,8.9447],[-13.2379,8.9462],[-13.2381,8.9503],[-13.2381,8.9522],[-13.2379,8.9539],[-13.2369,8.9565],[-13.2362,8.9582],[-13.2352,8.9602],[-13.2343,8.9603],[-13.2334,8.9597],[-13.2327,8.9592],[-13.2324,8.9579],[-13.2324,8.9565],[-13.2322,8.9552],[-13.2318,8.9542],[-13.2318,8.9534],[-13.232,8.9519],[-13.2315,8.9502],[-13.2308,8.9493],[-13.2308,8.9479],[-13.2296,8.9466],[-13.2284,8.9457],[-13.2271,8.9441],[-13.2254,8.9438],[-13.2239,8.9414],[-13.221,8.9381],[-13.2181,8.9359],[-13.2155,8.9344],[-13.2134,8.9325],[-13.2107,8.9301],[-13.2078,8.9275],[-13.2046,8.9246],[-13.2033,8.9232],[-13.2017,8.9201],[-13.2002,8.9176],[-13.1988,8.9153],[-13.1967,8.9127],[-13.1926,8.9111],[-13.1899,8.911],[-13.1884,8.9101],[-13.1873,8.9097],[-13.1858,8.9095],[-13.1827,8.9085],[-13.1803,8.9085],[-13.1797,8.9086],[-13.1729,8.9084],[-13.171,8.9086],[-13.1696,8.9082],[-13.1677,8.9079],[-13.1651,8.9076],[-13.1628,8.9075],[-13.1611,8.9074],[-13.1601,8.908],[-13.1591,8.9084],[-13.1576,8.9085],[-13.1561,8.9102],[-13.156,8.9103],[-13.1548,8.9118],[-13.1527,8.9134],[-13.1505,8.9148],[-13.1485,8.916],[-13.1468,8.9163],[-13.1457,8.9174],[-13.1444,8.9192],[-13.1424,8.9214],[-13.141,8.9226],[-13.1407,8.9233],[-13.1414,8.9238],[-13.1413,8.9238],[-13.1402,8.9244],[-13.1386,8.9252],[-13.1375,8.926],[-13.1367,8.9271],[-13.1365,8.9278],[-13.1353,8.9285],[-13.1338,8.9296],[-13.1314,8.9307],[-13.1312,8.9308],[-13.128,8.9319],[-13.1252,8.9325],[-13.1234,8.9328],[-13.121,8.9331],[-13.1198,8.9331],[-13.1196,8.9329],[-13.1192,8.9325],[-13.1173,8.931],[-13.1156,8.9312],[-13.1088,8.9312],[-13.1055,8.9312],[-13.0968,8.9302],[-13.0945,8.9299],[-13.085,8.9278],[-13.0848,8.9277],[-13.0858,8.9242],[-13.0864,8.9243],[-13.0879,8.9243],[-13.0901,8.9243],[-13.0924,8.9241],[-13.0944,8.9242],[-13.0967,8.9245],[-13.0984,8.9249],[-13.1006,8.9256],[-13.1028,8.9266],[-13.1045,8.9274],[-13.1073,8.9283],[-13.1092,8.928],[-13.1114,8.9266],[-13.1143,8.9239],[-13.1169,8.9217],[-13.1193,8.9186],[-13.1196,8.9181],[-13.1219,8.9143],[-13.1239,8.9125],[-13.1259,8.9116],[-13.1272,8.911],[-13.1281,8.9106],[-13.1302,8.9083],[-13.1326,8.9056],[-13.1343,8.9033],[-13.1361,8.9009],[-13.1382,8.8988],[-13.1394,8.8974],[-13.1404,8.8966],[-13.142,8.8956],[-13.1441,8.8945],[-13.1455,8.894],[-13.1463,8.8938],[-13.1475,8.8927],[-13.1483,8.8921],[-13.1495,8.892],[-13.1509,8.8917],[-13.152,8.8918],[-13.1531,8.8919],[-13.1544,8.8919],[-13.1558,8.8915],[-13.1577,8.8915],[-13.1585,8.8919],[-13.159,8.8923],[-13.1608,8.8927],[-13.1626,8.8931],[-13.1659,8.8941],[-13.1678,8.8943],[-13.1692,8.8945],[-13.1706,8.8945],[-13.1735,8.8954],[-13.1751,8.8957],[-13.1771,8.8958],[-13.179,8.896],[-13.18,8.8955],[-13.18,8.8946],[-13.1797,8.8938],[-13.1791,8.8923],[-13.1793,8.891],[-13.1814,8.8912],[-13.1825,8.8915],[-13.1836,8.8918],[-13.1849,8.8925],[-13.1863,8.8929],[-13.188,8.893],[-13.1891,8.8927],[-13.1901,8.8926],[-13.1917,8.893],[-13.1934,8.8931],[-13.1952,8.8927],[-13.1972,8.8915],[-13.1991,8.891],[-13.2,8.8897],[-13.1993,8.8883],[-13.1982,8.8869],[-13.196,8.8855],[-13.191,8.8847],[-13.1875,8.8842],[-13.1852,8.8832],[-13.1816,8.8815],[-13.179,8.88],[-13.1762,8.8779],[-13.1729,8.8762],[-13.1689,8.874],[-13.1655,8.8719],[-13.1618,8.8685],[-13.1578,8.8648],[-13.1542,8.8605],[-13.1513,8.8577],[-13.1477,8.8545],[-13.146,8.853],[-13.1382,8.8503],[-13.1357,8.8493],[-13.1283,8.8486],[-13.1247,8.8479],[-13.1194,8.8468],[-13.1172,8.8464],[-13.1169,8.8464],[-13.1076,8.8464],[-13.1049,8.8464],[-13.1003,8.8464],[-13.0973,8.8464],[-13.0969,8.8464],[-13.084,8.8479],[-13.0813,8.847],[-13.0784,8.8461],[-13.0746,8.845],[-13.0745,8.8449],[-13.0727,8.8449],[-13.0725,8.8449],[-13.0641,8.8449],[-13.0562,8.8449],[-13.056,8.8449],[-13.0535,8.8457],[-13.0503,8.8467],[-13.048,8.8474],[-13.0464,8.8479],[-13.0455,8.848],[-13.0354,8.8499],[-13.0346,8.8501],[-13.0285,8.851],[-13.023,8.8518],[-13.0228,8.8519],[-13.0199,8.8523],[-13.0158,8.8543],[-13.014,8.8552],[-13.0136,8.8552],[-12.9978,8.853],[-12.9975,8.8529],[-12.9867,8.8479],[-12.9796,8.8447],[-12.9734,8.842],[-12.9675,8.839],[-12.9631,8.8368],[-12.9535,8.8375],[-12.9461,8.8398],[-12.9454,8.84],[-12.9395,8.842],[-12.9321,8.8434],[-12.9218,8.8442],[-12.921,8.8445],[-12.9185,8.8455],[-12.9129,8.8479],[-12.9137,8.8582],[-12.9137,8.8623],[-12.9137,8.8634],[-12.9137,8.8678],[-12.9137,8.8781],[-12.914,8.8929],[-12.9156,8.8946],[-12.9229,8.9024],[-12.9274,8.9089],[-12.9285,8.9106],[-12.9297,8.9123],[-12.931,8.9142],[-12.9251,8.9187],[-12.9207,8.9253],[-12.9177,8.926],[-12.9118,8.9275],[-12.9074,8.9312],[-12.9045,8.9356],[-12.9002,8.9376],[-12.8968,8.9391],[-12.8963,8.9393],[-12.8956,8.9445],[-12.8868,8.9452],[-12.8816,8.9467],[-12.8772,8.9511],[-12.8668,8.9511],[-12.8646,8.9519],[-12.863,8.9524],[-12.8624,8.9526],[-12.8624,8.9528],[-12.8624,8.9592],[-12.8661,8.9673],[-12.8646,8.9725],[-12.8617,8.9755],[-12.8617,8.9759],[-12.8617,8.9843],[-12.8597,8.9877],[-12.8587,8.9895],[-12.8565,8.9946],[-12.8543,9.0027],[-12.8521,9.0097],[-12.8518,9.0107],[-12.8499,9.0168],[-12.8468,9.0154],[-12.8432,9.0138],[-12.8388,9.0145],[-12.8322,9.0197],[-12.8292,9.0249],[-12.8248,9.0278],[-12.8196,9.03],[-12.8115,9.0322],[-12.8071,9.0271],[-12.8012,9.0219],[-12.7994,9.0195],[-12.7968,9.016],[-12.795,9.0148],[-12.7894,9.0109],[-12.7806,9.0042],[-12.7806,9.0038],[-12.7806,8.9998],[-12.7769,8.9998],[-12.771,8.9946],[-12.7694,8.9941],[-12.7665,8.9932],[-12.7606,8.9939],[-12.7547,8.9865],[-12.7503,8.9843],[-12.7444,8.9821],[-12.7446,8.983],[-12.7466,8.9924],[-12.7511,8.9968],[-12.7577,8.9998],[-12.7584,9.0072],[-12.7533,9.0116],[-12.7527,9.012],[-12.7474,9.0153],[-12.7429,9.0197],[-12.7379,9.0217],[-12.7356,9.0227],[-12.7334,9.0263],[-12.7304,9.0323],[-12.7297,9.0337],[-12.7326,9.0381],[-12.737,9.0455],[-12.7353,9.0499],[-12.7341,9.0529],[-12.734,9.0531],[-12.7297,9.0617],[-12.7223,9.0691],[-12.7174,9.0733],[-12.7171,9.0735],[-12.7151,9.077],[-12.7109,9.0839],[-12.7087,9.092],[-12.7043,9.0951],[-12.7035,9.0957],[-12.7006,9.0981],[-12.6991,9.0994],[-12.6954,9.1075],[-12.6935,9.1075],[-12.6895,9.1075],[-12.6836,9.1075],[-12.6784,9.1075],[-12.6773,9.1075],[-12.6666,9.1082],[-12.6637,9.1134],[-12.6642,9.1169],[-12.6651,9.123],[-12.6677,9.1286],[-12.6696,9.1325],[-12.6622,9.1325],[-12.6592,9.1392],[-12.6563,9.1451],[-12.6556,9.1517],[-12.6541,9.1554],[-12.6526,9.1591],[-12.6519,9.1665],[-12.6559,9.1757],[-12.657,9.1783],[-12.66,9.1842],[-12.6615,9.1923],[-12.6603,9.1949],[-12.6585,9.1989],[-12.6533,9.2026],[-12.646,9.2092],[-12.6408,9.21],[-12.6379,9.2063],[-12.6349,9.2041],[-12.6312,9.2056],[-12.6283,9.2092],[-12.6267,9.21],[-12.6224,9.2122],[-12.6157,9.2196],[-12.615,9.2247],[-12.6143,9.2321],[-12.6119,9.233],[-12.6106,9.2336],[-12.6039,9.2336],[-12.6002,9.2277],[-12.6002,9.2218],[-12.5973,9.2159],[-12.5884,9.2196],[-12.5825,9.221],[-12.5752,9.2233],[-12.5682,9.2233],[-12.5678,9.2233],[-12.5604,9.2269],[-12.556,9.2306],[-12.5604,9.238],[-12.5624,9.2432],[-12.5641,9.2476],[-12.5626,9.2498],[-12.5538,9.2513],[-12.5464,9.2491],[-12.5427,9.2439],[-12.5471,9.2358],[-12.553,9.2299],[-12.5457,9.2255],[-12.5408,9.2249],[-12.5398,9.2247],[-12.5324,9.2277],[-12.5309,9.2358],[-12.5302,9.2417],[-12.5272,9.2483],[-12.5213,9.255],[-12.5176,9.2579],[-12.5199,9.2653],[-12.5213,9.2719],[-12.5213,9.2719],[-12.5199,9.2722],[-12.5176,9.2727],[-12.5132,9.2705],[-12.511,9.2668],[-12.5081,9.2601],[-12.5036,9.2535],[-12.5009,9.2467],[-12.5007,9.2461],[-12.4933,9.2491],[-12.4904,9.2535],[-12.4904,9.2609],[-12.4896,9.2734],[-12.4867,9.2727],[-12.4815,9.2668],[-12.4741,9.266],[-12.4645,9.269],[-12.455,9.2653],[-12.4461,9.2572],[-12.4409,9.252],[-12.4396,9.2522],[-12.4365,9.2528],[-12.4381,9.2592]]]]}},{"type":"Feature","properties":{"districtId":"kailahun","name":"Kailahun"},"geometry":{"type":"Polygon","coordinates":[[[-10.8049,7.616],[-10.8037,7.6163],[-10.7982,7.6159],[-10.7932,7.6153],[-10.7912,7.6177],[-10.7908,7.6203],[-10.7876,7.6224],[-10.7838,7.6292],[-10.7787,7.6344],[-10.7757,7.6365],[-10.7751,7.6403],[-10.7748,7.642],[-10.7748,7.6463],[-10.7757,7.6502],[-10.7757,7.6536],[-10.7718,7.6506],[-10.768,7.6463],[-10.7654,7.6514],[-10.7624,7.6561],[-10.756,7.6595],[-10.7509,7.6608],[-10.7471,7.6617],[-10.7509,7.6677],[-10.7479,7.6719],[-10.7426,7.6785],[-10.7424,7.6787],[-10.7385,7.6826],[-10.7343,7.6817],[-10.7326,7.6881],[-10.7266,7.6869],[-10.727,7.695],[-10.7247,7.6975],[-10.717,7.7035],[-10.7195,7.7069],[-10.7144,7.7078],[-10.7157,7.712],[-10.7093,7.7129],[-10.7102,7.7184],[-10.7088,7.7196],[-10.7059,7.7223],[-10.7076,7.7287],[-10.6982,7.7368],[-10.6952,7.7347],[-10.6952,7.7398],[-10.6935,7.7398],[-10.6905,7.7398],[-10.691,7.7428],[-10.6892,7.7445],[-10.685,7.7423],[-10.6807,7.747],[-10.6786,7.7505],[-10.6776,7.7495],[-10.6747,7.747],[-10.6726,7.7487],[-10.6692,7.7487],[-10.6696,7.7517],[-10.6649,7.7522],[-10.6611,7.7534],[-10.6594,7.7581],[-10.6577,7.7654],[-10.6542,7.7607],[-10.6504,7.7654],[-10.6449,7.7662],[-10.6436,7.7701],[-10.6363,7.7667],[-10.6295,7.7667],[-10.6239,7.7705],[-10.6154,7.7714],[-10.6069,7.7752],[-10.6058,7.8175],[-10.6058,7.8179],[-10.6059,7.8686],[-10.606,7.9059],[-10.606,7.9173],[-10.606,7.9288],[-10.6062,7.9791],[-10.6062,8.0013],[-10.6062,8.0138],[-10.6058,8.0253],[-10.605,8.0397],[-10.605,8.0407],[-10.5968,8.0415],[-10.5926,8.0441],[-10.5823,8.0471],[-10.5751,8.0488],[-10.5733,8.0511],[-10.5663,8.06],[-10.5644,8.0624],[-10.5614,8.0714],[-10.5547,8.082],[-10.5546,8.0821],[-10.5473,8.0846],[-10.5461,8.0885],[-10.5426,8.0906],[-10.5426,8.094],[-10.5426,8.0944],[-10.5362,8.1009],[-10.5345,8.1081],[-10.5315,8.1085],[-10.5309,8.1121],[-10.5301,8.1162],[-10.5266,8.1188],[-10.5232,8.1218],[-10.5268,8.1258],[-10.5271,8.126],[-10.5236,8.1294],[-10.5198,8.1316],[-10.516,8.1333],[-10.5121,8.1363],[-10.5079,8.1393],[-10.5049,8.1423],[-10.4993,8.1457],[-10.4925,8.1465],[-10.4919,8.1465],[-10.4891,8.1465],[-10.4844,8.1469],[-10.484,8.1504],[-10.48,8.1504],[-10.4793,8.1504],[-10.4763,8.1504],[-10.4741,8.1516],[-10.4733,8.1538],[-10.4707,8.1546],[-10.4677,8.1559],[-10.4626,8.158],[-10.4558,8.1563],[-10.4511,8.158],[-10.4485,8.1589],[-10.446,8.1568],[-10.4452,8.1561],[-10.4434,8.1546],[-10.4417,8.1551],[-10.4396,8.1551],[-10.4362,8.1542],[-10.4336,8.1546],[-10.4302,8.1508],[-10.4259,8.1495],[-10.4216,8.1495],[-10.4165,8.1499],[-10.4118,8.1499],[-10.4076,8.1504],[-10.402,8.1508],[-10.3973,8.1487],[-10.396,8.1521],[-10.393,8.1521],[-10.3888,8.1504],[-10.3871,8.1521],[-10.3909,8.1568],[-10.3884,8.1585],[-10.3875,8.161],[-10.3862,8.1632],[-10.3845,8.1644],[-10.3837,8.1644],[-10.3811,8.1644],[-10.379,8.167],[-10.3772,8.1663],[-10.3756,8.1657],[-10.373,8.1666],[-10.3719,8.1646],[-10.3709,8.1627],[-10.3702,8.1621],[-10.3691,8.161],[-10.3662,8.161],[-10.3674,8.1593],[-10.3615,8.1555],[-10.3589,8.1533],[-10.3559,8.1529],[-10.3525,8.1499],[-10.3508,8.1542],[-10.347,8.1555],[-10.3444,8.1576],[-10.3427,8.1602],[-10.341,8.1627],[-10.3403,8.1634],[-10.3367,8.167],[-10.3359,8.1708],[-10.3324,8.173],[-10.3312,8.176],[-10.3282,8.1785],[-10.3269,8.1836],[-10.3239,8.1866],[-10.3201,8.1888],[-10.3205,8.1919],[-10.3205,8.1922],[-10.3188,8.196],[-10.3179,8.196],[-10.3145,8.196],[-10.3103,8.1986],[-10.3026,8.1977],[-10.3,8.2037],[-10.3004,8.2076],[-10.2992,8.2131],[-10.299,8.2135],[-10.2964,8.2195],[-10.2968,8.225],[-10.2983,8.2275],[-10.2998,8.2297],[-10.3028,8.2357],[-10.3036,8.2421],[-10.3088,8.2421],[-10.3088,8.2455],[-10.3088,8.2489],[-10.3079,8.2505],[-10.3062,8.2532],[-10.3096,8.2541],[-10.3109,8.2592],[-10.3109,8.2643],[-10.3135,8.2677],[-10.314,8.2693],[-10.316,8.2746],[-10.3165,8.2775],[-10.3169,8.2793],[-10.3193,8.2842],[-10.3194,8.2844],[-10.3152,8.2874],[-10.3147,8.2908],[-10.3105,8.2908],[-10.3079,8.2929],[-10.3045,8.2946],[-10.3006,8.2972],[-10.3019,8.2997],[-10.3023,8.3017],[-10.3028,8.3044],[-10.2989,8.3061],[-10.2977,8.3096],[-10.2977,8.3142],[-10.2964,8.3185],[-10.2972,8.3217],[-10.2972,8.3219],[-10.2942,8.3245],[-10.2968,8.3288],[-10.2942,8.33],[-10.2941,8.3329],[-10.294,8.3339],[-10.2889,8.3356],[-10.2889,8.3358],[-10.2893,8.3424],[-10.2928,8.3454],[-10.291,8.3488],[-10.2893,8.3522],[-10.2945,8.3561],[-10.2943,8.3573],[-10.294,8.3595],[-10.2936,8.3655],[-10.2934,8.3655],[-10.2906,8.3659],[-10.2893,8.3689],[-10.2872,8.371],[-10.2859,8.3736],[-10.2875,8.3786],[-10.2876,8.3791],[-10.2893,8.3834],[-10.2864,8.386],[-10.2864,8.3877],[-10.2848,8.3904],[-10.2842,8.3915],[-10.2812,8.3924],[-10.2782,8.3962],[-10.2795,8.403],[-10.2782,8.4052],[-10.2795,8.4076],[-10.2795,8.4077],[-10.2757,8.4094],[-10.2757,8.412],[-10.2753,8.4158],[-10.2735,8.4214],[-10.2787,8.4256],[-10.2792,8.4269],[-10.2808,8.4303],[-10.2782,8.4333],[-10.2757,8.4367],[-10.2727,8.4414],[-10.2706,8.4453],[-10.2731,8.45],[-10.2757,8.4525],[-10.2744,8.4559],[-10.2774,8.4611],[-10.2808,8.4653],[-10.2797,8.4658],[-10.2765,8.467],[-10.2757,8.4709],[-10.2748,8.4752],[-10.2757,8.4807],[-10.2778,8.4867],[-10.2817,8.4858],[-10.2842,8.4871],[-10.2872,8.4897],[-10.2902,8.4927],[-10.2932,8.4927],[-10.2962,8.4897],[-10.2966,8.4922],[-10.3021,8.4931],[-10.3021,8.4952],[-10.306,8.4956],[-10.3073,8.4978],[-10.3079,8.4978],[-10.3098,8.4978],[-10.3154,8.4969],[-10.3154,8.5003],[-10.3171,8.5029],[-10.3209,8.5059],[-10.3243,8.5059],[-10.326,8.502],[-10.3286,8.5012],[-10.3333,8.5003],[-10.3363,8.4999],[-10.3388,8.4935],[-10.3423,8.4935],[-10.3448,8.4935],[-10.3495,8.4905],[-10.3513,8.4891],[-10.3542,8.4867],[-10.3576,8.4833],[-10.3577,8.4833],[-10.3602,8.4854],[-10.3645,8.4871],[-10.3691,8.488],[-10.373,8.4905],[-10.3794,8.4935],[-10.3832,8.4931],[-10.3836,8.4921],[-10.3854,8.4871],[-10.3862,8.4811],[-10.3896,8.479],[-10.3922,8.4734],[-10.3939,8.4687],[-10.3939,8.4608],[-10.3939,8.4594],[-10.3971,8.4538],[-10.3989,8.4485],[-10.3992,8.4474],[-10.4035,8.4448],[-10.4073,8.4414],[-10.4129,8.441],[-10.4172,8.4363],[-10.4193,8.4325],[-10.4206,8.4301],[-10.4236,8.4248],[-10.4287,8.4188],[-10.43,8.4137],[-10.4347,8.4099],[-10.4365,8.4071],[-10.4372,8.406],[-10.447,8.3992],[-10.4487,8.3958],[-10.452,8.3929],[-10.4522,8.3928],[-10.4577,8.3911],[-10.4624,8.3911],[-10.4624,8.3847],[-10.4625,8.3846],[-10.4692,8.3821],[-10.4769,8.377],[-10.4808,8.3706],[-10.4773,8.365],[-10.4785,8.3642],[-10.4846,8.3599],[-10.4857,8.3559],[-10.4859,8.3552],[-10.4923,8.3488],[-10.4978,8.3428],[-10.5028,8.3404],[-10.5047,8.3394],[-10.5094,8.3326],[-10.5181,8.3271],[-10.5225,8.3242],[-10.5241,8.3232],[-10.5313,8.3172],[-10.5365,8.3145],[-10.5377,8.3138],[-10.5411,8.3074],[-10.5497,8.3096],[-10.5565,8.3049],[-10.5599,8.31],[-10.5633,8.3108],[-10.5663,8.3061],[-10.5706,8.3087],[-10.5716,8.3111],[-10.5732,8.3147],[-10.5732,8.3194],[-10.5757,8.3271],[-10.5791,8.3313],[-10.58,8.332],[-10.5825,8.3339],[-10.5881,8.3381],[-10.5945,8.3369],[-10.6018,8.3356],[-10.6035,8.3377],[-10.6073,8.3403],[-10.6107,8.3403],[-10.6139,8.3383],[-10.6163,8.3369],[-10.6231,8.3369],[-10.6321,8.3386],[-10.6363,8.3399],[-10.6397,8.3411],[-10.6402,8.3454],[-10.644,8.3484],[-10.65,8.3514],[-10.6547,8.3484],[-10.655,8.3486],[-10.6594,8.351],[-10.6619,8.3497],[-10.6658,8.3407],[-10.6688,8.3373],[-10.6735,8.3335],[-10.6741,8.3278],[-10.6743,8.3262],[-10.677,8.3161],[-10.6773,8.3151],[-10.6792,8.3161],[-10.6799,8.3164],[-10.681,8.3159],[-10.6828,8.3151],[-10.6845,8.3096],[-10.6846,8.3096],[-10.6858,8.3027],[-10.6871,8.2938],[-10.6866,8.2922],[-10.6858,8.2898],[-10.685,8.2874],[-10.6854,8.2872],[-10.691,8.2852],[-10.6952,8.2822],[-10.7013,8.2811],[-10.7021,8.281],[-10.6991,8.2912],[-10.6969,8.2925],[-10.6986,8.2983],[-10.6991,8.2997],[-10.6978,8.3043],[-10.6978,8.3044],[-10.6944,8.3091],[-10.6982,8.3147],[-10.6965,8.3181],[-10.6958,8.319],[-10.6914,8.3249],[-10.691,8.3296],[-10.6902,8.3306],[-10.6881,8.3334],[-10.6867,8.3352],[-10.6833,8.3424],[-10.6797,8.3484],[-10.679,8.3497],[-10.6789,8.3512],[-10.6789,8.3516],[-10.6786,8.3591],[-10.6788,8.3648],[-10.679,8.3712],[-10.679,8.3714],[-10.678,8.3732],[-10.6753,8.3776],[-10.6752,8.3778],[-10.6751,8.3779],[-10.6717,8.3787],[-10.6683,8.3802],[-10.6679,8.3804],[-10.6641,8.3842],[-10.6585,8.3813],[-10.6564,8.3817],[-10.6518,8.3833],[-10.6517,8.3834],[-10.6478,8.3847],[-10.6478,8.3898],[-10.6444,8.3919],[-10.6406,8.3936],[-10.6397,8.3975],[-10.6419,8.4039],[-10.6429,8.4067],[-10.6449,8.412],[-10.6444,8.4184],[-10.6461,8.4235],[-10.6502,8.4238],[-10.6513,8.4239],[-10.6466,8.4265],[-10.6449,8.4338],[-10.6436,8.4397],[-10.6397,8.4427],[-10.6427,8.4483],[-10.641,8.4521],[-10.6432,8.4539],[-10.6434,8.4543],[-10.6439,8.455],[-10.645,8.4568],[-10.6505,8.4658],[-10.6578,8.4632],[-10.6604,8.46],[-10.6611,8.4592],[-10.6612,8.4592],[-10.673,8.4565],[-10.6738,8.456],[-10.6813,8.4506],[-10.6893,8.4492],[-10.6966,8.4492],[-10.6985,8.4422],[-10.6986,8.4419],[-10.7035,8.4419],[-10.7098,8.4419],[-10.7109,8.442],[-10.712,8.4421],[-10.7191,8.4426],[-10.7222,8.4426],[-10.7244,8.4426],[-10.7252,8.4412],[-10.7282,8.4357],[-10.7284,8.4353],[-10.7299,8.4282],[-10.7307,8.4262],[-10.7333,8.4231],[-10.7364,8.4201],[-10.743,8.4147],[-10.7501,8.4143],[-10.7543,8.4141],[-10.7583,8.4132],[-10.7638,8.4121],[-10.7669,8.4114],[-10.7672,8.4114],[-10.7699,8.4114],[-10.7742,8.4114],[-10.7753,8.4114],[-10.7808,8.4114],[-10.7907,8.4101],[-10.7967,8.4094],[-10.8007,8.4088],[-10.8029,8.4084],[-10.8047,8.4081],[-10.8133,8.4114],[-10.8226,8.4141],[-10.8299,8.4134],[-10.8321,8.4127],[-10.8385,8.4108],[-10.8391,8.4103],[-10.8484,8.4035],[-10.8468,8.401],[-10.846,8.3998],[-10.8446,8.3977],[-10.8444,8.3975],[-10.8444,8.3917],[-10.8444,8.3915],[-10.845,8.3916],[-10.855,8.3922],[-10.8553,8.3915],[-10.8564,8.3888],[-10.8612,8.3853],[-10.8641,8.3825],[-10.8643,8.3794],[-10.8643,8.3788],[-10.8661,8.3753],[-10.8697,8.3731],[-10.8734,8.37],[-10.8742,8.3667],[-10.8741,8.3663],[-10.8727,8.3617],[-10.871,8.3563],[-10.8713,8.3533],[-10.8715,8.3521],[-10.8716,8.3512],[-10.8727,8.3427],[-10.8721,8.3403],[-10.8712,8.3364],[-10.8683,8.3372],[-10.8714,8.3322],[-10.8728,8.3298],[-10.8736,8.3283],[-10.8777,8.3252],[-10.8821,8.3182],[-10.89,8.3108],[-10.8929,8.3091],[-10.894,8.3078],[-10.896,8.3056],[-10.9001,8.3018],[-10.9007,8.3005],[-10.9015,8.2983],[-10.9034,8.2946],[-10.9067,8.2909],[-10.9063,8.2865],[-10.9032,8.2863],[-10.901,8.2874],[-10.899,8.2887],[-10.8969,8.2881],[-10.8942,8.2892],[-10.8912,8.2885],[-10.8893,8.2888],[-10.8883,8.289],[-10.8862,8.2903],[-10.8833,8.2914],[-10.8798,8.2898],[-10.877,8.2914],[-10.8724,8.2918],[-10.8707,8.2924],[-10.8689,8.2931],[-10.8665,8.2907],[-10.8656,8.287],[-10.8639,8.2841],[-10.8623,8.2826],[-10.8606,8.2831],[-10.8586,8.2833],[-10.8575,8.2819],[-10.8571,8.2813],[-10.8577,8.2772],[-10.8577,8.2764],[-10.8573,8.2739],[-10.8551,8.2732],[-10.8567,8.2695],[-10.8571,8.2669],[-10.8591,8.2651],[-10.8582,8.2614],[-10.8606,8.2599],[-10.8577,8.2584],[-10.8608,8.256],[-10.8645,8.252],[-10.8647,8.2507],[-10.8656,8.2475],[-10.8662,8.2455],[-10.8658,8.244],[-10.8657,8.2435],[-10.8674,8.2416],[-10.8675,8.2415],[-10.8697,8.2391],[-10.871,8.2352],[-10.872,8.233],[-10.8725,8.2319],[-10.8708,8.2297],[-10.8738,8.2291],[-10.8705,8.2249],[-10.8727,8.2236],[-10.8751,8.2214],[-10.874,8.2182],[-10.875,8.2172],[-10.8756,8.2166],[-10.874,8.2142],[-10.8753,8.2116],[-10.8775,8.2123],[-10.8797,8.2109],[-10.8819,8.2081],[-10.8839,8.2074],[-10.8841,8.2053],[-10.8863,8.2055],[-10.8867,8.2046],[-10.8885,8.2013],[-10.8871,8.1998],[-10.8871,8.1985],[-10.8852,8.1965],[-10.8856,8.193],[-10.8859,8.1929],[-10.8889,8.1913],[-10.888,8.1882],[-10.8898,8.1882],[-10.8909,8.186],[-10.89,8.1838],[-10.891,8.1821],[-10.8894,8.1812],[-10.891,8.1773],[-10.8916,8.1765],[-10.8927,8.1751],[-10.8905,8.1738],[-10.8885,8.1738],[-10.8883,8.1738],[-10.8872,8.1714],[-10.889,8.1703],[-10.8875,8.1681],[-10.8901,8.1661],[-10.8886,8.1646],[-10.889,8.1628],[-10.889,8.1626],[-10.8914,8.1635],[-10.8925,8.1611],[-10.8934,8.1602],[-10.8953,8.1594],[-10.8964,8.157],[-10.8986,8.157],[-10.9004,8.1506],[-10.9001,8.1476],[-10.9041,8.1471],[-10.9047,8.1458],[-10.9058,8.1434],[-10.9074,8.143],[-10.9068,8.1422],[-10.9045,8.1388],[-10.9067,8.134],[-10.91,8.1323],[-10.9137,8.1294],[-10.9148,8.1266],[-10.9172,8.1244],[-10.9218,8.1231],[-10.9249,8.1187],[-10.9291,8.117],[-10.9297,8.1164],[-10.9332,8.1126],[-10.9333,8.1125],[-10.9354,8.1082],[-10.9387,8.1045],[-10.9374,8.1019],[-10.9405,8.1008],[-10.9416,8.099],[-10.9422,8.0982],[-10.9431,8.0958],[-10.945,8.0905],[-10.9507,8.087],[-10.9603,8.0859],[-10.9636,8.0838],[-10.9634,8.0835],[-10.9599,8.0805],[-10.9571,8.0787],[-10.959,8.077],[-10.9619,8.0752],[-10.961,8.0711],[-10.961,8.0711],[-10.9562,8.0696],[-10.9547,8.068],[-10.9639,8.0568],[-10.9653,8.0551],[-10.9633,8.0536],[-10.965,8.0488],[-10.9666,8.0444],[-10.9672,8.0434],[-10.9694,8.0401],[-10.9695,8.0397],[-10.9699,8.0366],[-10.9729,8.0335],[-10.9736,8.0309],[-10.976,8.0261],[-10.9762,8.0253],[-10.9773,8.0221],[-10.9795,8.0182],[-10.9817,8.0143],[-10.9803,8.0088],[-10.9823,8.0044],[-10.9853,7.9985],[-10.9854,7.9982],[-10.9856,7.9979],[-10.987,7.9946],[-10.9877,7.9915],[-10.9905,7.9885],[-10.9929,7.9839],[-10.9941,7.9802],[-10.9942,7.98],[-10.9984,7.9782],[-11.0001,7.9747],[-11.0021,7.9721],[-11.0039,7.9694],[-11.0045,7.9684],[-11.006,7.9638],[-11.0095,7.9649],[-11.0115,7.9627],[-11.0098,7.961],[-11.0094,7.9575],[-11.0122,7.9542],[-11.0154,7.9504],[-11.0157,7.95],[-11.0168,7.947],[-11.0163,7.9458],[-11.0153,7.9435],[-11.0162,7.9382],[-11.0168,7.9362],[-11.0175,7.9341],[-11.0171,7.9282],[-11.0188,7.9263],[-11.0199,7.9251],[-11.0234,7.9251],[-11.0245,7.9234],[-11.0221,7.917],[-11.0227,7.9133],[-11.0264,7.91],[-11.0265,7.9098],[-11.027,7.9041],[-11.0278,7.9014],[-11.0285,7.8989],[-11.0338,7.8895],[-11.0397,7.8844],[-11.04,7.8841],[-11.0401,7.884],[-11.0429,7.8801],[-11.0429,7.8757],[-11.0411,7.8726],[-11.0403,7.8714],[-11.0368,7.8705],[-11.0329,7.8716],[-11.0326,7.8717],[-11.0298,7.8725],[-11.0285,7.8755],[-11.0276,7.8775],[-11.0252,7.8777],[-11.0222,7.8749],[-11.0174,7.867],[-11.017,7.8664],[-11.0117,7.8569],[-11.0097,7.8509],[-11.0087,7.8481],[-11.0073,7.844],[-11.0046,7.8403],[-11.0031,7.8364],[-10.9994,7.8266],[-10.9956,7.8193],[-10.9952,7.8185],[-10.9882,7.8086],[-10.9849,7.8041],[-10.9817,7.799],[-10.9747,7.796],[-10.9739,7.7963],[-10.9688,7.7982],[-10.9644,7.8007],[-10.9642,7.8008],[-10.9598,7.7955],[-10.9552,7.7861],[-10.9531,7.7787],[-10.952,7.775],[-10.9501,7.7717],[-10.9472,7.766],[-10.9468,7.7654],[-10.9448,7.7623],[-10.9431,7.7638],[-10.9407,7.7636],[-10.937,7.7595],[-10.9357,7.7619],[-10.9332,7.761],[-10.93,7.7582],[-10.9287,7.7584],[-10.9287,7.7625],[-10.9271,7.7649],[-10.9258,7.7676],[-10.9253,7.7671],[-10.923,7.7649],[-10.9199,7.7654],[-10.918,7.7645],[-10.9155,7.7621],[-10.9131,7.7628],[-10.9114,7.7619],[-10.911,7.7617],[-10.9088,7.7606],[-10.9079,7.7531],[-10.9083,7.747],[-10.9087,7.7467],[-10.9142,7.7411],[-10.9182,7.7337],[-10.9243,7.7271],[-10.9278,7.7195],[-10.929,7.7142],[-10.9316,7.7038],[-10.9314,7.6983],[-10.9314,7.6861],[-10.9268,7.6806],[-10.9216,7.6775],[-10.9181,7.6749],[-10.9161,7.6666],[-10.9146,7.6576],[-10.9139,7.6551],[-10.9128,7.6511],[-10.9076,7.6504],[-10.8986,7.6507],[-10.8898,7.6515],[-10.8782,7.6502],[-10.8727,7.6497],[-10.8668,7.6491],[-10.8561,7.6467],[-10.8522,7.6455],[-10.8498,7.6452],[-10.8492,7.6451],[-10.843,7.6435],[-10.84,7.6425],[-10.8396,7.6424],[-10.8383,7.6417],[-10.8374,7.6414],[-10.8348,7.6398],[-10.8339,7.6388],[-10.8334,7.6384],[-10.8317,7.6345],[-10.8308,7.6323],[-10.8268,7.6257],[-10.8226,7.6232],[-10.8209,7.6222],[-10.8166,7.6194],[-10.8108,7.6145],[-10.8104,7.6142],[-10.8076,7.6151],[-10.8049,7.616]]]}},{"type":"Feature","properties":{"districtId":"koinadugu","name":"Koinadugu"},"geometry":{"type":"Polygon","coordinates":[[[-10.5874,9.0437],[-10.5802,9.0487],[-10.5789,9.0481],[-10.5786,9.0506],[-10.5821,9.0526],[-10.5834,9.0519],[-10.5867,9.0554],[-10.5893,9.0593],[-10.5934,9.0618],[-10.5962,9.0618],[-10.6028,9.0659],[-10.6089,9.0684],[-10.6128,9.07],[-10.6174,9.073],[-10.6214,9.0738],[-10.6248,9.0728],[-10.6273,9.072],[-10.6334,9.0766],[-10.6375,9.0789],[-10.6408,9.0804],[-10.6447,9.083],[-10.6482,9.083],[-10.6493,9.083],[-10.6531,9.083],[-10.658,9.0827],[-10.6618,9.081],[-10.6648,9.0802],[-10.6671,9.081],[-10.6725,9.084],[-10.6745,9.0825],[-10.6754,9.083],[-10.6784,9.0848],[-10.6812,9.0856],[-10.6842,9.0835],[-10.6863,9.0804],[-10.6881,9.0779],[-10.6899,9.0753],[-10.6924,9.0753],[-10.6924,9.0774],[-10.696,9.0779],[-10.6988,9.0776],[-10.6988,9.0743],[-10.7008,9.0728],[-10.7036,9.0741],[-10.7057,9.0738],[-10.7059,9.0705],[-10.7093,9.0662],[-10.7111,9.0618],[-10.7108,9.0575],[-10.7128,9.0544],[-10.7151,9.0529],[-10.7182,9.0521],[-10.7223,9.0501],[-10.7269,9.0483],[-10.7328,9.0516],[-10.7341,9.0521],[-10.7384,9.0536],[-10.745,9.0557],[-10.7422,9.0626],[-10.7363,9.0697],[-10.7307,9.073],[-10.7279,9.0781],[-10.7276,9.0833],[-10.7276,9.0863],[-10.7266,9.089],[-10.7251,9.093],[-10.7246,9.096],[-10.7243,9.1029],[-10.7243,9.1093],[-10.7241,9.1129],[-10.721,9.117],[-10.7167,9.1195],[-10.7141,9.1193],[-10.7118,9.1182],[-10.7085,9.1213],[-10.709,9.1249],[-10.7123,9.1256],[-10.7154,9.1254],[-10.7182,9.1254],[-10.7197,9.1287],[-10.7197,9.133],[-10.7192,9.1346],[-10.7131,9.1341],[-10.71,9.1343],[-10.7077,9.1412],[-10.7049,9.1496],[-10.7035,9.1518],[-10.7021,9.154],[-10.6981,9.1591],[-10.6918,9.1606],[-10.6879,9.1667],[-10.6854,9.1703],[-10.6811,9.1731],[-10.6765,9.1767],[-10.6721,9.1808],[-10.668,9.1861],[-10.6668,9.1889],[-10.6619,9.1915],[-10.6583,9.1948],[-10.6558,9.1989],[-10.6548,9.2025],[-10.6573,9.2089],[-10.6578,9.2112],[-10.6587,9.2163],[-10.6582,9.2209],[-10.6554,9.2267],[-10.6523,9.232],[-10.6521,9.2323],[-10.6505,9.2359],[-10.6505,9.241],[-10.6485,9.2428],[-10.6442,9.2469],[-10.6437,9.2505],[-10.6421,9.2535],[-10.6429,9.2597],[-10.6439,9.2635],[-10.6431,9.2671],[-10.6406,9.2699],[-10.6368,9.2701],[-10.6357,9.2768],[-10.6416,9.2806],[-10.6444,9.2811],[-10.6477,9.2829],[-10.6499,9.286],[-10.6525,9.2877],[-10.6537,9.2895],[-10.656,9.2931],[-10.6558,9.2969],[-10.6555,9.2987],[-10.6553,9.3005],[-10.653,9.3043],[-10.652,9.3092],[-10.6548,9.3123],[-10.6586,9.3158],[-10.6622,9.3194],[-10.6698,9.3235],[-10.6775,9.3283],[-10.6849,9.3322],[-10.6905,9.3347],[-10.6943,9.3378],[-10.6997,9.3414],[-10.7025,9.3391],[-10.7053,9.3357],[-10.7074,9.3373],[-10.7107,9.3398],[-10.7145,9.3408],[-10.7187,9.3416],[-10.7188,9.3416],[-10.7239,9.3414],[-10.7273,9.3421],[-10.7299,9.3436],[-10.7313,9.3444],[-10.7329,9.348],[-10.7319,9.3516],[-10.7296,9.3544],[-10.7278,9.3574],[-10.7259,9.3613],[-10.7233,9.3671],[-10.7218,9.3715],[-10.7233,9.3753],[-10.7251,9.3784],[-10.7299,9.3822],[-10.7348,9.385],[-10.7399,9.386],[-10.7424,9.3859],[-10.7435,9.3858],[-10.7476,9.3868],[-10.7509,9.3871],[-10.7565,9.3904],[-10.7603,9.3919],[-10.7654,9.3947],[-10.7705,9.396],[-10.7749,9.3985],[-10.7782,9.4003],[-10.7818,9.4024],[-10.7879,9.4059],[-10.7935,9.4105],[-10.7986,9.4134],[-10.802,9.4161],[-10.803,9.4169],[-10.8073,9.419],[-10.8111,9.4223],[-10.8142,9.4246],[-10.8198,9.4302],[-10.8239,9.4328],[-10.8309,9.4379],[-10.8355,9.4425],[-10.8406,9.4471],[-10.8407,9.4471],[-10.8444,9.4496],[-10.8457,9.4524],[-10.8457,9.457],[-10.8447,9.4626],[-10.8444,9.468],[-10.8452,9.4749],[-10.8473,9.481],[-10.8484,9.4842],[-10.849,9.4861],[-10.8541,9.4894],[-10.859,9.4945],[-10.8587,9.5007],[-10.8513,9.5037],[-10.8467,9.5073],[-10.8446,9.5101],[-10.8456,9.5165],[-10.8479,9.5208],[-10.853,9.5259],[-10.8586,9.5305],[-10.8628,9.5351],[-10.8637,9.5361],[-10.8678,9.541],[-10.8732,9.5458],[-10.8767,9.5507],[-10.8774,9.5517],[-10.8813,9.5573],[-10.8831,9.5609],[-10.8857,9.5663],[-10.8818,9.5757],[-10.8808,9.5811],[-10.8838,9.5847],[-10.8876,9.5882],[-10.893,9.589],[-10.8978,9.5915],[-10.9016,9.5923],[-10.907,9.5951],[-10.9098,9.5979],[-10.9118,9.6007],[-10.9129,9.6029],[-10.9136,9.6043],[-10.9149,9.6092],[-10.9164,9.6143],[-10.9185,9.6194],[-10.921,9.6247],[-10.9228,9.6291],[-10.9287,9.6352],[-10.932,9.6388],[-10.9374,9.6436],[-10.9393,9.6452],[-10.9425,9.648],[-10.9455,9.6515],[-10.9496,9.6546],[-10.9531,9.6574],[-10.9541,9.6582],[-10.9577,9.6623],[-10.9623,9.6686],[-10.965,9.673],[-10.9656,9.674],[-10.9694,9.6789],[-10.9745,9.6829],[-10.9801,9.6891],[-10.984,9.6919],[-10.9865,9.6944],[-10.9891,9.697],[-10.9916,9.6965],[-10.9926,9.6944],[-10.9952,9.6937],[-10.9975,9.6949],[-11.0008,9.6967],[-11.0034,9.6965],[-11.0046,9.6947],[-11.0072,9.6942],[-11.0082,9.6929],[-11.0118,9.6947],[-11.0138,9.6924],[-11.0159,9.6947],[-11.0174,9.6924],[-11.02,9.6924],[-11.0217,9.6914],[-11.024,9.6929],[-11.0269,9.6929],[-11.0294,9.6926],[-11.0284,9.696],[-11.0292,9.6985],[-11.0286,9.7002],[-11.0271,9.707],[-11.0271,9.7071],[-11.0257,9.7141],[-11.0211,9.7141],[-11.02,9.7169],[-11.0188,9.7235],[-11.0171,9.7261],[-11.0171,9.7278],[-11.0157,9.7327],[-11.0113,9.7322],[-11.0119,9.7388],[-11.0091,9.7425],[-11.0062,9.7479],[-11.0099,9.754],[-11.0151,9.7574],[-11.0191,9.7612],[-11.0243,9.7646],[-11.028,9.7686],[-11.0349,9.7752],[-11.0401,9.7807],[-11.0444,9.7844],[-11.0478,9.791],[-11.0496,9.793],[-11.0507,9.7945],[-11.0561,9.8032],[-11.0618,9.8093],[-11.0651,9.8144],[-11.0677,9.8172],[-11.0713,9.8218],[-11.0731,9.8241],[-11.0784,9.828],[-11.0815,9.8308],[-11.0848,9.8346],[-11.0858,9.8362],[-11.0881,9.8402],[-11.0935,9.8438],[-11.0981,9.8468],[-11.1034,9.8489],[-11.1098,9.8499],[-11.116,9.8519],[-11.1208,9.8519],[-11.1282,9.8535],[-11.1338,9.8548],[-11.1381,9.8561],[-11.1387,9.8563],[-11.1417,9.8601],[-11.1443,9.865],[-11.1486,9.8683],[-11.1512,9.8693],[-11.1545,9.8706],[-11.1553,9.8719],[-11.1568,9.8742],[-11.1567,9.8766],[-11.1565,9.8785],[-11.1556,9.8885],[-11.1556,9.8888],[-11.1556,9.8959],[-11.1556,9.9],[-11.1556,9.902],[-11.1579,9.9102],[-11.1613,9.9163],[-11.1623,9.9227],[-11.1618,9.929],[-11.1617,9.9304],[-11.1615,9.9342],[-11.1613,9.9395],[-11.1605,9.9423],[-11.1608,9.9477],[-11.1623,9.9533],[-11.1665,9.9584],[-11.1703,9.9612],[-11.1762,9.9648],[-11.1788,9.9648],[-11.1849,9.9671],[-11.1897,9.9704],[-11.1936,9.973],[-11.1944,9.9734],[-11.1974,9.9753],[-11.1994,9.9778],[-11.2015,9.9811],[-11.2045,9.9837],[-11.2066,9.985],[-11.2081,9.986],[-11.2112,9.9883],[-11.216,9.9926],[-11.2191,9.9977],[-11.2205,9.9993],[-11.2756,9.9993],[-11.2956,9.9993],[-11.3222,9.9993],[-11.3612,9.9993],[-11.3933,9.9993],[-11.4406,9.9993],[-11.4507,9.9993],[-11.4707,9.9993],[-11.4936,9.9993],[-11.5032,9.9993],[-11.5186,9.9993],[-11.5548,9.9993],[-11.6206,9.9993],[-11.6456,9.9993],[-11.668,9.9992],[-11.7526,9.9989],[-11.7874,9.9987],[-11.806,9.9986],[-11.865,9.9982],[-11.8955,9.998],[-11.8978,9.9971],[-11.8972,9.9939],[-11.897,9.9928],[-11.9007,9.9842],[-11.9023,9.9773],[-11.9028,9.9735],[-11.9055,9.9655],[-11.9055,9.9623],[-11.9087,9.9586],[-11.9082,9.9532],[-11.9092,9.9442],[-11.9039,9.9383],[-11.8996,9.933],[-11.8959,9.9298],[-11.8996,9.9233],[-11.8953,9.9191],[-11.8921,9.9153],[-11.8966,9.9109],[-11.8975,9.91],[-11.8986,9.9047],[-11.9018,9.9041],[-11.906,9.9025],[-11.906,9.8961],[-11.9018,9.8881],[-11.8964,9.8854],[-11.8895,9.886],[-11.8852,9.8828],[-11.8857,9.8769],[-11.8884,9.8684],[-11.89,9.863],[-11.8895,9.855],[-11.8905,9.8502],[-11.8916,9.8459],[-11.89,9.8363],[-11.8911,9.8342],[-11.8868,9.8267],[-11.8879,9.8208],[-11.8847,9.815],[-11.8859,9.8104],[-11.8863,9.8091],[-11.8857,9.8048],[-11.8839,9.7984],[-11.8844,9.7936],[-11.8823,9.7893],[-11.8817,9.7851],[-11.8785,9.7808],[-11.8812,9.7765],[-11.8759,9.7707],[-11.8775,9.7605],[-11.878,9.7541],[-11.878,9.7507],[-11.878,9.7472],[-11.878,9.7392],[-11.8775,9.7344],[-11.8769,9.7274],[-11.8753,9.7221],[-11.8753,9.7219],[-11.8732,9.7141],[-11.878,9.7125],[-11.8817,9.7087],[-11.8832,9.7048],[-11.8831,9.7034],[-11.8828,9.7014],[-11.8884,9.7009],[-11.8943,9.6988],[-11.899,9.7005],[-11.9054,9.6988],[-11.9076,9.7014],[-11.9123,9.7005],[-11.914,9.7039],[-11.9178,9.7005],[-11.9212,9.6997],[-11.9238,9.6967],[-11.9323,9.6962],[-11.9422,9.6954],[-11.949,9.695],[-11.9558,9.6937],[-11.9597,9.6928],[-11.9674,9.6911],[-11.9725,9.6898],[-11.9772,9.689],[-11.9784,9.6861],[-11.9798,9.6826],[-11.9853,9.6826],[-11.9887,9.6826],[-11.9934,9.6817],[-11.9994,9.6787],[-12.0067,9.6796],[-12.0045,9.6723],[-12.0067,9.668],[-12.0109,9.6676],[-12.0178,9.6668],[-12.0208,9.6663],[-12.0242,9.6706],[-12.0272,9.6723],[-12.0302,9.6698],[-12.0259,9.6685],[-12.0263,9.6655],[-12.0314,9.6604],[-12.0353,9.6591],[-12.0396,9.6625],[-12.0434,9.6646],[-12.0489,9.6599],[-12.0532,9.6574],[-12.0565,9.6567],[-12.0618,9.6557],[-12.0682,9.6522],[-12.075,9.6501],[-12.0827,9.6458],[-12.0849,9.6452],[-12.0887,9.6441],[-12.0955,9.6381],[-12.0998,9.6335],[-12.1045,9.6296],[-12.1079,9.6266],[-12.1096,9.6198],[-12.113,9.6155],[-12.1109,9.6087],[-12.1151,9.6027],[-12.1181,9.5997],[-12.1241,9.5964],[-12.1265,9.595],[-12.1303,9.5929],[-12.1354,9.5899],[-12.1307,9.5873],[-12.1295,9.5818],[-12.126,9.5826],[-12.1213,9.5801],[-12.1179,9.5826],[-12.1154,9.5839],[-12.1128,9.5813],[-12.1098,9.5805],[-12.1072,9.5835],[-12.1004,9.5779],[-12.0971,9.5768],[-12.0944,9.5758],[-12.091,9.5749],[-12.091,9.5796],[-12.0859,9.5809],[-12.0816,9.5801],[-12.0778,9.5775],[-12.0735,9.5749],[-12.0709,9.5754],[-12.0705,9.5779],[-12.0662,9.5754],[-12.0607,9.5681],[-12.0603,9.563],[-12.0604,9.5629],[-12.0624,9.5608],[-12.0607,9.554],[-12.0585,9.5487],[-12.0577,9.5467],[-12.0551,9.5485],[-12.0509,9.5446],[-12.049,9.5455],[-12.0445,9.5476],[-12.0376,9.5476],[-12.0334,9.551],[-12.0291,9.5489],[-12.0235,9.5425],[-12.0184,9.5408],[-12.0094,9.5305],[-12.005,9.5245],[-12.0007,9.5198],[-11.999,9.5173],[-11.9937,9.5141],[-11.9904,9.5122],[-11.9853,9.5075],[-11.9806,9.504],[-11.978,9.5016],[-11.9746,9.4985],[-11.971,9.4958],[-11.9695,9.4946],[-11.9687,9.5015],[-11.9657,9.5062],[-11.961,9.507],[-11.9601,9.5126],[-11.964,9.5126],[-11.9622,9.5169],[-11.961,9.5211],[-11.9563,9.5224],[-11.9528,9.5262],[-11.9516,9.5292],[-11.9499,9.5335],[-11.9435,9.5305],[-11.9413,9.5335],[-11.9366,9.5335],[-11.9341,9.5365],[-11.9337,9.5366],[-11.9268,9.5382],[-11.9227,9.5389],[-11.9195,9.5395],[-11.9136,9.5378],[-11.9059,9.5391],[-11.8999,9.5399],[-11.8973,9.5404],[-11.8952,9.5408],[-11.8909,9.5395],[-11.8849,9.5386],[-11.8858,9.5335],[-11.8858,9.5292],[-11.8879,9.5267],[-11.8883,9.5242],[-11.8888,9.5215],[-11.8888,9.5177],[-11.8896,9.5139],[-11.8866,9.5113],[-11.8845,9.5156],[-11.8819,9.5207],[-11.877,9.519],[-11.874,9.5164],[-11.8715,9.5122],[-11.8672,9.5083],[-11.8681,9.5045],[-11.8728,9.5049],[-11.8737,9.5039],[-11.8758,9.5019],[-11.874,9.4963],[-11.8775,9.4908],[-11.88,9.4878],[-11.8775,9.4801],[-11.874,9.4724],[-11.8732,9.4665],[-11.8672,9.4622],[-11.8625,9.4626],[-11.8617,9.4612],[-11.8587,9.4558],[-11.8553,9.4506],[-11.8493,9.4485],[-11.8439,9.4471],[-11.8412,9.4464],[-11.8424,9.4419],[-11.8433,9.4387],[-11.8418,9.4343],[-11.8407,9.4314],[-11.8393,9.4304],[-11.8352,9.4272],[-11.8334,9.4232],[-11.8322,9.4203],[-11.8228,9.4088],[-11.8218,9.4074],[-11.8187,9.4032],[-11.8123,9.3977],[-11.8126,9.3972],[-11.8162,9.3904],[-11.8163,9.3898],[-11.8175,9.384],[-11.82,9.3763],[-11.8222,9.3716],[-11.8243,9.3652],[-11.8247,9.3605],[-11.8179,9.361],[-11.8106,9.3545],[-11.8092,9.3503],[-11.8081,9.3469],[-11.8183,9.3387],[-11.8251,9.3332],[-11.8311,9.3281],[-11.8343,9.3254],[-11.8397,9.3208],[-11.8444,9.317],[-11.8477,9.31],[-11.8482,9.3088],[-11.8474,9.3012],[-11.8459,9.2966],[-11.8444,9.2918],[-11.8441,9.2905],[-11.8427,9.2819],[-11.838,9.2734],[-11.8371,9.2661],[-11.8444,9.2661],[-11.8503,9.2653],[-11.8538,9.2683],[-11.8602,9.2678],[-11.8649,9.2666],[-11.8649,9.2614],[-11.8642,9.2612],[-11.8593,9.2597],[-11.8572,9.2614],[-11.8542,9.2597],[-11.8525,9.2533],[-11.8506,9.2503],[-11.8463,9.2529],[-11.8407,9.2533],[-11.8395,9.2482],[-11.8395,9.2409],[-11.8365,9.2337],[-11.8331,9.2306],[-11.8318,9.2294],[-11.8254,9.2281],[-11.8207,9.2324],[-11.81,9.2328],[-11.8049,9.2333],[-11.801,9.2298],[-11.7967,9.231],[-11.7971,9.2329],[-11.7964,9.2441],[-11.7927,9.2441],[-11.7891,9.2444],[-11.7867,9.2446],[-11.7817,9.2459],[-11.778,9.2444],[-11.7733,9.2451],[-11.7707,9.2451],[-11.7645,9.2439],[-11.7588,9.2446],[-11.7587,9.2446],[-11.7511,9.2451],[-11.749,9.2508],[-11.7484,9.2551],[-11.7483,9.2563],[-11.7463,9.2617],[-11.7426,9.2675],[-11.7424,9.2678],[-11.7378,9.2734],[-11.7319,9.2794],[-11.7239,9.2865],[-11.7177,9.291],[-11.7171,9.2897],[-11.7154,9.2862],[-11.7135,9.2826],[-11.7127,9.2759],[-11.7133,9.2684],[-11.7132,9.266],[-11.713,9.2563],[-11.7128,9.2546],[-11.7117,9.2479],[-11.7114,9.2457],[-11.7105,9.2398],[-11.7091,9.2295],[-11.7091,9.2276],[-11.7091,9.2251],[-11.7095,9.2194],[-11.7096,9.2121],[-11.7096,9.2059],[-11.7081,9.2023],[-11.7099,9.1995],[-11.7097,9.1963],[-11.708,9.1954],[-11.7062,9.1936],[-11.7058,9.1933],[-11.7078,9.1899],[-11.7076,9.187],[-11.7074,9.1851],[-11.7078,9.1803],[-11.7079,9.1757],[-11.708,9.1755],[-11.708,9.1721],[-11.7092,9.168],[-11.7081,9.1654],[-11.7087,9.1609],[-11.7084,9.1558],[-11.7094,9.1518],[-11.7096,9.1508],[-11.7077,9.1478],[-11.7104,9.144],[-11.7108,9.14],[-11.7109,9.1393],[-11.7137,9.1345],[-11.7128,9.1291],[-11.7143,9.121],[-11.7173,9.1135],[-11.7111,9.1112],[-11.7052,9.1092],[-11.699,9.1074],[-11.6881,9.1046],[-11.6833,9.1014],[-11.6754,9.0979],[-11.6692,9.0943],[-11.66,9.0858],[-11.657,9.0831],[-11.6527,9.079],[-11.6495,9.0723],[-11.6474,9.0675],[-11.6467,9.0604],[-11.6459,9.0538],[-11.6446,9.0554],[-11.6416,9.0591],[-11.64,9.0639],[-11.6347,9.068],[-11.6321,9.0696],[-11.6288,9.0717],[-11.6258,9.0748],[-11.6242,9.0767],[-11.6217,9.0799],[-11.6176,9.0829],[-11.613,9.086],[-11.6096,9.0907],[-11.6062,9.0938],[-11.6043,9.0975],[-11.6,9.1025],[-11.5973,9.1048],[-11.5928,9.109],[-11.5916,9.1106],[-11.5889,9.1144],[-11.5872,9.1156],[-11.5864,9.1162],[-11.5816,9.1167],[-11.5795,9.1183],[-11.5768,9.1202],[-11.5788,9.1234],[-11.5777,9.1256],[-11.579,9.1284],[-11.5797,9.1302],[-11.5775,9.1321],[-11.5742,9.1339],[-11.5697,9.1366],[-11.569,9.1387],[-11.5676,9.1428],[-11.5655,9.1474],[-11.5642,9.1501],[-11.5623,9.1515],[-11.5607,9.1508],[-11.56,9.1504],[-11.5576,9.148],[-11.5555,9.1478],[-11.5539,9.1496],[-11.5518,9.1492],[-11.5502,9.1499],[-11.5472,9.151],[-11.5449,9.1515],[-11.5424,9.1517],[-11.5422,9.1545],[-11.5398,9.1551],[-11.5369,9.1554],[-11.5339,9.1577],[-11.5307,9.1615],[-11.5305,9.1616],[-11.5273,9.1636],[-11.5259,9.1618],[-11.5242,9.16],[-11.5218,9.1616],[-11.5203,9.1635],[-11.5199,9.1639],[-11.5174,9.1645],[-11.5154,9.1647],[-11.5133,9.1648],[-11.5112,9.1657],[-11.5108,9.1665],[-11.5098,9.1686],[-11.5076,9.1709],[-11.5046,9.1743],[-11.5037,9.1762],[-11.5027,9.1787],[-11.5,9.1794],[-11.4987,9.1814],[-11.4966,9.1833],[-11.4947,9.1858],[-11.4918,9.1844],[-11.4907,9.1847],[-11.4902,9.1863],[-11.4879,9.1867],[-11.4861,9.1856],[-11.4863,9.1842],[-11.4844,9.1844],[-11.4833,9.1853],[-11.4818,9.1835],[-11.4815,9.1831],[-11.4792,9.1806],[-11.4781,9.1806],[-11.4751,9.1812],[-11.4735,9.183],[-11.4712,9.1846],[-11.4698,9.184],[-11.4678,9.1819],[-11.4657,9.1828],[-11.4641,9.1824],[-11.4625,9.1792],[-11.4627,9.176],[-11.4609,9.1735],[-11.4591,9.1744],[-11.4579,9.1764],[-11.4563,9.1727],[-11.4563,9.1709],[-11.4552,9.1691],[-11.4547,9.1684],[-11.4524,9.1673],[-11.4526,9.1652],[-11.4506,9.1654],[-11.4505,9.1653],[-11.4483,9.1636],[-11.447,9.1604],[-11.4469,9.1579],[-11.4451,9.1561],[-11.4449,9.1535],[-11.4442,9.1513],[-11.4445,9.1509],[-11.4456,9.1492],[-11.4449,9.1456],[-11.4444,9.1417],[-11.4438,9.1394],[-11.4438,9.1353],[-11.4436,9.1332],[-11.4441,9.1297],[-11.4436,9.1284],[-11.4423,9.1277],[-11.4414,9.1252],[-11.4429,9.1234],[-11.4439,9.1217],[-11.4434,9.1185],[-11.4441,9.1156],[-11.4438,9.114],[-11.4445,9.1122],[-11.4436,9.1112],[-11.4439,9.1081],[-11.4439,9.1074],[-11.4441,9.1048],[-11.4432,9.1023],[-11.442,9.0993],[-11.4436,9.0971],[-11.4423,9.0947],[-11.4429,9.0911],[-11.4437,9.0876],[-11.4437,9.0874],[-11.4442,9.086],[-11.4417,9.0844],[-11.4424,9.081],[-11.4431,9.0785],[-11.4429,9.0775],[-11.4419,9.0739],[-11.4437,9.0712],[-11.446,9.0691],[-11.4463,9.0673],[-11.4446,9.0661],[-11.4444,9.0636],[-11.4451,9.0591],[-11.4462,9.0518],[-11.4455,9.0499],[-11.4451,9.0488],[-11.4486,9.0447],[-11.4483,9.043],[-11.4483,9.0407],[-11.4483,9.0396],[-11.45,9.0353],[-11.4478,9.0327],[-11.4477,9.0325],[-11.4462,9.0295],[-11.4448,9.0289],[-11.4427,9.028],[-11.4414,9.0254],[-11.4398,9.0254],[-11.44,9.0211],[-11.4406,9.0179],[-11.4395,9.0159],[-11.4377,9.0149],[-11.4363,9.014],[-11.4381,9.0099],[-11.4393,9.0083],[-11.4409,9.0065],[-11.4411,9.0046],[-11.4409,9.0008],[-11.4407,8.9991],[-11.4429,8.9973],[-11.4441,8.9959],[-11.4427,8.9952],[-11.4432,8.9927],[-11.4432,8.9897],[-11.4436,8.9863],[-11.4477,8.9861],[-11.4507,8.9868],[-11.4532,8.9897],[-11.4546,8.9866],[-11.4579,8.9845],[-11.4552,8.9843],[-11.4556,8.9818],[-11.4559,8.9785],[-11.4579,8.9735],[-11.4566,8.9715],[-11.4567,8.9715],[-11.4584,8.9687],[-11.457,8.9662],[-11.4602,8.9619],[-11.4604,8.9591],[-11.4632,8.9586],[-11.4645,8.9584],[-11.4657,8.9582],[-11.4666,8.9539],[-11.4684,8.9497],[-11.4673,8.947],[-11.4678,8.9433],[-11.4701,8.939],[-11.4701,8.9369],[-11.4724,8.9348],[-11.4746,8.9308],[-11.473,8.931],[-11.4719,8.9278],[-11.4739,8.9248],[-11.4754,8.9224],[-11.4758,8.9218],[-11.479,8.9248],[-11.4808,8.9255],[-11.4815,8.9298],[-11.4841,8.9316],[-11.4864,8.9294],[-11.4875,8.9241],[-11.4907,8.917],[-11.4892,8.9141],[-11.4914,8.9101],[-11.4917,8.9047],[-11.4939,8.9038],[-11.4951,8.9072],[-11.4981,8.9067],[-11.4997,8.9086],[-11.5004,8.9124],[-11.5036,8.9109],[-11.5083,8.9093],[-11.5097,8.9113],[-11.5114,8.9147],[-11.5079,8.9181],[-11.5088,8.9221],[-11.5095,8.9189],[-11.5125,8.9165],[-11.5139,8.9157],[-11.5162,8.9138],[-11.5186,8.9127],[-11.5203,8.9131],[-11.5198,8.9143],[-11.5191,8.9179],[-11.5205,8.9179],[-11.5225,8.9138],[-11.5239,8.9115],[-11.5278,8.9113],[-11.5292,8.9095],[-11.5294,8.9069],[-11.5299,8.903],[-11.5313,8.9019],[-11.533,8.9002],[-11.534,8.899],[-11.5345,8.8967],[-11.5357,8.8942],[-11.5409,8.8944],[-11.5391,8.8913],[-11.5385,8.8902],[-11.5417,8.89],[-11.5409,8.8873],[-11.5432,8.8855],[-11.5435,8.8838],[-11.5435,8.8804],[-11.5432,8.8784],[-11.5437,8.8777],[-11.5447,8.8763],[-11.5448,8.8763],[-11.5469,8.8747],[-11.5488,8.8722],[-11.5515,8.869],[-11.5522,8.8658],[-11.5501,8.863],[-11.5515,8.8601],[-11.5529,8.861],[-11.5545,8.8603],[-11.5584,8.8617],[-11.5595,8.8601],[-11.5584,8.8585],[-11.5584,8.8569],[-11.5584,8.8568],[-11.5584,8.8562],[-11.557,8.8536],[-11.5536,8.8493],[-11.5469,8.8489],[-11.5417,8.8497],[-11.5361,8.8479],[-11.5302,8.8459],[-11.526,8.8454],[-11.5173,8.844],[-11.5052,8.8432],[-11.5027,8.8431],[-11.4947,8.8418],[-11.4839,8.8425],[-11.4837,8.8473],[-11.4828,8.8525],[-11.4798,8.856],[-11.4761,8.8587],[-11.4725,8.8617],[-11.4669,8.8642],[-11.4635,8.8662],[-11.4594,8.868],[-11.4562,8.869],[-11.4534,8.8674],[-11.4512,8.8662],[-11.4477,8.8644],[-11.4446,8.8637],[-11.4433,8.8625],[-11.4423,8.8617],[-11.4407,8.8589],[-11.4397,8.8557],[-11.4381,8.8532],[-11.4374,8.8512],[-11.4351,8.8484],[-11.4327,8.8457],[-11.4317,8.8409],[-11.4315,8.8378],[-11.4315,8.8377],[-11.4297,8.8344],[-11.4287,8.8305],[-11.4261,8.8276],[-11.425,8.8234],[-11.4239,8.82],[-11.422,8.8178],[-11.4213,8.8139],[-11.4212,8.8134],[-11.4211,8.8127],[-11.4188,8.8104],[-11.4181,8.8083],[-11.4172,8.8079],[-11.4152,8.8038],[-11.414,8.7962],[-11.411,8.7935],[-11.4083,8.7919],[-11.4085,8.7885],[-11.4065,8.7871],[-11.4064,8.7852],[-11.4061,8.782],[-11.405,8.78],[-11.4027,8.7757],[-11.4006,8.7741],[-11.3984,8.7722],[-11.3982,8.7714],[-11.3969,8.7672],[-11.3945,8.7592],[-11.3951,8.7557],[-11.3952,8.7548],[-11.3958,8.7519],[-11.3933,8.7493],[-11.3929,8.7471],[-11.3924,8.7445],[-11.3922,8.7438],[-11.3901,8.7427],[-11.3871,8.742],[-11.3876,8.7395],[-11.3848,8.7368],[-11.3851,8.7357],[-11.3858,8.7336],[-11.3843,8.7304],[-11.382,8.7274],[-11.3829,8.7223],[-11.3813,8.7169],[-11.3833,8.7116],[-11.3813,8.7095],[-11.3794,8.7063],[-11.3785,8.7043],[-11.3783,8.7001],[-11.3782,8.7],[-11.3765,8.6985],[-11.3746,8.6954],[-11.3756,8.6928],[-11.3767,8.6901],[-11.3742,8.6869],[-11.3719,8.6839],[-11.3705,8.681],[-11.369,8.6771],[-11.3687,8.6746],[-11.3658,8.6698],[-11.3637,8.6668],[-11.3634,8.6663],[-11.3614,8.6636],[-11.3575,8.6624],[-11.3526,8.6606],[-11.3507,8.6595],[-11.3435,8.6609],[-11.3412,8.661],[-11.3344,8.6627],[-11.3326,8.6632],[-11.3326,8.665],[-11.3344,8.6676],[-11.3406,8.6762],[-11.343,8.6826],[-11.3433,8.6839],[-11.3437,8.6853],[-11.3457,8.6892],[-11.3471,8.6919],[-11.3473,8.6925],[-11.348,8.6944],[-11.3484,8.6958],[-11.3504,8.7012],[-11.3484,8.7098],[-11.351,8.7171],[-11.3473,8.7246],[-11.3471,8.7251],[-11.3479,8.7294],[-11.3484,8.7317],[-11.3477,8.737],[-11.3477,8.7392],[-11.3477,8.7393],[-11.3477,8.7416],[-11.3468,8.7465],[-11.3464,8.7483],[-11.3411,8.7509],[-11.3411,8.7533],[-11.3411,8.7568],[-11.3411,8.7595],[-11.3395,8.7643],[-11.3391,8.7655],[-11.3397,8.7751],[-11.3398,8.7761],[-11.3327,8.7827],[-11.3311,8.7841],[-11.3205,8.7927],[-11.3059,8.8013],[-11.3033,8.8073],[-11.3053,8.8139],[-11.3053,8.8142],[-11.3066,8.8219],[-11.2986,8.8318],[-11.2982,8.8358],[-11.2976,8.8411],[-11.2973,8.8438],[-11.2973,8.855],[-11.2933,8.8603],[-11.2841,8.8617],[-11.2812,8.8617],[-11.2754,8.8617],[-11.2695,8.8623],[-11.2628,8.8743],[-11.2582,8.8829],[-11.2529,8.8902],[-11.2538,8.8926],[-11.2555,8.8975],[-11.2522,8.9001],[-11.2507,8.9071],[-11.2504,8.9087],[-11.2502,8.9094],[-11.251,8.9087],[-11.2542,8.9054],[-11.2558,8.9087],[-11.256,8.909],[-11.2562,8.9094],[-11.2502,8.9137],[-11.2489,8.9147],[-11.2469,8.9187],[-11.2443,8.922],[-11.2396,8.928],[-11.2383,8.9313],[-11.2317,8.9319],[-11.2296,8.9325],[-11.227,8.9333],[-11.2231,8.9379],[-11.2118,8.9326],[-11.2012,8.93],[-11.1916,8.9373],[-11.1899,8.9386],[-11.176,8.9373],[-11.1742,8.9349],[-11.17,8.9293],[-11.1674,8.9261],[-11.1646,8.9227],[-11.164,8.922],[-11.1637,8.9226],[-11.1574,8.9346],[-11.1495,8.9399],[-11.1456,8.947],[-11.1451,8.9479],[-11.1458,8.9524],[-11.146,8.9533],[-11.1465,8.9565],[-11.1456,8.96],[-11.1445,8.9644],[-11.1365,8.9677],[-11.1365,8.9678],[-11.1272,8.9731],[-11.1244,8.9776],[-11.1239,8.9784],[-11.1246,8.9863],[-11.1248,8.9895],[-11.1248,8.9897],[-11.125,8.9923],[-11.1253,8.9963],[-11.1292,9.0002],[-11.1332,9.0002],[-11.1355,9.0084],[-11.1359,9.0095],[-11.1352,9.0155],[-11.1272,9.0228],[-11.1227,9.0325],[-11.1226,9.0327],[-11.1225,9.0333],[-11.1219,9.0387],[-11.1219,9.0442],[-11.1219,9.0447],[-11.1166,9.054],[-11.1158,9.055],[-11.1113,9.0606],[-11.1047,9.0679],[-11.1016,9.0679],[-11.0961,9.0679],[-11.0932,9.0671],[-11.0914,9.0666],[-11.083,9.0629],[-11.0822,9.0626],[-11.0802,9.0705],[-11.0796,9.071],[-11.076,9.0738],[-11.0754,9.0744],[-11.0735,9.0758],[-11.0643,9.0765],[-11.0571,9.0776],[-11.0556,9.0778],[-11.0479,9.0747],[-11.0457,9.0738],[-11.0384,9.0699],[-11.0142,9.0578],[-11.0119,9.0566],[-11.0067,9.0594],[-11.0062,9.0597],[-11.0057,9.06],[-11.0053,9.0602],[-11.0049,9.0604],[-11.0046,9.0606],[-11.0037,9.0597],[-10.9984,9.0544],[-10.9946,9.0506],[-10.9739,9.0399],[-10.9714,9.0387],[-10.9635,9.0361],[-10.963,9.0358],[-10.9535,9.0301],[-10.9373,9.0241],[-10.928,9.0168],[-10.9203,9.0125],[-10.9183,9.0113],[-10.9141,9.0089],[-10.9143,9.0086],[-10.9209,9.0002],[-10.924,8.9963],[-10.932,8.9876],[-10.9313,8.9864],[-10.9319,8.9858],[-10.9317,8.9848],[-10.9308,8.9831],[-10.9308,8.9822],[-10.9302,8.981],[-10.9291,8.9795],[-10.9277,8.9781],[-10.9267,8.9769],[-10.9259,8.9764],[-10.9256,8.9751],[-10.9251,8.9741],[-10.9249,8.9732],[-10.9242,8.972],[-10.9232,8.9716],[-10.922,8.9695],[-10.9213,8.9683],[-10.9204,8.9672],[-10.92,8.9658],[-10.9183,8.9641],[-10.9182,8.9635],[-10.9173,8.9625],[-10.9162,8.9618],[-10.9154,8.9614],[-10.9149,8.9602],[-10.9138,8.959],[-10.9135,8.9584],[-10.9125,8.9576],[-10.9114,8.9577],[-10.9095,8.9605],[-10.9081,8.962],[-10.9056,8.9646],[-10.9021,8.9688],[-10.8988,8.9729],[-10.8977,8.9745],[-10.897,8.9744],[-10.8959,8.9736],[-10.8936,8.9715],[-10.8916,8.969],[-10.89,8.967],[-10.8873,8.9637],[-10.8854,8.9612],[-10.8832,8.9582],[-10.8808,8.956],[-10.8776,8.9545],[-10.8765,8.954],[-10.8756,8.9536],[-10.8756,8.9536],[-10.8754,8.9519],[-10.8756,8.9511],[-10.8757,8.95],[-10.876,8.9488],[-10.8753,8.9477],[-10.8744,8.948],[-10.8736,8.9487],[-10.873,8.9492],[-10.872,8.9498],[-10.8707,8.9496],[-10.8707,8.9496],[-10.8703,8.9488],[-10.869,8.9486],[-10.8684,8.9489],[-10.8675,8.9483],[-10.8667,8.9475],[-10.8659,8.9477],[-10.8654,8.9486],[-10.8642,8.9486],[-10.8633,8.9491],[-10.862,8.9494],[-10.8604,8.9503],[-10.859,8.951],[-10.8571,8.9519],[-10.8548,8.9526],[-10.853,8.9526],[-10.8513,8.9527],[-10.85,8.9516],[-10.8494,8.9503],[-10.8485,8.9491],[-10.8472,8.9487],[-10.8448,8.9481],[-10.8436,8.9473],[-10.8428,8.9465],[-10.8387,8.941],[-10.8384,8.9405],[-10.8365,8.9379],[-10.8309,8.9369],[-10.8259,8.9359],[-10.8165,8.9353],[-10.8153,8.9353],[-10.8076,8.9341],[-10.8066,8.9339],[-10.8063,8.9341],[-10.8044,8.934],[-10.8031,8.9339],[-10.7998,8.9337],[-10.796,8.9379],[-10.7901,8.9432],[-10.7864,8.9435],[-10.7852,8.9436],[-10.7814,8.9439],[-10.7761,8.9399],[-10.7688,8.9399],[-10.7609,8.9346],[-10.7556,8.9326],[-10.7536,8.9337],[-10.748,8.9366],[-10.7407,8.9386],[-10.74,8.9372],[-10.738,8.9333],[-10.7359,8.9327],[-10.7287,8.9306],[-10.7214,8.9331],[-10.7168,8.9346],[-10.7116,8.9351],[-10.7063,8.9356],[-10.7029,8.9359],[-10.7001,8.9359],[-10.6919,8.9359],[-10.6903,8.9359],[-10.6826,8.9353],[-10.6763,8.9348],[-10.6737,8.9346],[-10.6737,8.9359],[-10.6737,8.9366],[-10.6744,8.9399],[-10.6741,8.9443],[-10.674,8.9471],[-10.675,8.9559],[-10.675,8.9565],[-10.6767,8.9594],[-10.679,8.9631],[-10.687,8.9651],[-10.6943,8.9658],[-10.6943,8.9689],[-10.6943,8.9717],[-10.687,8.9823],[-10.6832,8.9926],[-10.6823,8.9949],[-10.6835,8.9994],[-10.6843,9.0022],[-10.6823,9.0089],[-10.6804,9.0089],[-10.679,9.0089],[-10.679,9.009],[-10.6783,9.0155],[-10.6767,9.0163],[-10.673,9.0181],[-10.6633,9.0201],[-10.6598,9.0208],[-10.6566,9.0214],[-10.6498,9.0228],[-10.6469,9.0235],[-10.6419,9.0248],[-10.6359,9.0294],[-10.6313,9.0334],[-10.6288,9.0349],[-10.626,9.0367],[-10.622,9.042],[-10.6153,9.0414],[-10.6098,9.0408],[-10.6087,9.0407],[-10.6069,9.0412],[-10.6041,9.042],[-10.6025,9.0419],[-10.6002,9.0416],[-10.5974,9.0414],[-10.5958,9.0416],[-10.5924,9.0421],[-10.5888,9.0427],[-10.5874,9.0437]]]}},{"type":"Feature","properties":{"districtId":"bombali","name":"Bombali"},"geometry":{"type":"Polygon","coordinates":[[[-12.3205,8.7301],[-12.3175,8.7313],[-12.3138,8.733],[-12.3133,8.7338],[-12.3107,8.7381],[-12.3097,8.7422],[-12.3093,8.7477],[-12.3086,8.7511],[-12.3079,8.7545],[-12.3062,8.7583],[-12.3042,8.761],[-12.3008,8.761],[-12.297,8.7593],[-12.295,8.7556],[-12.2939,8.7522],[-12.2933,8.7487],[-12.2909,8.7467],[-12.2874,8.7446],[-12.2844,8.7457],[-12.282,8.7491],[-12.2782,8.7518],[-12.2734,8.7525],[-12.2731,8.7524],[-12.27,8.7515],[-12.2686,8.7508],[-12.268,8.7504],[-12.2659,8.747],[-12.2687,8.744],[-12.2717,8.7405],[-12.2714,8.7358],[-12.2707,8.7303],[-12.2707,8.73],[-12.271,8.7262],[-12.2724,8.7228],[-12.2751,8.7217],[-12.2792,8.7207],[-12.281,8.718],[-12.2803,8.7135],[-12.2782,8.7108],[-12.2738,8.7118],[-12.2708,8.7126],[-12.2697,8.7129],[-12.2673,8.7149],[-12.2646,8.7176],[-12.2634,8.7203],[-12.2628,8.7214],[-12.2622,8.7265],[-12.2622,8.7299],[-12.2622,8.7344],[-12.2632,8.7395],[-12.2618,8.744],[-12.2587,8.7467],[-12.2557,8.7436],[-12.2529,8.7402],[-12.2509,8.7364],[-12.2495,8.732],[-12.2489,8.7311],[-12.2478,8.7296],[-12.2461,8.7265],[-12.2446,8.7252],[-12.243,8.7238],[-12.2406,8.7214],[-12.2369,8.72],[-12.2328,8.718],[-12.23,8.7156],[-12.2259,8.7146],[-12.2205,8.7146],[-12.2215,8.7211],[-12.2205,8.7238],[-12.2174,8.7265],[-12.2136,8.7289],[-12.2099,8.7289],[-12.2068,8.7252],[-12.2051,8.7228],[-12.1989,8.7231],[-12.1959,8.7252],[-12.1935,8.7289],[-12.1911,8.7334],[-12.1887,8.7361],[-12.186,8.7392],[-12.1812,8.7422],[-12.181,8.7422],[-12.1778,8.7405],[-12.1747,8.7378],[-12.1699,8.7303],[-12.1675,8.7265],[-12.1669,8.7254],[-12.1645,8.7215],[-12.1641,8.7207],[-12.1613,8.7165],[-12.157,8.713],[-12.1548,8.7105],[-12.1536,8.7092],[-12.1489,8.7071],[-12.1429,8.7049],[-12.1357,8.7045],[-12.1322,8.7002],[-12.1305,8.6972],[-12.1292,8.6938],[-12.1263,8.6913],[-12.1245,8.6857],[-12.1226,8.6809],[-12.1224,8.6806],[-12.1216,8.6776],[-12.1186,8.6746],[-12.1177,8.6727],[-12.116,8.669],[-12.1147,8.6639],[-12.1113,8.6635],[-12.1083,8.6643],[-12.1058,8.6682],[-12.1032,8.6742],[-12.0981,8.6754],[-12.0938,8.6754],[-12.0912,8.6776],[-12.0882,8.679],[-12.0865,8.6797],[-12.0845,8.681],[-12.081,8.6831],[-12.0771,8.6819],[-12.0729,8.681],[-12.0716,8.6844],[-12.0741,8.6874],[-12.0759,8.6925],[-12.0746,8.6989],[-12.0729,8.7041],[-12.0694,8.7046],[-12.0692,8.7046],[-12.0673,8.7049],[-12.067,8.7049],[-12.0635,8.7049],[-12.0601,8.7028],[-12.0618,8.6989],[-12.0626,8.6951],[-12.0618,8.6891],[-12.0601,8.6861],[-12.0598,8.6861],[-12.0583,8.6861],[-12.0558,8.6891],[-12.0528,8.6917],[-12.0489,8.6921],[-12.0442,8.6921],[-12.0404,8.6904],[-12.0396,8.6878],[-12.0404,8.6844],[-12.0413,8.6814],[-12.0398,8.6804],[-12.0383,8.6793],[-12.0344,8.6797],[-12.0323,8.6823],[-12.0302,8.6861],[-12.028,8.6891],[-12.0255,8.6883],[-12.025,8.6861],[-12.0255,8.6827],[-12.0229,8.6833],[-12.0216,8.6836],[-12.0191,8.6831],[-12.0148,8.6801],[-12.0109,8.6797],[-12.0084,8.6801],[-12.0072,8.6806],[-12.005,8.6814],[-12.0041,8.6825],[-12.0028,8.684],[-12.0019,8.6857],[-12.0008,8.6878],[-11.9998,8.6895],[-11.9996,8.6934],[-11.9996,8.6977],[-11.9976,8.7024],[-11.9975,8.7028],[-11.9962,8.7062],[-11.9898,8.7088],[-11.989,8.7092],[-11.9847,8.7113],[-11.9808,8.7126],[-11.9753,8.716],[-11.9714,8.7187],[-11.971,8.719],[-11.9693,8.7198],[-11.9672,8.7207],[-11.9642,8.7222],[-11.9612,8.7237],[-11.9567,8.7257],[-11.9565,8.7258],[-11.9554,8.7263],[-11.9548,8.7265],[-11.9539,8.7268],[-11.9531,8.7271],[-11.951,8.7286],[-11.9488,8.7301],[-11.9484,8.7307],[-11.9475,8.7318],[-11.9458,8.734],[-11.9457,8.734],[-11.9452,8.7343],[-11.9407,8.737],[-11.9356,8.7387],[-11.9352,8.7389],[-11.9321,8.7417],[-11.9302,8.7426],[-11.927,8.7442],[-11.9223,8.7481],[-11.9185,8.7502],[-11.9159,8.7481],[-11.9133,8.7481],[-11.9128,8.7485],[-11.9112,8.7498],[-11.9101,8.7539],[-11.9099,8.7545],[-11.9078,8.7549],[-11.9052,8.7523],[-11.9027,8.7528],[-11.9001,8.7575],[-11.8984,8.7609],[-11.8963,8.7639],[-11.8924,8.7651],[-11.8923,8.7652],[-11.8903,8.7664],[-11.8877,8.7698],[-11.8864,8.775],[-11.8886,8.7788],[-11.8881,8.7814],[-11.8864,8.7814],[-11.883,8.7792],[-11.8814,8.7822],[-11.8809,8.7831],[-11.8792,8.7878],[-11.8813,8.7929],[-11.8847,8.7967],[-11.8839,8.8014],[-11.8822,8.8049],[-11.8841,8.81],[-11.8849,8.8155],[-11.8853,8.8181],[-11.8853,8.8181],[-11.8858,8.8211],[-11.8862,8.8275],[-11.8832,8.8331],[-11.8835,8.8367],[-11.8837,8.8386],[-11.8841,8.8424],[-11.8819,8.8463],[-11.8819,8.8506],[-11.8818,8.8513],[-11.8807,8.8557],[-11.8845,8.86],[-11.8824,8.8617],[-11.879,8.8647],[-11.8751,8.8676],[-11.8713,8.8735],[-11.8713,8.8736],[-11.8713,8.8754],[-11.8713,8.8779],[-11.867,8.8792],[-11.867,8.883],[-11.8691,8.8916],[-11.8683,8.8971],[-11.8696,8.9001],[-11.8726,8.9048],[-11.8726,8.9091],[-11.8726,8.9126],[-11.8726,8.9138],[-11.8734,8.9189],[-11.8727,8.9253],[-11.8726,8.9262],[-11.8723,8.9313],[-11.8715,8.9373],[-11.8705,8.9412],[-11.8698,8.9445],[-11.8749,8.9471],[-11.8728,8.9492],[-11.8717,8.9521],[-11.8715,8.9526],[-11.8745,8.9552],[-11.8779,8.9555],[-11.8792,8.9556],[-11.8805,8.9578],[-11.88,8.9616],[-11.8822,8.9646],[-11.8852,8.9663],[-11.8873,8.9719],[-11.8835,8.9737],[-11.883,8.974],[-11.8787,8.9744],[-11.8706,8.9731],[-11.8676,8.9761],[-11.867,8.9778],[-11.8651,8.9825],[-11.8711,8.9877],[-11.8707,8.9881],[-11.8676,8.9915],[-11.8642,8.9945],[-11.8595,8.9966],[-11.8535,9.0001],[-11.851,9.0013],[-11.8446,8.9996],[-11.8412,8.9971],[-11.8382,8.9988],[-11.8352,9.0022],[-11.8322,9.0052],[-11.8288,9.0112],[-11.8335,9.0184],[-11.8322,9.021],[-11.8308,9.0214],[-11.8296,9.0218],[-11.8254,9.021],[-11.8228,9.0176],[-11.8215,9.0167],[-11.8202,9.0197],[-11.8224,9.0235],[-11.8241,9.0274],[-11.8215,9.0287],[-11.8194,9.0261],[-11.8168,9.0218],[-11.8151,9.0184],[-11.813,9.0159],[-11.8107,9.0149],[-11.8057,9.0129],[-11.8037,9.0129],[-11.8002,9.0129],[-11.7993,9.014],[-11.7984,9.015],[-11.7984,9.0201],[-11.7946,9.021],[-11.792,9.0218],[-11.7891,9.0223],[-11.7883,9.0238],[-11.7867,9.0274],[-11.7846,9.0308],[-11.7803,9.0317],[-11.7803,9.0351],[-11.7794,9.0402],[-11.7743,9.0432],[-11.7688,9.0415],[-11.7685,9.0421],[-11.7675,9.0445],[-11.7676,9.0474],[-11.7678,9.0513],[-11.7679,9.0547],[-11.7624,9.0564],[-11.7638,9.0603],[-11.7641,9.0611],[-11.7652,9.0617],[-11.773,9.0654],[-11.7812,9.0688],[-11.7863,9.0731],[-11.7923,9.0727],[-11.7938,9.0731],[-11.7941,9.0732],[-11.7978,9.0744],[-11.8055,9.0778],[-11.8079,9.0794],[-11.8132,9.0829],[-11.8166,9.091],[-11.8162,9.1004],[-11.8196,9.106],[-11.8269,9.1064],[-11.83,9.1072],[-11.8337,9.1081],[-11.8344,9.109],[-11.8388,9.1145],[-11.8422,9.1213],[-11.8412,9.1272],[-11.8405,9.1312],[-11.838,9.1414],[-11.8382,9.1483],[-11.8343,9.1568],[-11.8334,9.1573],[-11.8249,9.1624],[-11.8193,9.1687],[-11.8181,9.17],[-11.8183,9.1707],[-11.8203,9.1802],[-11.8215,9.1858],[-11.8168,9.1931],[-11.8125,9.1999],[-11.8057,9.2025],[-11.8034,9.2042],[-11.8022,9.2051],[-11.7993,9.2072],[-11.7972,9.2102],[-11.7963,9.2162],[-11.7963,9.2239],[-11.7963,9.229],[-11.7963,9.2311],[-11.7967,9.231],[-11.801,9.2298],[-11.8049,9.2333],[-11.81,9.2328],[-11.8207,9.2324],[-11.8254,9.2281],[-11.8318,9.2294],[-11.8331,9.2306],[-11.8365,9.2337],[-11.8395,9.2409],[-11.8395,9.2482],[-11.8407,9.2533],[-11.8463,9.2529],[-11.8506,9.2503],[-11.8525,9.2533],[-11.8542,9.2597],[-11.8572,9.2614],[-11.8593,9.2597],[-11.8642,9.2612],[-11.8649,9.2614],[-11.8649,9.2666],[-11.8602,9.2678],[-11.8538,9.2683],[-11.8503,9.2653],[-11.8444,9.2661],[-11.8371,9.2661],[-11.838,9.2734],[-11.8427,9.2819],[-11.8441,9.2905],[-11.8444,9.2918],[-11.8459,9.2966],[-11.8474,9.3012],[-11.8482,9.3088],[-11.8477,9.31],[-11.8444,9.317],[-11.8397,9.3208],[-11.8343,9.3254],[-11.8311,9.3281],[-11.8251,9.3332],[-11.8183,9.3387],[-11.8081,9.3469],[-11.8092,9.3503],[-11.8106,9.3545],[-11.8179,9.361],[-11.8247,9.3605],[-11.8243,9.3652],[-11.8222,9.3716],[-11.82,9.3763],[-11.8175,9.384],[-11.8163,9.3898],[-11.8162,9.3904],[-11.8126,9.3972],[-11.8123,9.3977],[-11.8187,9.4032],[-11.8218,9.4074],[-11.8228,9.4088],[-11.8322,9.4203],[-11.8334,9.4232],[-11.8352,9.4272],[-11.8393,9.4304],[-11.8407,9.4314],[-11.8418,9.4343],[-11.8433,9.4387],[-11.8424,9.4419],[-11.8412,9.4464],[-11.8439,9.4471],[-11.8493,9.4485],[-11.8553,9.4506],[-11.8587,9.4558],[-11.8617,9.4612],[-11.8625,9.4626],[-11.8672,9.4622],[-11.8732,9.4665],[-11.874,9.4724],[-11.8775,9.4801],[-11.88,9.4878],[-11.8775,9.4908],[-11.874,9.4963],[-11.8758,9.5019],[-11.8737,9.5039],[-11.8728,9.5049],[-11.8681,9.5045],[-11.8672,9.5083],[-11.8715,9.5122],[-11.874,9.5164],[-11.877,9.519],[-11.8819,9.5207],[-11.8845,9.5156],[-11.8866,9.5113],[-11.8896,9.5139],[-11.8888,9.5177],[-11.8888,9.5215],[-11.8883,9.5242],[-11.8879,9.5267],[-11.8858,9.5292],[-11.8858,9.5335],[-11.8849,9.5386],[-11.8909,9.5395],[-11.8952,9.5408],[-11.8973,9.5404],[-11.8999,9.5399],[-11.9059,9.5391],[-11.9136,9.5378],[-11.9195,9.5395],[-11.9227,9.5389],[-11.9268,9.5382],[-11.9337,9.5366],[-11.9341,9.5365],[-11.9366,9.5335],[-11.9413,9.5335],[-11.9435,9.5305],[-11.9499,9.5335],[-11.9516,9.5292],[-11.9528,9.5262],[-11.9563,9.5224],[-11.961,9.5211],[-11.9622,9.5169],[-11.964,9.5126],[-11.9601,9.5126],[-11.961,9.507],[-11.9657,9.5062],[-11.9687,9.5015],[-11.9695,9.4946],[-11.971,9.4958],[-11.9746,9.4985],[-11.978,9.5016],[-11.9806,9.504],[-11.9853,9.5075],[-11.9904,9.5122],[-11.9937,9.5141],[-11.999,9.5173],[-12.0007,9.5198],[-12.005,9.5245],[-12.0094,9.5305],[-12.0184,9.5408],[-12.0235,9.5425],[-12.0291,9.5489],[-12.0334,9.551],[-12.0376,9.5476],[-12.0445,9.5476],[-12.049,9.5455],[-12.0509,9.5446],[-12.0551,9.5485],[-12.0577,9.5467],[-12.0585,9.5487],[-12.0607,9.554],[-12.0624,9.5608],[-12.0604,9.5629],[-12.0603,9.563],[-12.0607,9.5681],[-12.0662,9.5754],[-12.0705,9.5779],[-12.0709,9.5754],[-12.0735,9.5749],[-12.0778,9.5775],[-12.0816,9.5801],[-12.0859,9.5809],[-12.091,9.5796],[-12.091,9.5749],[-12.0944,9.5758],[-12.0971,9.5768],[-12.1004,9.5779],[-12.1072,9.5835],[-12.1098,9.5805],[-12.1128,9.5813],[-12.1154,9.5839],[-12.1179,9.5826],[-12.1213,9.5801],[-12.126,9.5826],[-12.1295,9.5818],[-12.1307,9.5873],[-12.1354,9.5899],[-12.1303,9.5929],[-12.1265,9.595],[-12.1241,9.5964],[-12.1181,9.5997],[-12.1151,9.6027],[-12.1109,9.6087],[-12.113,9.6155],[-12.1096,9.6198],[-12.1079,9.6266],[-12.1045,9.6296],[-12.0998,9.6335],[-12.0955,9.6381],[-12.0887,9.6441],[-12.0849,9.6452],[-12.0827,9.6458],[-12.075,9.6501],[-12.0682,9.6522],[-12.0618,9.6557],[-12.0565,9.6567],[-12.0532,9.6574],[-12.0489,9.6599],[-12.0434,9.6646],[-12.0396,9.6625],[-12.0353,9.6591],[-12.0314,9.6604],[-12.0263,9.6655],[-12.0259,9.6685],[-12.0302,9.6698],[-12.0272,9.6723],[-12.0242,9.6706],[-12.0208,9.6663],[-12.0178,9.6668],[-12.0109,9.6676],[-12.0067,9.668],[-12.0045,9.6723],[-12.0067,9.6796],[-11.9994,9.6787],[-11.9934,9.6817],[-11.9887,9.6826],[-11.9853,9.6826],[-11.9798,9.6826],[-11.9784,9.6861],[-11.9772,9.689],[-11.9725,9.6898],[-11.9674,9.6911],[-11.9597,9.6928],[-11.9558,9.6937],[-11.949,9.695],[-11.9422,9.6954],[-11.9323,9.6962],[-11.9238,9.6967],[-11.9212,9.6997],[-11.9178,9.7005],[-11.914,9.7039],[-11.9123,9.7005],[-11.9076,9.7014],[-11.9054,9.6988],[-11.899,9.7005],[-11.8943,9.6988],[-11.8884,9.7009],[-11.8828,9.7014],[-11.8831,9.7034],[-11.8832,9.7048],[-11.8817,9.7087],[-11.878,9.7125],[-11.8732,9.7141],[-11.8753,9.7219],[-11.8753,9.7221],[-11.8769,9.7274],[-11.8775,9.7344],[-11.878,9.7392],[-11.878,9.7472],[-11.878,9.7507],[-11.878,9.7541],[-11.8775,9.7605],[-11.8759,9.7707],[-11.8812,9.7765],[-11.8785,9.7808],[-11.8817,9.7851],[-11.8823,9.7893],[-11.8844,9.7936],[-11.8839,9.7984],[-11.8857,9.8048],[-11.8863,9.8091],[-11.8859,9.8104],[-11.8847,9.815],[-11.8879,9.8208],[-11.8868,9.8267],[-11.8911,9.8342],[-11.89,9.8363],[-11.8916,9.8459],[-11.8905,9.8502],[-11.8895,9.855],[-11.89,9.863],[-11.8884,9.8684],[-11.8857,9.8769],[-11.8852,9.8828],[-11.8895,9.886],[-11.8964,9.8854],[-11.9018,9.8881],[-11.906,9.8961],[-11.906,9.9025],[-11.9018,9.9041],[-11.8986,9.9047],[-11.8975,9.91],[-11.8966,9.9109],[-11.8921,9.9153],[-11.8953,9.9191],[-11.8996,9.9233],[-11.8959,9.9298],[-11.8996,9.933],[-11.9039,9.9383],[-11.9092,9.9442],[-11.9082,9.9532],[-11.9087,9.9586],[-11.9055,9.9623],[-11.9055,9.9655],[-11.9028,9.9735],[-11.9023,9.9773],[-11.9007,9.9842],[-11.897,9.9928],[-11.8972,9.9939],[-11.8978,9.9971],[-11.898,9.9981],[-11.9023,9.9938],[-11.9066,9.9863],[-11.9119,9.9783],[-11.9167,9.9714],[-11.9242,9.9703],[-11.9311,9.9687],[-11.9375,9.965],[-11.9477,9.9613],[-11.957,9.957],[-11.9613,9.9516],[-11.9661,9.9479],[-11.9714,9.9436],[-11.9778,9.9388],[-11.9821,9.9394],[-11.9885,9.9378],[-11.9924,9.9366],[-11.9955,9.9356],[-11.9997,9.9314],[-12.0045,9.9308],[-12.0131,9.9298],[-12.0205,9.926],[-12.0286,9.9207],[-12.0371,9.9159],[-12.0424,9.9121],[-12.0483,9.9084],[-12.0585,9.9047],[-12.067,9.9015],[-12.075,9.9009],[-12.0803,9.8945],[-12.0835,9.8913],[-12.0974,9.8876],[-12.0991,9.8872],[-12.1044,9.886],[-12.1094,9.8801],[-12.1169,9.8748],[-12.1255,9.8689],[-12.1292,9.8753],[-12.1367,9.871],[-12.1355,9.8748],[-12.1351,9.8764],[-12.1415,9.8737],[-12.1455,9.8774],[-12.1444,9.871],[-12.1508,9.8748],[-12.1546,9.8806],[-12.1562,9.8796],[-12.1599,9.8796],[-12.1631,9.8849],[-12.1647,9.8822],[-12.1684,9.8828],[-12.17,9.887],[-12.1727,9.8881],[-12.1759,9.886],[-12.1807,9.8892],[-12.186,9.8929],[-12.1882,9.8924],[-12.1925,9.8956],[-12.1978,9.902],[-12.2037,9.9004],[-12.2063,9.9025],[-12.2106,9.9057],[-12.2159,9.9095],[-12.2165,9.9185],[-12.2192,9.9308],[-12.2304,9.9266],[-12.2384,9.9251],[-12.2453,9.9239],[-12.2549,9.9207],[-12.2619,9.9191],[-12.2693,9.9169],[-12.2816,9.9121],[-12.2918,9.9068],[-12.2923,9.9064],[-12.3022,9.8999],[-12.3091,9.8935],[-12.3166,9.887],[-12.3278,9.8822],[-12.3401,9.8785],[-12.3475,9.879],[-12.3524,9.8844],[-12.3556,9.8869],[-12.3572,9.8881],[-12.3609,9.8919],[-12.3646,9.8945],[-12.3716,9.8956],[-12.379,9.8967],[-12.3831,9.8968],[-12.3935,9.8972],[-12.4031,9.8967],[-12.4159,9.8967],[-12.4212,9.8956],[-12.4282,9.8908],[-12.4383,9.8854],[-12.4479,9.878],[-12.4559,9.8726],[-12.4629,9.8684],[-12.4698,9.8641],[-12.4767,9.8604],[-12.481,9.8545],[-12.4885,9.8507],[-12.4944,9.8459],[-12.497,9.8417],[-12.4992,9.8358],[-12.4965,9.8321],[-12.4933,9.831],[-12.4901,9.8337],[-12.4874,9.8299],[-12.4874,9.8297],[-12.4885,9.8208],[-12.4889,9.8133],[-12.489,9.8118],[-12.4949,9.8139],[-12.4981,9.8118],[-12.5002,9.8048],[-12.4981,9.7968],[-12.5029,9.7888],[-12.5072,9.7819],[-12.5066,9.7749],[-12.5082,9.768],[-12.5109,9.7632],[-12.5157,9.7589],[-12.5173,9.7541],[-12.5141,9.7541],[-12.5093,9.7562],[-12.5061,9.7525],[-12.504,9.7461],[-12.5098,9.7429],[-12.5157,9.7445],[-12.5237,9.745],[-12.5275,9.737],[-12.5261,9.734],[-12.5253,9.7322],[-12.5227,9.7242],[-12.5205,9.7215],[-12.5173,9.7162],[-12.5173,9.7087],[-12.5211,9.7061],[-12.5253,9.7082],[-12.5296,9.7125],[-12.5296,9.7162],[-12.5275,9.7199],[-12.5307,9.7247],[-12.5344,9.7221],[-12.5349,9.7157],[-12.5392,9.7141],[-12.544,9.7109],[-12.5499,9.7071],[-12.5622,9.7045],[-12.5648,9.7002],[-12.5648,9.6927],[-12.5648,9.6842],[-12.567,9.6767],[-12.5718,9.6703],[-12.5712,9.6617],[-12.5723,9.6564],[-12.5755,9.6575],[-12.5782,9.6623],[-12.5819,9.6655],[-12.5857,9.6649],[-12.5878,9.6596],[-12.5878,9.6543],[-12.5857,9.6495],[-12.5841,9.6415],[-12.5814,9.6351],[-12.5835,9.627],[-12.5857,9.6185],[-12.5883,9.6094],[-12.5874,9.6008],[-12.5873,9.5994],[-12.5855,9.5994],[-12.5796,9.5927],[-12.5796,9.5868],[-12.5768,9.5865],[-12.573,9.5861],[-12.5693,9.5832],[-12.5634,9.5809],[-12.5604,9.5802],[-12.5565,9.5811],[-12.5538,9.5817],[-12.5494,9.5809],[-12.5457,9.5773],[-12.542,9.5699],[-12.5383,9.564],[-12.5368,9.5634],[-12.535,9.5615],[-12.5287,9.5593],[-12.5253,9.5588],[-12.5223,9.5571],[-12.516,9.5538],[-12.5076,9.5478],[-12.5028,9.5448],[-12.4985,9.5411],[-12.4918,9.536],[-12.4867,9.5301],[-12.4865,9.5299],[-12.4756,9.5205],[-12.4675,9.5138],[-12.4602,9.5108],[-12.4586,9.5101],[-12.4534,9.5068],[-12.45,9.5046],[-12.4483,9.5035],[-12.4421,9.5004],[-12.435,9.4969],[-12.4336,9.4963],[-12.4232,9.4924],[-12.4214,9.4896],[-12.4184,9.4851],[-12.4177,9.4727],[-12.4177,9.4725],[-12.4162,9.4593],[-12.4109,9.4535],[-12.4081,9.4504],[-12.4,9.4401],[-12.3991,9.435],[-12.3985,9.432],[-12.4022,9.4246],[-12.4052,9.4187],[-12.4044,9.4177],[-12.4036,9.4165],[-12.4007,9.4128],[-12.3919,9.4143],[-12.3878,9.4134],[-12.3816,9.4121],[-12.3749,9.4069],[-12.3718,9.402],[-12.3704,9.3998],[-12.37,9.3991],[-12.3698,9.3988],[-12.37,9.3983],[-12.3715,9.3942],[-12.3736,9.3887],[-12.3757,9.3833],[-12.376,9.3794],[-12.3762,9.3787],[-12.3761,9.3782],[-12.3764,9.3752],[-12.3711,9.3669],[-12.37,9.3652],[-12.3698,9.3649],[-12.3669,9.3568],[-12.3661,9.3545],[-12.3691,9.3527],[-12.37,9.3521],[-12.372,9.3508],[-12.3786,9.3508],[-12.3808,9.3531],[-12.3823,9.3597],[-12.386,9.3624],[-12.3882,9.3641],[-12.3948,9.359],[-12.3993,9.3516],[-12.403,9.341],[-12.4037,9.339],[-12.4089,9.3354],[-12.4133,9.3317],[-12.4125,9.3213],[-12.4098,9.3151],[-12.4096,9.3147],[-12.4037,9.3088],[-12.3956,9.3044],[-12.3912,9.3014],[-12.3875,9.2941],[-12.3884,9.292],[-12.3904,9.2874],[-12.3971,9.2852],[-12.4017,9.2852],[-12.403,9.2852],[-12.4103,9.2896],[-12.414,9.2955],[-12.4162,9.3],[-12.4229,9.3036],[-12.4243,9.3088],[-12.4243,9.3147],[-12.4288,9.314],[-12.4291,9.3135],[-12.4325,9.3081],[-12.4332,9.3],[-12.4317,9.2926],[-12.4306,9.2859],[-12.4343,9.2823],[-12.4395,9.2749],[-12.4402,9.2712],[-12.4395,9.2664],[-12.4387,9.2616],[-12.4381,9.2592],[-12.4316,9.2637],[-12.4286,9.2651],[-12.4256,9.2667],[-12.4223,9.2695],[-12.4171,9.2681],[-12.4136,9.2662],[-12.4106,9.2632],[-12.4067,9.2594],[-12.4034,9.2555],[-12.4024,9.2536],[-12.4013,9.2517],[-12.401,9.2471],[-12.4018,9.2435],[-12.4013,9.2402],[-12.4002,9.2367],[-12.3988,9.2312],[-12.4007,9.2271],[-12.403,9.2246],[-12.4043,9.2235],[-12.4069,9.2214],[-12.4099,9.2178],[-12.4118,9.2134],[-12.4126,9.2088],[-12.4151,9.202],[-12.4164,9.1968],[-12.417,9.1927],[-12.4164,9.1894],[-12.4137,9.1861],[-12.4115,9.185],[-12.4092,9.1825],[-12.4088,9.182],[-12.4148,9.1771],[-12.4183,9.1743],[-12.4208,9.1721],[-12.4219,9.1711],[-12.4254,9.1692],[-12.4255,9.1692],[-12.4282,9.1653],[-12.4306,9.1629],[-12.4334,9.159],[-12.4356,9.1569],[-12.4394,9.1544],[-12.4405,9.1522],[-12.4413,9.1497],[-12.4416,9.1465],[-12.4429,9.1426],[-12.4473,9.1388],[-12.4511,9.138],[-12.4522,9.1339],[-12.4525,9.1312],[-12.4517,9.1287],[-12.4506,9.1265],[-12.4498,9.124],[-12.4498,9.1208],[-12.4501,9.118],[-12.4503,9.1158],[-12.4533,9.1142],[-12.4566,9.112],[-12.4583,9.1093],[-12.4585,9.1068],[-12.4607,9.1074],[-12.4648,9.1055],[-12.4675,9.1019],[-12.468,9.1019],[-12.4716,9.1022],[-12.4749,9.1076],[-12.4749,9.1112],[-12.4733,9.1123],[-12.4697,9.1142],[-12.4659,9.1172],[-12.464,9.121],[-12.4662,9.1246],[-12.4706,9.1292],[-12.473,9.1333],[-12.4763,9.1363],[-12.4793,9.1325],[-12.4834,9.1292],[-12.4883,9.1257],[-12.4921,9.1227],[-12.4965,9.1194],[-12.4987,9.1175],[-12.5027,9.1122],[-12.5028,9.112],[-12.5034,9.1098],[-12.5017,9.1087],[-12.4991,9.1087],[-12.4958,9.1052],[-12.4901,9.1003],[-12.4876,9.0956],[-12.4901,9.0912],[-12.4926,9.0874],[-12.4901,9.0844],[-12.4893,9.0814],[-12.4909,9.0792],[-12.4958,9.0787],[-12.4997,9.0792],[-12.5024,9.0748],[-12.5049,9.0773],[-12.5068,9.0809],[-12.5106,9.0855],[-12.5144,9.0893],[-12.5185,9.091],[-12.5215,9.0888],[-12.5226,9.0861],[-12.5226,9.082],[-12.5245,9.0803],[-12.5273,9.0784],[-12.5306,9.0765],[-12.5338,9.0746],[-12.5368,9.071],[-12.5401,9.0691],[-12.5448,9.0702],[-12.5478,9.0743],[-12.548,9.0765],[-12.545,9.08],[-12.5409,9.082],[-12.5382,9.0839],[-12.5374,9.0858],[-12.5388,9.088],[-12.5407,9.0893],[-12.5434,9.0912],[-12.5472,9.091],[-12.5497,9.0899],[-12.5513,9.0871],[-12.5521,9.0844],[-12.5549,9.0833],[-12.5576,9.08],[-12.5588,9.08],[-12.5603,9.08],[-12.5634,9.0784],[-12.5647,9.0754],[-12.5636,9.0738],[-12.5617,9.0738],[-12.5593,9.0743],[-12.5598,9.0707],[-12.5606,9.0683],[-12.5604,9.0655],[-12.5603,9.0642],[-12.5612,9.0621],[-12.5624,9.0593],[-12.567,9.056],[-12.5722,9.0552],[-12.5733,9.0524],[-12.5739,9.0486],[-12.5758,9.0454],[-12.5763,9.0445],[-12.5791,9.0418],[-12.5826,9.0385],[-12.5832,9.0344],[-12.5862,9.0289],[-12.5892,9.0265],[-12.5896,9.0257],[-12.5911,9.0232],[-12.5899,9.022],[-12.5895,9.0215],[-12.5856,9.0194],[-12.5807,9.0185],[-12.5772,9.0188],[-12.5736,9.0191],[-12.5701,9.0194],[-12.5664,9.0199],[-12.5662,9.0199],[-12.5627,9.0213],[-12.5586,9.0218],[-12.5564,9.0233],[-12.5553,9.024],[-12.5515,9.0245],[-12.5479,9.0262],[-12.5465,9.0257],[-12.5455,9.0254],[-12.546,9.0207],[-12.5465,9.0169],[-12.5474,9.0103],[-12.5468,9.0068],[-12.546,9.0046],[-12.5446,9.0002],[-12.5427,8.9997],[-12.5415,8.9997],[-12.5397,8.9997],[-12.5381,9.0021],[-12.537,9.0054],[-12.5351,9.0079],[-12.5332,9.0098],[-12.531,9.0128],[-12.5291,9.015],[-12.526,9.0166],[-12.5244,9.0174],[-12.5214,9.0202],[-12.5189,9.0224],[-12.5154,9.0254],[-12.5121,9.0251],[-12.5107,9.0224],[-12.5085,9.0183],[-12.5085,9.0155],[-12.5066,9.012],[-12.5053,9.0087],[-12.5047,9.0043],[-12.5031,8.998],[-12.5031,8.9947],[-12.5031,8.9939],[-12.5023,8.9907],[-12.5012,8.9882],[-12.5001,8.9853],[-12.4988,8.9819],[-12.4999,8.9773],[-12.4986,8.9721],[-12.4986,8.9689],[-12.4986,8.9677],[-12.4986,8.9677],[-12.4975,8.9611],[-12.4969,8.9573],[-12.4967,8.9532],[-12.4942,8.9502],[-12.492,8.948],[-12.489,8.945],[-12.4871,8.9447],[-12.4854,8.944],[-12.4833,8.9431],[-12.4792,8.9412],[-12.479,8.9411],[-12.4762,8.9406],[-12.4723,8.9379],[-12.4701,8.9365],[-12.4695,8.9347],[-12.4693,8.9341],[-12.4692,8.933],[-12.4688,8.9302],[-12.4693,8.927],[-12.4674,8.9242],[-12.4655,8.9223],[-12.4628,8.9207],[-12.4609,8.919],[-12.4592,8.9169],[-12.4573,8.9169],[-12.4551,8.9174],[-12.4526,8.9144],[-12.4516,8.9128],[-12.4496,8.9128],[-12.4472,8.9144],[-12.445,8.9166],[-12.4431,8.9199],[-12.4416,8.9224],[-12.4403,8.9248],[-12.4387,8.9286],[-12.4373,8.9324],[-12.4354,8.9362],[-12.4349,8.9371],[-12.4327,8.9365],[-12.4313,8.9346],[-12.4302,8.933],[-12.4286,8.9308],[-12.4261,8.9308],[-12.4239,8.9308],[-12.4215,8.9308],[-12.4196,8.9316],[-12.4177,8.9322],[-12.4155,8.9338],[-12.4136,8.9338],[-12.4116,8.9327],[-12.41,8.9311],[-12.4095,8.9298],[-12.4092,8.9292],[-12.407,8.9261],[-12.4043,8.9272],[-12.4004,8.9272],[-12.3993,8.9272],[-12.3988,8.9226],[-12.3974,8.9196],[-12.3963,8.9169],[-12.3942,8.9149],[-12.3936,8.9117],[-12.3936,8.9065],[-12.3917,8.9054],[-12.3873,8.9024],[-12.3851,8.9026],[-12.3849,8.9026],[-12.381,8.9054],[-12.3769,8.9065],[-12.3743,8.9075],[-12.3742,8.9076],[-12.3709,8.9081],[-12.3631,8.9076],[-12.3587,8.9063],[-12.3562,8.9052],[-12.3546,8.9045],[-12.3536,8.9024],[-12.3519,8.8987],[-12.3497,8.8957],[-12.3484,8.894],[-12.3442,8.8888],[-12.3436,8.8847],[-12.3432,8.8815],[-12.3431,8.8813],[-12.3428,8.8751],[-12.3428,8.8741],[-12.3424,8.8732],[-12.3414,8.8707],[-12.3414,8.8686],[-12.3414,8.866],[-12.3414,8.8659],[-12.3384,8.8629],[-12.3358,8.8603],[-12.3343,8.8588],[-12.3342,8.8587],[-12.3319,8.8564],[-12.3299,8.8521],[-12.3295,8.8512],[-12.3286,8.8494],[-12.3264,8.8448],[-12.3246,8.8408],[-12.3243,8.8403],[-12.3241,8.84],[-12.3199,8.8355],[-12.3177,8.8266],[-12.3172,8.8246],[-12.3192,8.8154],[-12.323,8.8092],[-12.3264,8.801],[-12.3329,8.7976],[-12.3363,8.7942],[-12.3373,8.7932],[-12.3428,8.7928],[-12.3444,8.7935],[-12.3483,8.7952],[-12.3548,8.7983],[-12.3582,8.7986],[-12.3617,8.7957],[-12.3657,8.7925],[-12.3703,8.7908],[-12.372,8.7839],[-12.3712,8.777],[-12.371,8.7747],[-12.3693,8.7701],[-12.3672,8.7645],[-12.3647,8.7624],[-12.3611,8.7593],[-12.3542,8.7545],[-12.354,8.7543],[-12.3474,8.7484],[-12.3411,8.7402],[-12.3407,8.7398],[-12.3366,8.7354],[-12.3336,8.7334],[-12.3308,8.7323],[-12.3267,8.7323],[-12.324,8.7327],[-12.3209,8.7299],[-12.3205,8.7301]]]}},{"type":"Feature","properties":{"districtId":"moyamba","name":"Moyamba"},"geometry":{"type":"MultiPolygon","coordinates":[[[[-12.9909,7.9085],[-12.9905,7.9088],[-12.9905,7.9092],[-12.9909,7.9094],[-12.9916,7.9092],[-12.9927,7.9086],[-12.9927,7.9084],[-12.9923,7.9084],[-12.9919,7.9083],[-12.9915,7.9081],[-12.9912,7.9082],[-12.9909,7.9085]]],[[[-12.9588,7.9149],[-12.9592,7.9151],[-12.9592,7.9148],[-12.9595,7.9147],[-12.9599,7.9148],[-12.96,7.9149],[-12.9602,7.9147],[-12.9601,7.9143],[-12.9596,7.9139],[-12.9595,7.9139],[-12.9592,7.9142],[-12.9588,7.9141],[-12.9586,7.9143],[-12.9586,7.9144],[-12.9588,7.9149]]],[[[-12.9806,7.9122],[-12.9814,7.9128],[-12.9816,7.913],[-12.9816,7.9136],[-12.9815,7.9142],[-12.9809,7.9148],[-12.9807,7.9152],[-12.9811,7.9153],[-12.9817,7.9147],[-12.9824,7.9134],[-12.9831,7.9123],[-12.9837,7.9119],[-12.9841,7.9114],[-12.9846,7.9113],[-12.9852,7.9107],[-12.9853,7.9104],[-12.9856,7.9097],[-12.9856,7.9094],[-12.9857,7.909],[-12.9854,7.9091],[-12.9848,7.9095],[-12.9843,7.9098],[-12.9839,7.9098],[-12.9837,7.9098],[-12.9834,7.9097],[-12.9829,7.9091],[-12.982,7.9085],[-12.9816,7.9085],[-12.9815,7.9089],[-12.9811,7.909],[-12.981,7.9095],[-12.981,7.9095],[-12.9806,7.9096],[-12.9802,7.9097],[-12.9795,7.9097],[-12.9792,7.91],[-12.9791,7.9104],[-12.9786,7.9105],[-12.9781,7.91],[-12.9773,7.9098],[-12.9773,7.9102],[-12.9773,7.9106],[-12.977,7.911],[-12.9769,7.9114],[-12.9769,7.9115],[-12.9773,7.9115],[-12.9784,7.9117],[-12.9797,7.9116],[-12.9806,7.9122]]],[[[-12.9346,8.2622],[-12.9363,8.2643],[-12.9368,8.265],[-12.9375,8.2653],[-12.939,8.2661],[-12.9439,8.2646],[-12.9466,8.2631],[-12.9486,8.2594],[-12.9487,8.2587],[-12.9489,8.2572],[-12.9489,8.2567],[-12.9491,8.2556],[-12.9499,8.2517],[-12.9514,8.2501],[-12.9543,8.2492],[-12.9569,8.2496],[-12.9598,8.2512],[-12.9622,8.2525],[-12.9623,8.2526],[-12.9623,8.2526],[-12.9627,8.253],[-12.963,8.2536],[-12.964,8.2553],[-12.9647,8.2567],[-12.9655,8.2583],[-12.9658,8.2613],[-12.9662,8.2623],[-12.967,8.264],[-12.9676,8.2653],[-12.968,8.2661],[-12.9701,8.2663],[-12.9725,8.2663],[-12.9745,8.2641],[-12.9747,8.2626],[-12.9748,8.2611],[-12.9753,8.2553],[-12.9763,8.2516],[-12.9773,8.2504],[-12.9809,8.2464],[-12.9835,8.2429],[-12.9859,8.2401],[-12.9877,8.2365],[-12.9896,8.2328],[-12.9886,8.2307],[-12.9887,8.2285],[-12.9882,8.2281],[-12.9879,8.2251],[-12.9882,8.2216],[-12.9881,8.2196],[-12.989,8.218],[-12.99,8.2192],[-12.9921,8.2153],[-12.9936,8.2114],[-12.9936,8.2105],[-12.9936,8.2089],[-12.9865,8.2004],[-12.9831,8.1967],[-12.9808,8.1938],[-12.9798,8.1925],[-12.9766,8.1883],[-12.9734,8.1848],[-12.9707,8.1825],[-12.9669,8.1778],[-12.964,8.1753],[-12.9615,8.1728],[-12.9584,8.1699],[-12.9555,8.1659],[-12.9544,8.1647],[-12.9515,8.1614],[-12.9454,8.1547],[-12.9418,8.1492],[-12.9417,8.149],[-12.9413,8.1471],[-12.9411,8.1457],[-12.9394,8.1452],[-12.937,8.141],[-12.9357,8.1399],[-12.935,8.1381],[-12.936,8.1369],[-12.9352,8.1361],[-12.9356,8.135],[-12.9342,8.1343],[-12.9332,8.1331],[-12.9325,8.1313],[-12.9325,8.1312],[-12.9301,8.1277],[-12.9288,8.1242],[-12.9287,8.124],[-12.927,8.1216],[-12.9258,8.1189],[-12.924,8.1145],[-12.9241,8.1136],[-12.9253,8.112],[-12.9246,8.1088],[-12.9224,8.1067],[-12.9209,8.1063],[-12.9204,8.1048],[-12.9192,8.1045],[-12.9192,8.103],[-12.9184,8.1019],[-12.9175,8.103],[-12.9167,8.103],[-12.9145,8.1025],[-12.9132,8.1011],[-12.9125,8.0996],[-12.9131,8.0965],[-12.9147,8.0955],[-12.9135,8.0933],[-12.9124,8.0921],[-12.9103,8.0926],[-12.9094,8.0941],[-12.9073,8.0945],[-12.905,8.0943],[-12.9036,8.0946],[-12.9029,8.0946],[-12.9023,8.0954],[-12.899,8.096],[-12.8968,8.0944],[-12.8983,8.0899],[-12.8983,8.0888],[-12.8978,8.0863],[-12.8984,8.0821],[-12.9003,8.0767],[-12.9023,8.0742],[-12.9035,8.0715],[-12.9036,8.0709],[-12.9041,8.0689],[-12.904,8.0663],[-12.903,8.0652],[-12.9032,8.063],[-12.9033,8.0623],[-12.9034,8.0595],[-12.9039,8.0565],[-12.9039,8.0536],[-12.9044,8.0516],[-12.9044,8.0488],[-12.9049,8.0469],[-12.9056,8.0453],[-12.9059,8.0433],[-12.9064,8.0406],[-12.9059,8.0379],[-12.9042,8.0342],[-12.9045,8.0322],[-12.9046,8.032],[-12.9042,8.0294],[-12.9036,8.0277],[-12.9036,8.0275],[-12.9032,8.0248],[-12.9022,8.0225],[-12.9016,8.0207],[-12.901,8.0166],[-12.9,8.0136],[-12.8988,8.0121],[-12.8971,8.01],[-12.8944,8.0069],[-12.8944,8.0051],[-12.8933,8.0028],[-12.8929,8.0006],[-12.8908,7.9999],[-12.886,7.9999],[-12.8879,7.9986],[-12.887,7.9974],[-12.8869,7.9949],[-12.8869,7.9924],[-12.8862,7.9882],[-12.8851,7.9845],[-12.8847,7.9823],[-12.8839,7.9792],[-12.8838,7.9774],[-12.8841,7.9765],[-12.8837,7.975],[-12.883,7.9735],[-12.8822,7.9715],[-12.8811,7.9689],[-12.8805,7.9675],[-12.88,7.9667],[-12.8794,7.9656],[-12.8791,7.9643],[-12.8791,7.9634],[-12.8791,7.9627],[-12.8786,7.9621],[-12.8782,7.9613],[-12.8778,7.9608],[-12.8778,7.96],[-12.8773,7.9597],[-12.8769,7.9595],[-12.8765,7.9595],[-12.8759,7.959],[-12.8759,7.9584],[-12.8757,7.958],[-12.8756,7.9573],[-12.8748,7.9568],[-12.8743,7.9566],[-12.8735,7.9565],[-12.8735,7.9557],[-12.8719,7.9544],[-12.8689,7.9535],[-12.8671,7.9524],[-12.8651,7.952],[-12.8634,7.9514],[-12.8619,7.9508],[-12.858,7.9494],[-12.8562,7.9482],[-12.8538,7.9466],[-12.8522,7.9453],[-12.8514,7.9446],[-12.8508,7.9443],[-12.85,7.9421],[-12.8494,7.9407],[-12.8488,7.9401],[-12.8492,7.9399],[-12.8503,7.9394],[-12.8519,7.9397],[-12.8534,7.9405],[-12.855,7.9411],[-12.8575,7.9419],[-12.8599,7.9424],[-12.8618,7.9425],[-12.8646,7.9424],[-12.8666,7.9423],[-12.8721,7.9424],[-12.8769,7.9433],[-12.8788,7.9439],[-12.8807,7.9444],[-12.8838,7.9457],[-12.8854,7.9463],[-12.8858,7.9463],[-12.8868,7.9456],[-12.8883,7.9452],[-12.8888,7.9455],[-12.8894,7.9455],[-12.8903,7.9452],[-12.8918,7.9451],[-12.8933,7.9447],[-12.8942,7.9442],[-12.8957,7.9439],[-12.8966,7.9434],[-12.8972,7.9425],[-12.8978,7.9419],[-12.8987,7.9416],[-12.8994,7.9414],[-12.9002,7.9416],[-12.9001,7.9427],[-12.8998,7.9433],[-12.8993,7.9442],[-12.9001,7.9446],[-12.9014,7.9445],[-12.9029,7.9442],[-12.9044,7.943],[-12.9047,7.9422],[-12.905,7.9415],[-12.9057,7.9407],[-12.9067,7.9402],[-12.908,7.9397],[-12.909,7.9383],[-12.9104,7.9363],[-12.9123,7.9344],[-12.914,7.9336],[-12.9143,7.9337],[-12.915,7.9338],[-12.9159,7.9339],[-12.9161,7.9329],[-12.9159,7.9319],[-12.9159,7.9308],[-12.9163,7.931],[-12.9177,7.9301],[-12.9195,7.9282],[-12.9202,7.9267],[-12.9203,7.9261],[-12.9205,7.9259],[-12.9209,7.9255],[-12.9216,7.9255],[-12.9232,7.9246],[-12.9248,7.9243],[-12.9249,7.9243],[-12.9259,7.9235],[-12.9264,7.923],[-12.9274,7.9222],[-12.9294,7.9212],[-12.931,7.921],[-12.9311,7.921],[-12.9319,7.9213],[-12.9332,7.9213],[-12.9335,7.9218],[-12.9345,7.9214],[-12.935,7.9208],[-12.9354,7.9208],[-12.9359,7.9206],[-12.9365,7.9203],[-12.9369,7.92],[-12.9376,7.9198],[-12.9383,7.9192],[-12.9388,7.9188],[-12.9398,7.9185],[-12.9403,7.9192],[-12.9407,7.9187],[-12.942,7.9177],[-12.9433,7.9168],[-12.9446,7.9161],[-12.9459,7.9159],[-12.9468,7.9164],[-12.9476,7.9171],[-12.9483,7.9174],[-12.9492,7.9171],[-12.9496,7.9173],[-12.95,7.9181],[-12.9508,7.9181],[-12.9516,7.9176],[-12.9523,7.9177],[-12.9525,7.9181],[-12.9525,7.9189],[-12.9532,7.9183],[-12.9536,7.9186],[-12.9543,7.9187],[-12.9543,7.9178],[-12.9547,7.9172],[-12.9552,7.9176],[-12.9558,7.917],[-12.9561,7.9162],[-12.9555,7.916],[-12.9548,7.916],[-12.9545,7.9158],[-12.9544,7.9151],[-12.9544,7.9143],[-12.9547,7.9137],[-12.9538,7.9123],[-12.9534,7.9117],[-12.9528,7.9109],[-12.9525,7.9102],[-12.9513,7.9083],[-12.9509,7.9085],[-12.9502,7.9088],[-12.95,7.9088],[-12.9495,7.9091],[-12.9483,7.9083],[-12.9477,7.908],[-12.9471,7.907],[-12.9456,7.9066],[-12.9447,7.9053],[-12.9433,7.9033],[-12.9419,7.9023],[-12.9419,7.9023],[-12.9411,7.9014],[-12.9397,7.8995],[-12.9384,7.8979],[-12.9379,7.8968],[-12.9369,7.8953],[-12.936,7.8948],[-12.935,7.8938],[-12.9327,7.8907],[-12.9325,7.8905],[-12.9295,7.8847],[-12.9285,7.8826],[-12.9282,7.8821],[-12.9275,7.8808],[-12.9261,7.8777],[-12.9258,7.8769],[-12.9252,7.8758],[-12.9247,7.8738],[-12.9247,7.8737],[-12.9239,7.8727],[-12.9235,7.8719],[-12.9222,7.8708],[-12.9212,7.8694],[-12.9206,7.8688],[-12.9201,7.8697],[-12.9177,7.8701],[-12.9162,7.8704],[-12.914,7.8704],[-12.9122,7.8703],[-12.9105,7.8703],[-12.9096,7.8699],[-12.9081,7.8698],[-12.9065,7.8713],[-12.9051,7.8703],[-12.9028,7.869],[-12.9009,7.8679],[-12.899,7.8668],[-12.8977,7.8657],[-12.8963,7.8643],[-12.8943,7.8622],[-12.8923,7.8596],[-12.8909,7.858],[-12.8894,7.8566],[-12.8889,7.8554],[-12.8882,7.854],[-12.8873,7.8528],[-12.8863,7.8522],[-12.8852,7.8523],[-12.8848,7.8517],[-12.8843,7.8508],[-12.8831,7.8494],[-12.8825,7.8483],[-12.882,7.8473],[-12.881,7.8458],[-12.8802,7.8454],[-12.8797,7.8446],[-12.8788,7.8435],[-12.8787,7.843],[-12.8779,7.8431],[-12.8772,7.8422],[-12.8763,7.8408],[-12.8755,7.8392],[-12.8743,7.8374],[-12.8729,7.835],[-12.8718,7.8328],[-12.8694,7.83],[-12.8691,7.8287],[-12.8685,7.8278],[-12.8682,7.8273],[-12.8673,7.8263],[-12.8662,7.8252],[-12.8644,7.8227],[-12.862,7.8217],[-12.8603,7.8215],[-12.8596,7.8211],[-12.859,7.8211],[-12.8581,7.82],[-12.8566,7.8186],[-12.8554,7.8179],[-12.8546,7.8174],[-12.8544,7.8173],[-12.8532,7.8166],[-12.8528,7.8162],[-12.8522,7.8157],[-12.8508,7.8143],[-12.8489,7.8123],[-12.8478,7.8111],[-12.847,7.8101],[-12.8463,7.8098],[-12.8457,7.8098],[-12.8446,7.8093],[-12.8439,7.8091],[-12.8433,7.8091],[-12.8425,7.8094],[-12.842,7.8092],[-12.8413,7.8091],[-12.8409,7.8082],[-12.84,7.8072],[-12.8386,7.8055],[-12.837,7.8039],[-12.8364,7.8032],[-12.8354,7.8029],[-12.8345,7.8025],[-12.834,7.8021],[-12.8325,7.8009],[-12.8313,7.8],[-12.8298,7.7999],[-12.8287,7.799],[-12.8272,7.7989],[-12.8264,7.7985],[-12.8248,7.7971],[-12.823,7.7962],[-12.8213,7.7956],[-12.8194,7.7949],[-12.8182,7.7948],[-12.8173,7.7948],[-12.8158,7.7942],[-12.8145,7.7938],[-12.8133,7.7934],[-12.813,7.793],[-12.8122,7.7925],[-12.812,7.7925],[-12.8113,7.7926],[-12.8103,7.7926],[-12.81,7.7921],[-12.8101,7.7911],[-12.8101,7.7904],[-12.8092,7.7901],[-12.8087,7.7901],[-12.8078,7.7905],[-12.8073,7.7905],[-12.8071,7.79],[-12.8072,7.7892],[-12.8063,7.7889],[-12.8054,7.7892],[-12.8051,7.79],[-12.8044,7.7906],[-12.8038,7.7913],[-12.8041,7.7917],[-12.8044,7.7927],[-12.8042,7.7934],[-12.8035,7.7942],[-12.8029,7.7951],[-12.8026,7.796],[-12.802,7.7962],[-12.8019,7.7965],[-12.8018,7.797],[-12.8012,7.7976],[-12.8005,7.7985],[-12.7994,7.7995],[-12.7978,7.8004],[-12.7939,7.8027],[-12.7928,7.8013],[-12.7928,7.8004],[-12.7929,7.7997],[-12.7929,7.7991],[-12.7921,7.7979],[-12.7912,7.7959],[-12.7904,7.7939],[-12.7898,7.7916],[-12.7894,7.7904],[-12.7893,7.7886],[-12.7887,7.7862],[-12.7887,7.7849],[-12.7889,7.7841],[-12.7888,7.7807],[-12.7889,7.7789],[-12.789,7.7767],[-12.7891,7.7749],[-12.789,7.7727],[-12.7889,7.7717],[-12.7887,7.7709],[-12.7883,7.7702],[-12.7876,7.7692],[-12.7873,7.7682],[-12.7864,7.7664],[-12.7857,7.7653],[-12.7857,7.7647],[-12.7848,7.7629],[-12.7842,7.7608],[-12.7836,7.7597],[-12.7828,7.7588],[-12.7814,7.758],[-12.7801,7.7575],[-12.779,7.7573],[-12.7786,7.7574],[-12.7778,7.7578],[-12.7773,7.7573],[-12.7773,7.7565],[-12.7765,7.7552],[-12.7754,7.7543],[-12.7749,7.7534],[-12.7745,7.7525],[-12.7734,7.751],[-12.7718,7.7497],[-12.7704,7.7495],[-12.7697,7.7489],[-12.7688,7.7483],[-12.7671,7.7468],[-12.7642,7.7453],[-12.7611,7.7446],[-12.7598,7.7448],[-12.7596,7.7458],[-12.7598,7.7465],[-12.7595,7.7469],[-12.759,7.7472],[-12.7575,7.7472],[-12.7571,7.7478],[-12.7564,7.7483],[-12.7555,7.7481],[-12.7553,7.7478],[-12.7552,7.7476],[-12.755,7.7468],[-12.755,7.7463],[-12.7546,7.7453],[-12.7541,7.7447],[-12.7542,7.7441],[-12.7548,7.7434],[-12.7548,7.7423],[-12.7542,7.7423],[-12.7533,7.7423],[-12.7523,7.7415],[-12.7517,7.741],[-12.7507,7.7401],[-12.7499,7.7396],[-12.7494,7.7387],[-12.7494,7.738],[-12.7494,7.737],[-12.7494,7.7365],[-12.7493,7.7356],[-12.7481,7.7342],[-12.7474,7.7331],[-12.7459,7.7318],[-12.745,7.7308],[-12.7443,7.7294],[-12.7437,7.7279],[-12.7429,7.7269],[-12.7425,7.7262],[-12.7421,7.7255],[-12.7403,7.7241],[-12.7391,7.7228],[-12.7382,7.7219],[-12.7357,7.7204],[-12.7341,7.7194],[-12.7318,7.7175],[-12.7297,7.7163],[-12.727,7.7154],[-12.7267,7.7153],[-12.7253,7.7149],[-12.7232,7.7137],[-12.7223,7.713],[-12.7217,7.7117],[-12.7218,7.7112],[-12.7209,7.7104],[-12.719,7.7078],[-12.7176,7.7057],[-12.7167,7.704],[-12.7157,7.7021],[-12.7132,7.7009],[-12.7108,7.7007],[-12.7079,7.7015],[-12.7067,7.702],[-12.7045,7.702],[-12.7017,7.7027],[-12.6981,7.7036],[-12.6937,7.705],[-12.691,7.7054],[-12.6884,7.7056],[-12.6852,7.7057],[-12.6827,7.7056],[-12.6816,7.7059],[-12.681,7.7048],[-12.6781,7.7041],[-12.6771,7.7039],[-12.6768,7.7038],[-12.6744,7.7033],[-12.6719,7.7023],[-12.6702,7.7009],[-12.6679,7.6993],[-12.6669,7.6982],[-12.6654,7.6976],[-12.6636,7.698],[-12.6629,7.6977],[-12.6617,7.6974],[-12.6594,7.6972],[-12.6558,7.697],[-12.6515,7.696],[-12.6486,7.6949],[-12.6468,7.6947],[-12.6445,7.6948],[-12.6393,7.6943],[-12.6376,7.694],[-12.6345,7.6932],[-12.6322,7.6929],[-12.629,7.6927],[-12.6276,7.6934],[-12.6268,7.6941],[-12.6265,7.695],[-12.6256,7.6957],[-12.6248,7.696],[-12.6226,7.6964],[-12.6237,7.6945],[-12.6238,7.693],[-12.6238,7.6924],[-12.6234,7.6895],[-12.6214,7.6891],[-12.62,7.6889],[-12.6172,7.6885],[-12.6152,7.6884],[-12.6096,7.6875],[-12.6064,7.6871],[-12.6046,7.6876],[-12.6016,7.6873],[-12.5987,7.6868],[-12.5967,7.6867],[-12.5932,7.6858],[-12.5912,7.6851],[-12.5902,7.6847],[-12.5893,7.6843],[-12.5882,7.6845],[-12.5863,7.685],[-12.5837,7.6873],[-12.5801,7.6907],[-12.5774,7.6927],[-12.5754,7.6945],[-12.5734,7.6967],[-12.5723,7.6984],[-12.5711,7.6994],[-12.5699,7.7004],[-12.5684,7.7013],[-12.5658,7.703],[-12.563,7.7052],[-12.5601,7.7066],[-12.5576,7.7071],[-12.5556,7.7084],[-12.5545,7.7095],[-12.5531,7.7105],[-12.5516,7.7116],[-12.5508,7.7124],[-12.5501,7.713],[-12.5491,7.7135],[-12.5474,7.7148],[-12.5453,7.7169],[-12.5431,7.719],[-12.5413,7.7204],[-12.5393,7.721],[-12.5379,7.7223],[-12.5369,7.7227],[-12.5349,7.7241],[-12.5333,7.7254],[-12.5316,7.7264],[-12.5298,7.7273],[-12.5266,7.7278],[-12.5251,7.7286],[-12.5235,7.7299],[-12.5221,7.7312],[-12.5195,7.7334],[-12.5187,7.7346],[-12.5172,7.7366],[-12.516,7.738],[-12.5147,7.739],[-12.5129,7.7403],[-12.5112,7.7416],[-12.509,7.7431],[-12.5075,7.7436],[-12.5062,7.7443],[-12.5046,7.7447],[-12.5028,7.7456],[-12.5011,7.7465],[-12.4978,7.7486],[-12.4949,7.7511],[-12.493,7.7537],[-12.4913,7.7563],[-12.4903,7.7586],[-12.4892,7.7612],[-12.4887,7.7631],[-12.4879,7.7652],[-12.4868,7.7678],[-12.485,7.7703],[-12.4829,7.7716],[-12.4817,7.772],[-12.4807,7.7721],[-12.4797,7.7715],[-12.4791,7.7689],[-12.4791,7.767],[-12.4784,7.7645],[-12.4781,7.7632],[-12.4781,7.762],[-12.4781,7.7607],[-12.4784,7.7589],[-12.4796,7.7556],[-12.4809,7.7525],[-12.4815,7.7507],[-12.481,7.75],[-12.4799,7.7494],[-12.4787,7.7482],[-12.4777,7.7471],[-12.4768,7.7457],[-12.4756,7.7443],[-12.4748,7.7432],[-12.4741,7.742],[-12.4735,7.7398],[-12.473,7.7369],[-12.4725,7.7344],[-12.472,7.7316],[-12.4714,7.7303],[-12.4708,7.7289],[-12.4699,7.7273],[-12.469,7.7267],[-12.4683,7.7259],[-12.4675,7.7254],[-12.466,7.7249],[-12.464,7.7246],[-12.4626,7.7245],[-12.462,7.7247],[-12.4611,7.7249],[-12.4603,7.7254],[-12.459,7.7264],[-12.4572,7.7283],[-12.4549,7.7305],[-12.4531,7.7324],[-12.4519,7.7341],[-12.451,7.7355],[-12.4501,7.7373],[-12.4498,7.7388],[-12.4492,7.7399],[-12.4485,7.7408],[-12.4488,7.7447],[-12.449,7.7473],[-12.4487,7.7497],[-12.448,7.7513],[-12.4469,7.7524],[-12.4469,7.7524],[-12.4469,7.7525],[-12.4424,7.7543],[-12.4377,7.7548],[-12.433,7.7556],[-12.4316,7.7565],[-12.428,7.7587],[-12.4263,7.7601],[-12.423,7.763],[-12.4151,7.7653],[-12.4084,7.7662],[-12.4014,7.7642],[-12.3993,7.7635],[-12.3982,7.761],[-12.398,7.7583],[-12.3975,7.756],[-12.3946,7.7558],[-12.3918,7.7578],[-12.39,7.7608],[-12.3921,7.7645],[-12.3913,7.7668],[-12.3889,7.769],[-12.3888,7.7722],[-12.3866,7.7732],[-12.3824,7.7745],[-12.3791,7.776],[-12.3759,7.7772],[-12.3726,7.778],[-12.3709,7.7789],[-12.3703,7.7805],[-12.3694,7.7831],[-12.3682,7.7854],[-12.3676,7.7861],[-12.3654,7.7886],[-12.3637,7.7921],[-12.3615,7.7953],[-12.3615,7.7954],[-12.3598,7.799],[-12.3592,7.8006],[-12.3583,7.8026],[-12.3562,7.8052],[-12.3545,7.8078],[-12.352,7.8078],[-12.3485,7.8062],[-12.347,7.8055],[-12.3423,7.8048],[-12.3392,7.8048],[-12.3357,7.8028],[-12.3321,7.8015],[-12.3288,7.8006],[-12.3231,7.8013],[-12.3184,7.8011],[-12.3142,7.8003],[-12.3137,7.8002],[-12.3096,7.7996],[-12.3061,7.801],[-12.3043,7.8015],[-12.3023,7.8013],[-12.2999,7.8012],[-12.2981,7.8011],[-12.2976,7.7961],[-12.2975,7.7934],[-12.2974,7.7904],[-12.2976,7.7887],[-12.2978,7.7877],[-12.2961,7.7852],[-12.2971,7.7822],[-12.2975,7.7807],[-12.2984,7.7777],[-12.298,7.775],[-12.2978,7.7739],[-12.2977,7.7721],[-12.2976,7.7683],[-12.2963,7.7643],[-12.2946,7.7608],[-12.2908,7.7538],[-12.2873,7.7484],[-12.2841,7.7443],[-12.2833,7.7432],[-12.2806,7.7394],[-12.2804,7.7392],[-12.2787,7.736],[-12.2774,7.7337],[-12.2734,7.7294],[-12.2691,7.7255],[-12.2687,7.7252],[-12.2687,7.7251],[-12.2657,7.721],[-12.2615,7.7178],[-12.2566,7.7141],[-12.2534,7.7108],[-12.2501,7.7044],[-12.2486,7.6994],[-12.2484,7.697],[-12.2482,7.6947],[-12.2477,7.6942],[-12.2452,7.692],[-12.2409,7.69],[-12.2363,7.689],[-12.2333,7.689],[-12.23,7.689],[-12.2299,7.689],[-12.2251,7.6892],[-12.22,7.6884],[-12.2171,7.6872],[-12.2138,7.6857],[-12.2126,7.6848],[-12.2107,7.6833],[-12.2087,7.6817],[-12.2046,7.6788],[-12.2043,7.6784],[-12.2013,7.675],[-12.1974,7.6708],[-12.1954,7.6693],[-12.1938,7.6681],[-12.1903,7.6658],[-12.1862,7.6641],[-12.1829,7.6658],[-12.1782,7.6668],[-12.1771,7.6666],[-12.1735,7.6661],[-12.171,7.6649],[-12.1677,7.6676],[-12.1648,7.6696],[-12.1602,7.6696],[-12.1572,7.6666],[-12.1569,7.6663],[-12.1547,7.6643],[-12.1519,7.6634],[-12.1472,7.6634],[-12.1447,7.6643],[-12.1441,7.6643],[-12.1431,7.6643],[-12.1411,7.6636],[-12.1401,7.6626],[-12.1401,7.6626],[-12.1356,7.6619],[-12.1333,7.6619],[-12.1306,7.662],[-12.1291,7.6621],[-12.1252,7.6621],[-12.1219,7.6629],[-12.1199,7.6639],[-12.1159,7.6676],[-12.1109,7.6718],[-12.1106,7.6721],[-12.1103,7.6725],[-12.1071,7.6758],[-12.1058,7.6771],[-12.108,7.6792],[-12.1098,7.6807],[-12.1131,7.6833],[-12.1155,7.6855],[-12.1173,7.6872],[-12.1175,7.6887],[-12.1173,7.6894],[-12.116,7.6944],[-12.1141,7.6981],[-12.1118,7.7041],[-12.1112,7.7049],[-12.108,7.7097],[-12.1079,7.7098],[-12.1084,7.7158],[-12.1092,7.7198],[-12.1092,7.7199],[-12.1125,7.7238],[-12.1145,7.7297],[-12.1171,7.7331],[-12.1179,7.7342],[-12.1187,7.736],[-12.1196,7.7379],[-12.1207,7.7414],[-12.1209,7.7416],[-12.1226,7.7432],[-12.1236,7.7459],[-12.1231,7.7479],[-12.1236,7.7513],[-12.1271,7.7543],[-12.1298,7.7566],[-12.136,7.763],[-12.137,7.7652],[-12.1362,7.7687],[-12.1335,7.773],[-12.1329,7.7775],[-12.1354,7.7812],[-12.1374,7.7842],[-12.1374,7.7846],[-12.1372,7.7866],[-12.1347,7.7871],[-12.132,7.7881],[-12.1297,7.7893],[-12.1293,7.7913],[-12.1298,7.7936],[-12.1315,7.7961],[-12.1329,7.7976],[-12.1345,7.7988],[-12.137,7.7993],[-12.1367,7.8038],[-12.1366,7.8071],[-12.1365,7.8097],[-12.138,7.813],[-12.1386,7.8146],[-12.1391,7.8159],[-12.1388,7.8226],[-12.1383,7.8259],[-12.1371,7.8284],[-12.1368,7.8318],[-12.1366,7.8324],[-12.1356,7.8353],[-12.135,7.839],[-12.1357,7.8428],[-12.1358,7.8433],[-12.1381,7.846],[-12.142,7.8478],[-12.143,7.8488],[-12.1436,7.8494],[-12.1445,7.8503],[-12.147,7.8555],[-12.1467,7.8609],[-12.1449,7.8644],[-12.1414,7.8682],[-12.1391,7.8712],[-12.1387,7.8717],[-12.1369,7.8743],[-12.1357,7.8766],[-12.1364,7.8805],[-12.1365,7.8809],[-12.1377,7.8841],[-12.1382,7.889],[-12.1382,7.892],[-12.1374,7.8963],[-12.1373,7.8966],[-12.1355,7.8999],[-12.1339,7.904],[-12.135,7.9064],[-12.1357,7.9096],[-12.1351,7.9141],[-12.1333,7.9194],[-12.133,7.9229],[-12.1329,7.9233],[-12.1341,7.928],[-12.1353,7.9323],[-12.1353,7.9324],[-12.1353,7.9358],[-12.1353,7.9393],[-12.1366,7.943],[-12.1391,7.944],[-12.1399,7.945],[-12.1411,7.9464],[-12.1408,7.9531],[-12.1416,7.9561],[-12.1403,7.9583],[-12.1384,7.9618],[-12.1369,7.9661],[-12.1345,7.9656],[-12.1329,7.9663],[-12.1319,7.9701],[-12.1302,7.972],[-12.1294,7.9745],[-12.1294,7.9745],[-12.1259,7.9767],[-12.1221,7.9763],[-12.1199,7.9746],[-12.117,7.9746],[-12.1158,7.9759],[-12.1155,7.9762],[-12.112,7.9768],[-12.1067,7.9768],[-12.1047,7.9768],[-12.1032,7.9768],[-12.1003,7.9783],[-12.0961,7.9782],[-12.0959,7.9782],[-12.0909,7.9802],[-12.0863,7.9795],[-12.0863,7.9795],[-12.0824,7.9787],[-12.0787,7.9787],[-12.0773,7.9779],[-12.0762,7.9773],[-12.0729,7.9773],[-12.0699,7.9773],[-12.0669,7.9773],[-12.0662,7.9757],[-12.0643,7.9723],[-12.0607,7.9721],[-12.0588,7.9727],[-12.0556,7.9736],[-12.0487,7.9775],[-12.0459,7.9788],[-12.0415,7.982],[-12.0368,7.985],[-12.0349,7.9872],[-12.033,7.9895],[-12.0313,7.9917],[-12.0274,7.9964],[-12.0224,8.0016],[-12.0201,8.0058],[-12.0181,8.0095],[-12.0139,8.0123],[-12.0118,8.013],[-12.0091,8.0138],[-12.0008,8.0136],[-11.9961,8.0136],[-11.996,8.0136],[-11.9916,8.0135],[-11.9854,8.0125],[-11.9822,8.0125],[-11.9782,8.0116],[-11.9777,8.0115],[-11.973,8.0108],[-11.9666,8.0093],[-11.959,8.0064],[-11.9542,8.0058],[-11.946,8.0056],[-11.9414,8.0061],[-11.9381,8.0053],[-11.9334,8.0038],[-11.9279,8.0028],[-11.9222,8.0023],[-11.9192,8.0018],[-11.9141,8.0014],[-11.9119,8.0013],[-11.9097,7.9994],[-11.9096,7.9994],[-11.9091,7.9989],[-11.9064,7.9979],[-11.9051,7.9971],[-11.904,7.9964],[-11.9002,7.9927],[-11.8979,7.991],[-11.8937,7.9889],[-11.8907,7.9914],[-11.8871,7.9919],[-11.8846,7.9937],[-11.8821,7.9939],[-11.8858,7.9967],[-11.89,7.9999],[-11.8933,8.0043],[-11.8937,8.0084],[-11.8932,8.011],[-11.8917,8.0155],[-11.889,8.0183],[-11.8873,8.0208],[-11.8851,8.0233],[-11.8828,8.0262],[-11.8827,8.0263],[-11.8818,8.0292],[-11.883,8.031],[-11.8856,8.0342],[-11.8887,8.0377],[-11.891,8.0401],[-11.8938,8.0426],[-11.8962,8.0451],[-11.8987,8.0479],[-11.9019,8.0506],[-11.9051,8.0523],[-11.907,8.0543],[-11.9105,8.056],[-11.9133,8.0583],[-11.9152,8.0612],[-11.9165,8.0643],[-11.9163,8.0677],[-11.9138,8.0705],[-11.9135,8.0709],[-11.9098,8.0749],[-11.9077,8.0779],[-11.9076,8.0781],[-11.9073,8.0797],[-11.906,8.0834],[-11.9035,8.0903],[-11.9013,8.0983],[-11.9005,8.1001],[-11.8982,8.1053],[-11.8958,8.1085],[-11.8925,8.1127],[-11.8898,8.1174],[-11.8878,8.1227],[-11.8856,8.1274],[-11.8855,8.1278],[-11.8823,8.1309],[-11.8774,8.1373],[-11.8746,8.1408],[-11.8699,8.1438],[-11.8636,8.1475],[-11.8576,8.1507],[-11.8519,8.153],[-11.8459,8.1549],[-11.8452,8.1549],[-11.8402,8.1552],[-11.8339,8.1555],[-11.8282,8.1555],[-11.8241,8.1554],[-11.8203,8.1549],[-11.8172,8.1532],[-11.8163,8.1527],[-11.816,8.158],[-11.8144,8.1605],[-11.8142,8.1619],[-11.8125,8.1639],[-11.8125,8.1651],[-11.8105,8.1656],[-11.8105,8.1677],[-11.8082,8.1686],[-11.8105,8.1713],[-11.8092,8.1725],[-11.8082,8.1734],[-11.8082,8.1737],[-11.8082,8.1744],[-11.8057,8.1766],[-11.8055,8.1796],[-11.8048,8.183],[-11.8042,8.1858],[-11.803,8.1887],[-11.803,8.191],[-11.803,8.1928],[-11.8023,8.1975],[-11.8018,8.2012],[-11.8016,8.2084],[-11.8016,8.2087],[-11.8016,8.2159],[-11.8014,8.2199],[-11.8014,8.2233],[-11.8029,8.2265],[-11.8044,8.229],[-11.8046,8.2297],[-11.8051,8.2317],[-11.8049,8.2352],[-11.8049,8.2384],[-11.8042,8.2409],[-11.8041,8.2439],[-11.8057,8.246],[-11.8088,8.2482],[-11.816,8.2529],[-11.821,8.2575],[-11.8217,8.2583],[-11.8262,8.2606],[-11.8304,8.264],[-11.8309,8.2644],[-11.8329,8.2661],[-11.8373,8.269],[-11.8391,8.2722],[-11.8398,8.2754],[-11.84,8.2762],[-11.8398,8.2802],[-11.8376,8.2822],[-11.8328,8.2819],[-11.8264,8.2839],[-11.8177,8.285],[-11.8102,8.2859],[-11.8036,8.2859],[-11.7975,8.2857],[-11.7909,8.2857],[-11.7816,8.2847],[-11.7804,8.2942],[-11.7798,8.2991],[-11.7796,8.3009],[-11.7808,8.307],[-11.7816,8.3097],[-11.7816,8.3098],[-11.782,8.3108],[-11.7835,8.3145],[-11.7841,8.3195],[-11.7842,8.3197],[-11.7842,8.3237],[-11.7842,8.3241],[-11.7844,8.3251],[-11.7846,8.3267],[-11.7847,8.3269],[-11.7849,8.3278],[-11.7853,8.3297],[-11.7853,8.33],[-11.7854,8.3302],[-11.7865,8.3329],[-11.7867,8.3332],[-11.788,8.3354],[-11.7877,8.3392],[-11.7912,8.3426],[-11.7964,8.3411],[-11.8004,8.3387],[-11.8027,8.3369],[-11.8029,8.3329],[-11.8054,8.3349],[-11.8104,8.3356],[-11.8131,8.3337],[-11.8148,8.3324],[-11.8176,8.331],[-11.8188,8.3327],[-11.8185,8.3356],[-11.8195,8.3387],[-11.8198,8.3426],[-11.8212,8.3468],[-11.8224,8.354],[-11.8227,8.3558],[-11.8233,8.3577],[-11.8273,8.3564],[-11.8321,8.3561],[-11.8361,8.3573],[-11.8384,8.3591],[-11.8421,8.3609],[-11.845,8.3609],[-11.8484,8.3605],[-11.8502,8.36],[-11.8516,8.3596],[-11.8556,8.3554],[-11.856,8.355],[-11.8578,8.3532],[-11.8625,8.3513],[-11.8656,8.3504],[-11.8687,8.3506],[-11.8708,8.3518],[-11.8727,8.354],[-11.8747,8.3545],[-11.8775,8.3545],[-11.88,8.3557],[-11.8823,8.355],[-11.8859,8.3548],[-11.8874,8.355],[-11.8907,8.3554],[-11.8946,8.3575],[-11.8957,8.3586],[-11.8961,8.3589],[-11.8988,8.36],[-11.9004,8.36],[-11.9027,8.3587],[-11.905,8.3586],[-11.9078,8.3587],[-11.9096,8.3586],[-11.9107,8.3602],[-11.9137,8.3603],[-11.9148,8.3605],[-11.9164,8.3582],[-11.9187,8.3577],[-11.9204,8.3568],[-11.9212,8.3547],[-11.9228,8.3561],[-11.9238,8.3538],[-11.9245,8.3515],[-11.9276,8.3502],[-11.9284,8.3505],[-11.9302,8.3509],[-11.9311,8.3488],[-11.9336,8.3497],[-11.935,8.3504],[-11.9366,8.352],[-11.9386,8.3508],[-11.9395,8.3516],[-11.9418,8.3516],[-11.9428,8.3532],[-11.9434,8.3557],[-11.945,8.3564],[-11.9467,8.355],[-11.9483,8.3545],[-11.9483,8.3557],[-11.949,8.3582],[-11.9509,8.3563],[-11.953,8.3584],[-11.9554,8.3575],[-11.9566,8.36],[-11.9598,8.3584],[-11.9618,8.3612],[-11.9639,8.3621],[-11.9661,8.3616],[-11.9667,8.3614],[-11.9676,8.3612],[-11.9705,8.3619],[-11.9765,8.3639],[-11.9788,8.3655],[-11.982,8.3678],[-11.9879,8.3705],[-11.9909,8.3735],[-11.9936,8.374],[-11.9962,8.3762],[-11.9957,8.3788],[-11.9957,8.3875],[-11.9964,8.3914],[-12.0004,8.3882],[-12.0024,8.3842],[-12.0041,8.3817],[-12.0068,8.376],[-12.008,8.3731],[-12.0128,8.3717],[-12.0171,8.3717],[-12.0203,8.3721],[-12.0208,8.372],[-12.0224,8.3717],[-12.0244,8.3703],[-12.0251,8.3666],[-12.0262,8.3616],[-12.0279,8.3579],[-12.032,8.3575],[-12.0342,8.358],[-12.0358,8.3607],[-12.0361,8.3628],[-12.0345,8.3659],[-12.0345,8.3694],[-12.0359,8.3696],[-12.0361,8.3696],[-12.0395,8.3673],[-12.043,8.3644],[-12.0434,8.3625],[-12.0437,8.3596],[-12.0437,8.3593],[-12.0439,8.3555],[-12.0441,8.3515],[-12.0457,8.3476],[-12.0487,8.3444],[-12.0512,8.3413],[-12.0514,8.34],[-12.0517,8.3381],[-12.0541,8.3346],[-12.0581,8.3303],[-12.0625,8.3261],[-12.0657,8.3218],[-12.0662,8.321],[-12.0668,8.32],[-12.0675,8.3189],[-12.0675,8.3159],[-12.0655,8.3131],[-12.0625,8.3117],[-12.0618,8.3108],[-12.0605,8.3092],[-12.0572,8.2999],[-12.054,8.2937],[-12.0501,8.2914],[-12.0479,8.2914],[-12.0453,8.2916],[-12.0424,8.2928],[-12.0412,8.2959],[-12.0383,8.2975],[-12.0353,8.2973],[-12.0348,8.2944],[-12.0344,8.2891],[-12.0397,8.2866],[-12.0397,8.2843],[-12.0378,8.2802],[-12.0377,8.2799],[-12.0366,8.277],[-12.0336,8.2724],[-12.0329,8.2687],[-12.0331,8.2648],[-12.0347,8.2593],[-12.0358,8.2557],[-12.0358,8.253],[-12.0346,8.251],[-12.0345,8.2509],[-12.0334,8.2497],[-12.0318,8.2468],[-12.0308,8.244],[-12.0292,8.2404],[-12.0295,8.2372],[-12.0301,8.2371],[-12.0319,8.2365],[-12.0341,8.2381],[-12.0342,8.2417],[-12.0357,8.2441],[-12.0367,8.2465],[-12.038,8.2488],[-12.0389,8.2497],[-12.0403,8.2502],[-12.0424,8.2504],[-12.0445,8.2505],[-12.047,8.2493],[-12.049,8.2488],[-12.0513,8.2481],[-12.0557,8.2482],[-12.057,8.2488],[-12.0578,8.2497],[-12.0584,8.2504],[-12.0572,8.2511],[-12.0552,8.2523],[-12.0554,8.2541],[-12.0579,8.2553],[-12.0605,8.2578],[-12.0616,8.2589],[-12.0635,8.2608],[-12.0636,8.2609],[-12.065,8.2614],[-12.0666,8.2601],[-12.0689,8.2601],[-12.0704,8.2607],[-12.0721,8.2614],[-12.0755,8.2628],[-12.0785,8.266],[-12.0791,8.2671],[-12.0803,8.2694],[-12.0792,8.272],[-12.0821,8.2764],[-12.0822,8.2767],[-12.0846,8.2776],[-12.088,8.2795],[-12.0899,8.2797],[-12.0913,8.2804],[-12.0928,8.2811],[-12.0965,8.282],[-12.0992,8.2829],[-12.0992,8.2854],[-12.1026,8.2868],[-12.1049,8.2893],[-12.1079,8.2916],[-12.1094,8.293],[-12.1104,8.2939],[-12.1134,8.2965],[-12.1143,8.2973],[-12.1144,8.2973],[-12.1169,8.2978],[-12.1194,8.2987],[-12.1216,8.2991],[-12.1207,8.3012],[-12.1233,8.3014],[-12.1237,8.303],[-12.1253,8.3035],[-12.1289,8.3037],[-12.1319,8.3049],[-12.1336,8.3072],[-12.136,8.3122],[-12.1343,8.3142],[-12.1339,8.3168],[-12.1339,8.32],[-12.1369,8.3221],[-12.139,8.3237],[-12.1396,8.3241],[-12.1414,8.3255],[-12.1442,8.3264],[-12.1467,8.3275],[-12.1499,8.3282],[-12.1501,8.3282],[-12.1542,8.3287],[-12.1579,8.33],[-12.1606,8.3333],[-12.1632,8.336],[-12.1655,8.339],[-12.1682,8.3435],[-12.1696,8.3488],[-12.1691,8.3518],[-12.1664,8.3573],[-12.1671,8.3589],[-12.1695,8.3607],[-12.1718,8.3614],[-12.1747,8.3614],[-12.1791,8.3607],[-12.1825,8.3596],[-12.1833,8.3595],[-12.1859,8.3589],[-12.19,8.3571],[-12.1926,8.3559],[-12.1967,8.3548],[-12.1997,8.3541],[-12.2035,8.3515],[-12.2056,8.3506],[-12.2086,8.3508],[-12.2115,8.3511],[-12.2141,8.3516],[-12.2156,8.3525],[-12.2189,8.3509],[-12.2193,8.3527],[-12.2194,8.3526],[-12.2221,8.3509],[-12.2236,8.3481],[-12.2265,8.3477],[-12.227,8.3451],[-12.229,8.3451],[-12.2302,8.3442],[-12.2315,8.3445],[-12.2345,8.3451],[-12.2352,8.3461],[-12.237,8.3474],[-12.2396,8.3481],[-12.2421,8.349],[-12.245,8.3495],[-12.2467,8.3541],[-12.2505,8.3522],[-12.2553,8.3524],[-12.2578,8.3522],[-12.2595,8.3513],[-12.2618,8.3506],[-12.2622,8.3505],[-12.2634,8.3503],[-12.2656,8.3499],[-12.2672,8.349],[-12.2702,8.3488],[-12.2729,8.347],[-12.2755,8.3451],[-12.2779,8.3422],[-12.2799,8.3399],[-12.2808,8.3372],[-12.2825,8.3369],[-12.2854,8.3341],[-12.2857,8.331],[-12.2877,8.3287],[-12.2921,8.3269],[-12.2911,8.3237],[-12.292,8.3202],[-12.2941,8.3195],[-12.2953,8.322],[-12.2964,8.322],[-12.2982,8.3223],[-12.2987,8.3222],[-12.2996,8.322],[-12.3001,8.3248],[-12.301,8.3278],[-12.3024,8.3282],[-12.303,8.3284],[-12.3062,8.3289],[-12.3104,8.3287],[-12.3126,8.3285],[-12.317,8.3289],[-12.3229,8.3305],[-12.3262,8.3316],[-12.3306,8.3351],[-12.3326,8.3371],[-12.3342,8.339],[-12.3365,8.3412],[-12.3368,8.3417],[-12.3386,8.3447],[-12.3393,8.3465],[-12.342,8.3504],[-12.3445,8.352],[-12.3462,8.3524],[-12.3491,8.352],[-12.3498,8.3538],[-12.3521,8.3545],[-12.3561,8.3525],[-12.3581,8.3515],[-12.3603,8.3499],[-12.3629,8.35],[-12.3668,8.3515],[-12.3706,8.3531],[-12.3711,8.3499],[-12.3723,8.3474],[-12.3795,8.342],[-12.381,8.3397],[-12.3833,8.3368],[-12.384,8.336],[-12.3879,8.3339],[-12.3911,8.3319],[-12.3918,8.3291],[-12.392,8.3285],[-12.3922,8.3255],[-12.3932,8.323],[-12.3948,8.32],[-12.3948,8.32],[-12.3975,8.3168],[-12.4007,8.317],[-12.4044,8.317],[-12.4076,8.3145],[-12.4105,8.3138],[-12.4151,8.3134],[-12.4177,8.3113],[-12.4215,8.3117],[-12.4259,8.3145],[-12.4312,8.3151],[-12.432,8.3152],[-12.4358,8.3138],[-12.4377,8.3104],[-12.4408,8.3081],[-12.4422,8.3075],[-12.4438,8.3069],[-12.4466,8.3062],[-12.4495,8.304],[-12.4532,8.3022],[-12.4567,8.2992],[-12.4598,8.2953],[-12.4624,8.2928],[-12.4637,8.2916],[-12.4685,8.2923],[-12.4689,8.2925],[-12.4715,8.2934],[-12.4747,8.2937],[-12.4774,8.2941],[-12.4781,8.294],[-12.4814,8.2937],[-12.4847,8.2916],[-12.4907,8.2888],[-12.4908,8.2887],[-12.4941,8.2882],[-12.4984,8.2884],[-12.5034,8.2882],[-12.5036,8.2882],[-12.5089,8.2879],[-12.5158,8.2871],[-12.5203,8.2877],[-12.5247,8.2879],[-12.5281,8.2884],[-12.5329,8.2893],[-12.5364,8.29],[-12.5365,8.29],[-12.5408,8.2914],[-12.5427,8.2928],[-12.5456,8.2937],[-12.5469,8.2945],[-12.5482,8.2953],[-12.5509,8.2966],[-12.5538,8.2987],[-12.5552,8.2992],[-12.5559,8.2994],[-12.5598,8.3008],[-12.5635,8.3022],[-12.5665,8.303],[-12.5692,8.3053],[-12.5713,8.3053],[-12.5745,8.3056],[-12.577,8.3053],[-12.5834,8.3065],[-12.5864,8.3081],[-12.5924,8.3097],[-12.5935,8.3129],[-12.5943,8.3143],[-12.5945,8.3166],[-12.5979,8.3213],[-12.5981,8.3234],[-12.5984,8.3271],[-12.5987,8.3283],[-12.5991,8.33],[-12.602,8.333],[-12.6038,8.3362],[-12.6045,8.3408],[-12.6055,8.3413],[-12.6093,8.3413],[-12.6133,8.3415],[-12.6142,8.3415],[-12.6166,8.3447],[-12.6182,8.3474],[-12.6187,8.3492],[-12.6203,8.35],[-12.6226,8.3516],[-12.6235,8.3522],[-12.6272,8.3529],[-12.6324,8.3548],[-12.6347,8.3538],[-12.6384,8.3522],[-12.6388,8.3525],[-12.6411,8.3543],[-12.6448,8.3543],[-12.6468,8.3566],[-12.6476,8.3603],[-12.6471,8.3641],[-12.6467,8.3676],[-12.6477,8.3675],[-12.6502,8.3685],[-12.6517,8.3708],[-12.6533,8.3748],[-12.6557,8.3748],[-12.6585,8.372],[-12.6601,8.3764],[-12.664,8.376],[-12.6695,8.3756],[-12.6695,8.372],[-12.6731,8.37],[-12.6731,8.3677],[-12.6751,8.3645],[-12.6775,8.3661],[-12.679,8.3712],[-12.6834,8.3688],[-12.6885,8.3673],[-12.6937,8.3649],[-12.6968,8.3645],[-12.6996,8.3641],[-12.704,8.3641],[-12.7087,8.3637],[-12.7143,8.3657],[-12.7181,8.3689],[-12.7186,8.3692],[-12.7202,8.3677],[-12.7186,8.3645],[-12.7194,8.3617],[-12.7226,8.359],[-12.7225,8.3589],[-12.7214,8.3574],[-12.7186,8.3538],[-12.7234,8.351],[-12.7273,8.3499],[-12.7297,8.3467],[-12.7313,8.3502],[-12.736,8.3487],[-12.7404,8.3522],[-12.7418,8.3508],[-12.7432,8.3495],[-12.7457,8.3514],[-12.7477,8.3554],[-12.7533,8.3522],[-12.7536,8.3566],[-12.7568,8.3574],[-12.7571,8.3575],[-12.7608,8.3586],[-12.7624,8.3653],[-12.7651,8.3688],[-12.7651,8.3732],[-12.7707,8.372],[-12.7726,8.3748],[-12.7746,8.3787],[-12.7797,8.3794],[-12.7806,8.3795],[-12.7813,8.3819],[-12.7833,8.3875],[-12.7877,8.3863],[-12.7901,8.3871],[-12.7905,8.3918],[-12.7932,8.3914],[-12.7968,8.391],[-12.8011,8.3894],[-12.8026,8.3891],[-12.8059,8.3882],[-12.8094,8.3882],[-12.8102,8.391],[-12.8113,8.3942],[-12.8118,8.3958],[-12.8158,8.3977],[-12.8201,8.3954],[-12.8241,8.395],[-12.8296,8.3973],[-12.8296,8.3972],[-12.8296,8.3942],[-12.8288,8.3922],[-12.8269,8.3886],[-12.8277,8.3831],[-12.8261,8.3795],[-12.8249,8.3776],[-12.8261,8.374],[-12.8312,8.3732],[-12.8372,8.374],[-12.8403,8.3728],[-12.8415,8.37],[-12.8411,8.3665],[-12.8399,8.3629],[-12.8375,8.359],[-12.8392,8.357],[-12.8395,8.3566],[-12.8428,8.3551],[-12.8431,8.355],[-12.8463,8.3518],[-12.851,8.3518],[-12.8546,8.3522],[-12.8561,8.3487],[-12.8555,8.3479],[-12.8534,8.3455],[-12.8522,8.3431],[-12.8498,8.3419],[-12.8478,8.3388],[-12.8481,8.3371],[-12.8486,8.334],[-12.8526,8.332],[-12.8581,8.3316],[-12.8637,8.3328],[-12.8656,8.3293],[-12.868,8.3257],[-12.8692,8.3206],[-12.8684,8.3178],[-12.8664,8.3146],[-12.8629,8.3119],[-12.8619,8.3095],[-12.8626,8.3087],[-12.8651,8.3059],[-12.869,8.3032],[-12.8734,8.3024],[-12.8765,8.3055],[-12.8777,8.3095],[-12.8826,8.3112],[-12.8833,8.3115],[-12.884,8.3075],[-12.8852,8.3028],[-12.8848,8.2976],[-12.8868,8.2944],[-12.8928,8.2893],[-12.8924,8.2861],[-12.89,8.2853],[-12.886,8.2842],[-12.8852,8.2829],[-12.8833,8.2798],[-12.8876,8.2774],[-12.8887,8.2771],[-12.892,8.2762],[-12.8979,8.2727],[-12.9011,8.2747],[-12.9042,8.277],[-12.9085,8.2743],[-12.9086,8.2743],[-12.9137,8.2715],[-12.9141,8.2671],[-12.9125,8.2628],[-12.9181,8.262],[-12.9244,8.2604],[-12.9288,8.2588],[-12.9327,8.2588],[-12.9347,8.262],[-12.9346,8.2622]]]]}},{"type":"Feature","properties":{"districtId":"kenema","name":"Kenema"},"geometry":{"type":"Polygon","coordinates":[[[-11.1435,7.3409],[-11.1419,7.3423],[-11.1387,7.3453],[-11.1355,7.3465],[-11.1324,7.3484],[-11.1292,7.3512],[-11.1274,7.3527],[-11.1271,7.3544],[-11.1283,7.3571],[-11.1278,7.3591],[-11.1269,7.3608],[-11.1252,7.3633],[-11.1232,7.3648],[-11.1215,7.366],[-11.1196,7.3666],[-11.117,7.3685],[-11.114,7.3704],[-11.1127,7.3729],[-11.1138,7.3751],[-11.1135,7.3769],[-11.1123,7.3778],[-11.1105,7.3773],[-11.108,7.3785],[-11.1049,7.3825],[-11.1039,7.3827],[-11.1027,7.3844],[-11.1024,7.3876],[-11.1023,7.3896],[-11.1019,7.3903],[-11.101,7.3907],[-11.0998,7.3907],[-11.0978,7.3893],[-11.0965,7.389],[-11.0953,7.3895],[-11.0933,7.391],[-11.092,7.3921],[-11.0909,7.3924],[-11.0888,7.3925],[-11.0869,7.3919],[-11.0853,7.3916],[-11.0829,7.3912],[-11.0814,7.3917],[-11.0794,7.3928],[-11.0787,7.3935],[-11.0764,7.3948],[-11.0743,7.3966],[-11.0734,7.3971],[-11.072,7.3971],[-11.0692,7.3982],[-11.0669,7.3992],[-11.065,7.4005],[-11.063,7.4018],[-11.0609,7.403],[-11.0592,7.4036],[-11.0572,7.4056],[-11.0557,7.4079],[-11.0539,7.4099],[-11.0518,7.4114],[-11.0502,7.4121],[-11.0492,7.4134],[-11.0488,7.4149],[-11.0473,7.4162],[-11.0461,7.4169],[-11.0454,7.4184],[-11.0435,7.4203],[-11.0427,7.4219],[-11.0425,7.4237],[-11.0416,7.4251],[-11.0405,7.4255],[-11.0385,7.4248],[-11.0367,7.4249],[-11.0345,7.4258],[-11.0333,7.4269],[-11.0331,7.4279],[-11.0336,7.4315],[-11.0342,7.4336],[-11.0342,7.4352],[-11.0339,7.4363],[-11.033,7.4367],[-11.0315,7.4361],[-11.0298,7.4342],[-11.0286,7.4332],[-11.0276,7.4332],[-11.0267,7.4333],[-11.0267,7.4351],[-11.0271,7.4361],[-11.0271,7.4368],[-11.0262,7.4381],[-11.0238,7.4387],[-11.0226,7.4388],[-11.0201,7.4398],[-11.0179,7.4408],[-11.0151,7.4421],[-11.014,7.4433],[-11.0119,7.4423],[-11.0105,7.4422],[-11.0099,7.4422],[-11.0093,7.4431],[-11.0094,7.444],[-11.0099,7.4455],[-11.0102,7.447],[-11.0099,7.4487],[-11.0094,7.4499],[-11.0083,7.4509],[-11.0077,7.4514],[-11.0068,7.4519],[-11.0064,7.4525],[-11.0052,7.4535],[-11.0047,7.455],[-11.0029,7.4553],[-11.0005,7.4547],[-10.9991,7.4557],[-10.997,7.459],[-10.9939,7.4631],[-10.9886,7.4674],[-10.9849,7.4685],[-10.982,7.4718],[-10.9796,7.4713],[-10.9775,7.4709],[-10.9756,7.4718],[-10.9754,7.4741],[-10.9773,7.4761],[-10.977,7.4774],[-10.9745,7.4792],[-10.9726,7.4826],[-10.9686,7.4872],[-10.9656,7.4887],[-10.9618,7.4896],[-10.962,7.4928],[-10.9608,7.4935],[-10.9588,7.4924],[-10.9571,7.4928],[-10.9565,7.494],[-10.9571,7.4959],[-10.9548,7.4973],[-10.9514,7.4996],[-10.9492,7.5022],[-10.9461,7.5044],[-10.9456,7.5047],[-10.9446,7.5051],[-10.9423,7.5058],[-10.941,7.5061],[-10.9402,7.5063],[-10.9392,7.5073],[-10.9381,7.5084],[-10.9376,7.5093],[-10.936,7.5116],[-10.9351,7.5127],[-10.9344,7.5131],[-10.9338,7.5132],[-10.9327,7.513],[-10.9324,7.5119],[-10.9326,7.5097],[-10.9313,7.5082],[-10.9298,7.508],[-10.9281,7.5065],[-10.9277,7.5047],[-10.9295,7.5018],[-10.9278,7.4999],[-10.9253,7.4994],[-10.9228,7.4971],[-10.9217,7.4974],[-10.92,7.5],[-10.9178,7.5036],[-10.9163,7.5047],[-10.9132,7.5042],[-10.9109,7.5066],[-10.9088,7.5078],[-10.9075,7.5099],[-10.9052,7.5105],[-10.9028,7.5123],[-10.8994,7.5127],[-10.8969,7.5143],[-10.8962,7.5169],[-10.8957,7.5199],[-10.8924,7.5223],[-10.8901,7.5252],[-10.887,7.5267],[-10.8826,7.5255],[-10.8798,7.5259],[-10.8785,7.5282],[-10.8778,7.5299],[-10.8764,7.5309],[-10.8757,7.531],[-10.8748,7.5314],[-10.8726,7.5321],[-10.8704,7.5329],[-10.8682,7.5339],[-10.8671,7.5355],[-10.8663,7.5364],[-10.8643,7.5375],[-10.8632,7.538],[-10.8617,7.5383],[-10.8601,7.5385],[-10.8585,7.5398],[-10.8555,7.542],[-10.8536,7.5431],[-10.8514,7.5445],[-10.8497,7.5455],[-10.8489,7.546],[-10.848,7.5472],[-10.847,7.548],[-10.8456,7.5486],[-10.8441,7.549],[-10.8435,7.5502],[-10.843,7.5513],[-10.8435,7.5521],[-10.8435,7.553],[-10.8428,7.5539],[-10.841,7.555],[-10.8388,7.5555],[-10.8376,7.5567],[-10.8373,7.5583],[-10.8372,7.5599],[-10.8365,7.5617],[-10.8355,7.5629],[-10.8344,7.5638],[-10.8329,7.5643],[-10.8312,7.5638],[-10.8303,7.5625],[-10.8291,7.5618],[-10.8282,7.5618],[-10.8272,7.5622],[-10.8262,7.5639],[-10.8258,7.5651],[-10.8257,7.5663],[-10.826,7.5672],[-10.8254,7.568],[-10.8249,7.5693],[-10.8255,7.57],[-10.8259,7.5708],[-10.8259,7.5716],[-10.825,7.5725],[-10.8231,7.5735],[-10.8215,7.5744],[-10.8201,7.5757],[-10.8194,7.5763],[-10.8189,7.5773],[-10.8194,7.5784],[-10.8197,7.5788],[-10.8214,7.5794],[-10.8224,7.5794],[-10.8224,7.5801],[-10.8219,7.5813],[-10.8211,7.5823],[-10.8195,7.5837],[-10.8179,7.5856],[-10.8165,7.5873],[-10.8152,7.5893],[-10.8145,7.5899],[-10.8142,7.5905],[-10.815,7.5915],[-10.8164,7.5933],[-10.8175,7.5944],[-10.8177,7.5951],[-10.8171,7.5955],[-10.8166,7.5955],[-10.816,7.5955],[-10.8145,7.5946],[-10.814,7.594],[-10.8127,7.5933],[-10.8104,7.5924],[-10.8093,7.5923],[-10.8077,7.5922],[-10.8063,7.5922],[-10.8049,7.5921],[-10.8041,7.5917],[-10.8032,7.591],[-10.8023,7.5911],[-10.8012,7.5912],[-10.7999,7.5916],[-10.7989,7.5918],[-10.7978,7.5924],[-10.7965,7.5936],[-10.7954,7.5953],[-10.7942,7.597],[-10.7936,7.5989],[-10.7934,7.6004],[-10.793,7.6013],[-10.7924,7.6015],[-10.7918,7.6015],[-10.7913,7.6013],[-10.7904,7.6008],[-10.7897,7.6009],[-10.7894,7.6011],[-10.7894,7.6018],[-10.7899,7.6033],[-10.7902,7.6046],[-10.7903,7.6064],[-10.7904,7.6085],[-10.7912,7.6088],[-10.7926,7.6079],[-10.7933,7.6083],[-10.7932,7.609],[-10.792,7.6109],[-10.7903,7.6131],[-10.7895,7.615],[-10.7893,7.6161],[-10.7899,7.6169],[-10.7912,7.617],[-10.7923,7.616],[-10.7928,7.6149],[-10.7935,7.6146],[-10.7941,7.6149],[-10.7965,7.6155],[-10.7985,7.6157],[-10.802,7.6159],[-10.8049,7.616],[-10.8076,7.6151],[-10.8104,7.6142],[-10.8108,7.6145],[-10.8166,7.6194],[-10.8209,7.6222],[-10.8226,7.6232],[-10.8268,7.6257],[-10.8308,7.6323],[-10.8317,7.6345],[-10.8334,7.6384],[-10.8339,7.6388],[-10.8348,7.6398],[-10.8374,7.6414],[-10.8383,7.6417],[-10.8396,7.6424],[-10.84,7.6425],[-10.843,7.6435],[-10.8492,7.6451],[-10.8498,7.6452],[-10.8522,7.6455],[-10.8561,7.6467],[-10.8668,7.6491],[-10.8727,7.6497],[-10.8782,7.6502],[-10.8898,7.6515],[-10.8986,7.6507],[-10.9076,7.6504],[-10.9128,7.6511],[-10.9139,7.6551],[-10.9146,7.6576],[-10.9161,7.6666],[-10.9181,7.6749],[-10.9216,7.6775],[-10.9268,7.6806],[-10.9314,7.6861],[-10.9314,7.6983],[-10.9316,7.7038],[-10.929,7.7142],[-10.9278,7.7195],[-10.9243,7.7271],[-10.9182,7.7337],[-10.9142,7.7411],[-10.9087,7.7467],[-10.9083,7.747],[-10.9079,7.7531],[-10.9088,7.7606],[-10.911,7.7617],[-10.9114,7.7619],[-10.9131,7.7628],[-10.9155,7.7621],[-10.918,7.7645],[-10.9199,7.7654],[-10.923,7.7649],[-10.9253,7.7671],[-10.9258,7.7676],[-10.9271,7.7649],[-10.9287,7.7625],[-10.9287,7.7584],[-10.93,7.7582],[-10.9332,7.761],[-10.9357,7.7619],[-10.937,7.7595],[-10.9407,7.7636],[-10.9431,7.7638],[-10.9448,7.7623],[-10.9468,7.7654],[-10.9472,7.766],[-10.9501,7.7717],[-10.952,7.775],[-10.9531,7.7787],[-10.9552,7.7861],[-10.9598,7.7955],[-10.9642,7.8008],[-10.9644,7.8007],[-10.9688,7.7982],[-10.9739,7.7963],[-10.9747,7.796],[-10.9817,7.799],[-10.9849,7.8041],[-10.9882,7.8086],[-10.9952,7.8185],[-10.9956,7.8193],[-10.9994,7.8266],[-11.0031,7.8364],[-11.0046,7.8403],[-11.0073,7.844],[-11.0087,7.8481],[-11.0097,7.8509],[-11.0117,7.8569],[-11.017,7.8664],[-11.0174,7.867],[-11.0222,7.8749],[-11.0252,7.8777],[-11.0276,7.8775],[-11.0285,7.8755],[-11.0298,7.8725],[-11.0326,7.8717],[-11.0329,7.8716],[-11.0368,7.8705],[-11.0403,7.8714],[-11.0411,7.8726],[-11.0429,7.8757],[-11.0429,7.8801],[-11.0401,7.884],[-11.04,7.8841],[-11.0397,7.8844],[-11.0338,7.8895],[-11.0285,7.8989],[-11.0278,7.9014],[-11.027,7.9041],[-11.0265,7.9098],[-11.0264,7.91],[-11.0227,7.9133],[-11.0221,7.917],[-11.0245,7.9234],[-11.0234,7.9251],[-11.0199,7.9251],[-11.0188,7.9263],[-11.0171,7.9282],[-11.0175,7.9341],[-11.0168,7.9362],[-11.0162,7.9382],[-11.0153,7.9435],[-11.0163,7.9458],[-11.0168,7.947],[-11.0157,7.95],[-11.0154,7.9504],[-11.0122,7.9542],[-11.0094,7.9575],[-11.0098,7.961],[-11.0115,7.9627],[-11.0095,7.9649],[-11.006,7.9638],[-11.0045,7.9684],[-11.0039,7.9694],[-11.0021,7.9721],[-11.0001,7.9747],[-10.9984,7.9782],[-10.9942,7.98],[-10.9941,7.9802],[-10.9929,7.9839],[-10.9905,7.9885],[-10.9877,7.9915],[-10.987,7.9946],[-10.9856,7.9979],[-10.9854,7.9982],[-10.9853,7.9985],[-10.9823,8.0044],[-10.9803,8.0088],[-10.9817,8.0143],[-10.9795,8.0182],[-10.9773,8.0221],[-10.9762,8.0253],[-10.976,8.0261],[-10.9736,8.0309],[-10.9729,8.0335],[-10.9699,8.0366],[-10.9695,8.0397],[-10.9694,8.0401],[-10.9672,8.0434],[-10.9666,8.0444],[-10.965,8.0488],[-10.9633,8.0536],[-10.9653,8.0551],[-10.9639,8.0568],[-10.9547,8.068],[-10.9562,8.0696],[-10.961,8.0711],[-10.961,8.0711],[-10.9619,8.0752],[-10.959,8.077],[-10.9571,8.0787],[-10.9599,8.0805],[-10.9634,8.0835],[-10.9636,8.0838],[-10.9603,8.0859],[-10.9507,8.087],[-10.945,8.0905],[-10.9431,8.0958],[-10.9422,8.0982],[-10.9416,8.099],[-10.9405,8.1008],[-10.9374,8.1019],[-10.9387,8.1045],[-10.9354,8.1082],[-10.9333,8.1125],[-10.9332,8.1126],[-10.9297,8.1164],[-10.9291,8.117],[-10.9249,8.1187],[-10.9218,8.1231],[-10.9172,8.1244],[-10.9148,8.1266],[-10.9137,8.1294],[-10.91,8.1323],[-10.9067,8.134],[-10.9045,8.1388],[-10.9068,8.1422],[-10.9074,8.143],[-10.9058,8.1434],[-10.9047,8.1458],[-10.9041,8.1471],[-10.9001,8.1476],[-10.9004,8.1506],[-10.8986,8.157],[-10.8964,8.157],[-10.8953,8.1594],[-10.8934,8.1602],[-10.8925,8.1611],[-10.8914,8.1635],[-10.889,8.1626],[-10.889,8.1628],[-10.8886,8.1646],[-10.8901,8.1661],[-10.8875,8.1681],[-10.889,8.1703],[-10.8872,8.1714],[-10.8883,8.1738],[-10.8885,8.1738],[-10.8905,8.1738],[-10.8927,8.1751],[-10.8916,8.1765],[-10.891,8.1773],[-10.8894,8.1812],[-10.891,8.1821],[-10.89,8.1838],[-10.8909,8.186],[-10.8898,8.1882],[-10.888,8.1882],[-10.8889,8.1913],[-10.8859,8.1929],[-10.8856,8.193],[-10.8852,8.1965],[-10.8871,8.1985],[-10.8871,8.1998],[-10.8885,8.2013],[-10.8867,8.2046],[-10.8863,8.2055],[-10.8841,8.2053],[-10.8839,8.2074],[-10.8819,8.2081],[-10.8797,8.2109],[-10.8775,8.2123],[-10.8753,8.2116],[-10.874,8.2142],[-10.8756,8.2166],[-10.875,8.2172],[-10.874,8.2182],[-10.8751,8.2214],[-10.8727,8.2236],[-10.8705,8.2249],[-10.8738,8.2291],[-10.8708,8.2297],[-10.8725,8.2319],[-10.872,8.233],[-10.871,8.2352],[-10.8697,8.2391],[-10.8675,8.2415],[-10.8674,8.2416],[-10.8657,8.2435],[-10.8658,8.244],[-10.8662,8.2455],[-10.8656,8.2475],[-10.8647,8.2507],[-10.8645,8.252],[-10.8608,8.256],[-10.8577,8.2584],[-10.8606,8.2599],[-10.8582,8.2614],[-10.8591,8.2651],[-10.8571,8.2669],[-10.8567,8.2695],[-10.8551,8.2732],[-10.8573,8.2739],[-10.8577,8.2764],[-10.8577,8.2772],[-10.8571,8.2813],[-10.8575,8.2819],[-10.8586,8.2833],[-10.8606,8.2831],[-10.8623,8.2826],[-10.8639,8.2841],[-10.8656,8.287],[-10.8665,8.2907],[-10.8689,8.2931],[-10.8707,8.2924],[-10.8724,8.2918],[-10.877,8.2914],[-10.8798,8.2898],[-10.8833,8.2914],[-10.8862,8.2903],[-10.8883,8.289],[-10.8893,8.2888],[-10.8912,8.2885],[-10.8942,8.2892],[-10.8969,8.2881],[-10.899,8.2887],[-10.901,8.2874],[-10.9032,8.2863],[-10.9063,8.2865],[-10.9067,8.2909],[-10.9034,8.2946],[-10.9015,8.2983],[-10.9007,8.3005],[-10.9001,8.3018],[-10.896,8.3056],[-10.894,8.3078],[-10.8929,8.3091],[-10.89,8.3108],[-10.8821,8.3182],[-10.8777,8.3252],[-10.8736,8.3283],[-10.8728,8.3298],[-10.8714,8.3322],[-10.8683,8.3372],[-10.8712,8.3364],[-10.8721,8.3403],[-10.8727,8.3427],[-10.8716,8.3512],[-10.8715,8.3521],[-10.8713,8.3533],[-10.871,8.3563],[-10.8727,8.3617],[-10.8741,8.3663],[-10.8742,8.3667],[-10.8734,8.37],[-10.8697,8.3731],[-10.8661,8.3753],[-10.8643,8.3788],[-10.8643,8.3794],[-10.8641,8.3825],[-10.8612,8.3853],[-10.8564,8.3888],[-10.8553,8.3915],[-10.855,8.3922],[-10.8626,8.3915],[-10.8703,8.3909],[-10.8763,8.3882],[-10.8822,8.3862],[-10.8875,8.3816],[-10.8942,8.3756],[-10.8985,8.3772],[-10.9068,8.3803],[-10.9107,8.3823],[-10.9223,8.3799],[-10.924,8.3796],[-10.9254,8.3821],[-10.928,8.3869],[-10.9343,8.389],[-10.9379,8.3902],[-10.9479,8.3882],[-10.9519,8.3869],[-10.9569,8.3793],[-10.9572,8.3789],[-10.9575,8.3788],[-10.9643,8.3754],[-10.9664,8.3743],[-10.9751,8.3723],[-10.9815,8.3723],[-10.9863,8.3723],[-10.9956,8.3703],[-10.9994,8.3642],[-11.0009,8.3617],[-11.0076,8.3604],[-11.0202,8.3571],[-11.0245,8.3549],[-11.0255,8.3544],[-11.0333,8.3478],[-11.0341,8.3471],[-11.0393,8.3408],[-11.0407,8.3392],[-11.0432,8.3383],[-11.0507,8.3358],[-11.052,8.3353],[-11.0553,8.3339],[-11.0585,8.3343],[-11.0594,8.3344],[-11.0599,8.3345],[-11.0653,8.3421],[-11.0666,8.3438],[-11.0718,8.3479],[-11.0725,8.3484],[-11.0767,8.3465],[-11.0812,8.3445],[-11.0814,8.3443],[-11.0865,8.3398],[-11.0934,8.3445],[-11.0966,8.3453],[-11.1007,8.3464],[-11.1093,8.3464],[-11.117,8.3413],[-11.1173,8.3411],[-11.1253,8.3418],[-11.1332,8.3411],[-11.1398,8.3451],[-11.1463,8.3522],[-11.1471,8.3531],[-11.1472,8.3531],[-11.1504,8.3555],[-11.1524,8.3571],[-11.1604,8.359],[-11.161,8.3593],[-11.1612,8.3594],[-11.1627,8.3604],[-11.1654,8.3613],[-11.171,8.3637],[-11.179,8.3648],[-11.1856,8.3657],[-11.1975,8.3657],[-11.2048,8.3604],[-11.2148,8.3484],[-11.2201,8.3418],[-11.2274,8.3345],[-11.2302,8.337],[-11.238,8.3438],[-11.242,8.3544],[-11.2402,8.3642],[-11.24,8.3657],[-11.24,8.3743],[-11.2433,8.3816],[-11.2453,8.3876],[-11.2486,8.3955],[-11.2494,8.3985],[-11.2504,8.4018],[-11.2512,8.4048],[-11.2479,8.4128],[-11.2503,8.4212],[-11.2506,8.422],[-11.2506,8.4266],[-11.2506,8.4313],[-11.2488,8.4329],[-11.2453,8.4361],[-11.2439,8.4373],[-11.2386,8.4426],[-11.232,8.4499],[-11.2373,8.4578],[-11.2427,8.4627],[-11.2433,8.4632],[-11.2479,8.4691],[-11.2519,8.4738],[-11.2545,8.4755],[-11.2559,8.4764],[-11.2605,8.4804],[-11.2599,8.4811],[-11.2562,8.4856],[-11.2512,8.4917],[-11.2519,8.5009],[-11.2531,8.5029],[-11.2552,8.5063],[-11.2568,8.509],[-11.2582,8.5116],[-11.2585,8.5122],[-11.2598,8.5139],[-11.2605,8.5149],[-11.2638,8.5153],[-11.2648,8.5155],[-11.2652,8.5155],[-11.2675,8.5141],[-11.2685,8.5135],[-11.2727,8.5156],[-11.2764,8.5175],[-11.2766,8.5177],[-11.2782,8.5193],[-11.2796,8.5207],[-11.281,8.5235],[-11.2823,8.5261],[-11.2853,8.5289],[-11.2869,8.5296],[-11.29,8.531],[-11.2921,8.5313],[-11.2942,8.5316],[-11.2958,8.5324],[-11.2978,8.5326],[-11.3002,8.5324],[-11.3029,8.5322],[-11.3034,8.5321],[-11.3036,8.5321],[-11.3089,8.5314],[-11.3149,8.5288],[-11.3235,8.5222],[-11.3288,8.5195],[-11.3293,8.5194],[-11.3327,8.5184],[-11.3335,8.5182],[-11.3383,8.5211],[-11.3401,8.5222],[-11.3388,8.5261],[-11.3434,8.5261],[-11.3446,8.5332],[-11.3447,8.5341],[-11.3449,8.5347],[-11.3467,8.5399],[-11.3476,8.5425],[-11.3477,8.5427],[-11.3543,8.5467],[-11.3556,8.5486],[-11.3577,8.552],[-11.3583,8.5506],[-11.3601,8.5481],[-11.3624,8.548],[-11.3649,8.551],[-11.3665,8.5501],[-11.3665,8.55],[-11.3663,8.5442],[-11.3698,8.5433],[-11.3716,8.5425],[-11.3727,8.5401],[-11.3716,8.5373],[-11.373,8.5357],[-11.3764,8.5354],[-11.3769,8.5334],[-11.3801,8.5314],[-11.3831,8.5327],[-11.3847,8.535],[-11.3877,8.5382],[-11.3856,8.5416],[-11.3872,8.5446],[-11.3881,8.5476],[-11.3925,8.5489],[-11.3959,8.5499],[-11.3996,8.5512],[-11.4023,8.5494],[-11.408,8.5528],[-11.4109,8.551],[-11.411,8.551],[-11.414,8.5528],[-11.4204,8.5528],[-11.4299,8.5499],[-11.4351,8.5489],[-11.4423,8.549],[-11.4505,8.5494],[-11.4509,8.5494],[-11.4592,8.549],[-11.4636,8.5473],[-11.4645,8.5469],[-11.4693,8.5433],[-11.473,8.5429],[-11.4754,8.5426],[-11.482,8.54],[-11.4824,8.5398],[-11.4923,8.5345],[-11.4967,8.5355],[-11.4993,8.5361],[-11.506,8.5355],[-11.511,8.537],[-11.5151,8.5371],[-11.5195,8.5377],[-11.522,8.538],[-11.5272,8.5387],[-11.5328,8.5387],[-11.5361,8.5352],[-11.5396,8.5325],[-11.5429,8.5298],[-11.5512,8.5258],[-11.5594,8.5236],[-11.5671,8.5231],[-11.5713,8.5238],[-11.5742,8.5236],[-11.5767,8.5243],[-11.58,8.5271],[-11.58,8.5272],[-11.5817,8.525],[-11.586,8.5227],[-11.586,8.5227],[-11.589,8.521],[-11.5899,8.5188],[-11.5894,8.5153],[-11.5879,8.5117],[-11.5869,8.5071],[-11.5863,8.5043],[-11.5872,8.5016],[-11.5867,8.4991],[-11.587,8.4977],[-11.5885,8.4929],[-11.5858,8.4934],[-11.5826,8.492],[-11.583,8.4895],[-11.5878,8.4886],[-11.5923,8.4888],[-11.5901,8.4824],[-11.5901,8.4678],[-11.5849,8.4619],[-11.5758,8.4568],[-11.57,8.4539],[-11.564,8.4482],[-11.562,8.4462],[-11.5563,8.4345],[-11.5553,8.433],[-11.5537,8.4305],[-11.5536,8.4287],[-11.5534,8.425],[-11.5534,8.4163],[-11.5541,8.4042],[-11.5541,8.3977],[-11.5538,8.3966],[-11.5501,8.3816],[-11.5484,8.3764],[-11.5464,8.3703],[-11.5421,8.3648],[-11.534,8.3601],[-11.5256,8.355],[-11.5172,8.3535],[-11.5168,8.3534],[-11.5117,8.3521],[-11.5074,8.3509],[-11.5004,8.3502],[-11.4906,8.3415],[-11.478,8.3279],[-11.474,8.3225],[-11.4711,8.3181],[-11.4698,8.3162],[-11.4685,8.3141],[-11.4689,8.3068],[-11.4696,8.298],[-11.4689,8.2863],[-11.4652,8.2783],[-11.4623,8.27],[-11.4616,8.2681],[-11.4601,8.2663],[-11.4557,8.2608],[-11.4517,8.2564],[-11.4473,8.2516],[-11.4466,8.2509],[-11.445,8.2473],[-11.4448,8.2469],[-11.4408,8.2422],[-11.4381,8.2365],[-11.4378,8.236],[-11.4331,8.2371],[-11.4273,8.2371],[-11.4225,8.236],[-11.417,8.2356],[-11.4123,8.2327],[-11.4065,8.2312],[-11.4002,8.2283],[-11.4002,8.2262],[-11.4001,8.2217],[-11.4015,8.2159],[-11.3994,8.212],[-11.399,8.2111],[-11.3935,8.2108],[-11.3913,8.2097],[-11.3906,8.2035],[-11.3895,8.1984],[-11.3858,8.1969],[-11.3822,8.1943],[-11.3822,8.1939],[-11.3829,8.1867],[-11.3873,8.1786],[-11.396,8.1721],[-11.4037,8.163],[-11.3993,8.1546],[-11.3996,8.154],[-11.4026,8.148],[-11.4015,8.1454],[-11.4026,8.1421],[-11.4033,8.1374],[-11.4019,8.136],[-11.3993,8.1333],[-11.399,8.133],[-11.3917,8.1338],[-11.3847,8.1338],[-11.3771,8.1327],[-11.369,8.1312],[-11.3663,8.1304],[-11.3574,8.1279],[-11.3519,8.1283],[-11.3457,8.1286],[-11.345,8.1276],[-11.3424,8.1235],[-11.3435,8.1184],[-11.3411,8.114],[-11.3383,8.104],[-11.3372,8.1002],[-11.3371,8.0998],[-11.3354,8.0962],[-11.3345,8.0943],[-11.3345,8.0865],[-11.3345,8.0863],[-11.3345,8.0859],[-11.3348,8.0778],[-11.3349,8.0753],[-11.3353,8.067],[-11.3364,8.06],[-11.3364,8.0593],[-11.3364,8.0538],[-11.3364,8.0516],[-11.3376,8.0466],[-11.3377,8.0463],[-11.3382,8.0443],[-11.3349,8.0388],[-11.3353,8.037],[-11.3358,8.0347],[-11.3364,8.0323],[-11.3361,8.0262],[-11.336,8.0242],[-11.3378,8.0217],[-11.3429,8.0221],[-11.3491,8.0224],[-11.3568,8.0235],[-11.3586,8.0235],[-11.363,8.0235],[-11.3699,8.0242],[-11.3714,8.0246],[-11.3776,8.0261],[-11.3849,8.0221],[-11.3875,8.0166],[-11.3877,8.0089],[-11.3871,8.0083],[-11.3829,8.0034],[-11.3778,7.9994],[-11.3727,7.9972],[-11.3668,7.9932],[-11.3664,7.9906],[-11.365,7.9826],[-11.3632,7.975],[-11.3603,7.9709],[-11.3606,7.9655],[-11.3584,7.9628],[-11.3574,7.9615],[-11.3561,7.9611],[-11.3537,7.9604],[-11.3564,7.958],[-11.3595,7.9553],[-11.3625,7.9516],[-11.363,7.9509],[-11.3687,7.9432],[-11.3696,7.9429],[-11.3764,7.9411],[-11.3778,7.9407],[-11.3902,7.9363],[-11.3902,7.9345],[-11.3902,7.9319],[-11.3902,7.9319],[-11.3902,7.926],[-11.3887,7.9209],[-11.3867,7.918],[-11.3847,7.9151],[-11.384,7.9082],[-11.3873,7.9078],[-11.3906,7.9125],[-11.397,7.9112],[-11.399,7.9107],[-11.4044,7.9114],[-11.4077,7.9114],[-11.4121,7.9085],[-11.4172,7.9104],[-11.4187,7.9129],[-11.4212,7.9133],[-11.4236,7.9159],[-11.4249,7.9173],[-11.4258,7.9161],[-11.4272,7.9144],[-11.4282,7.9133],[-11.4307,7.9125],[-11.4358,7.9125],[-11.438,7.9085],[-11.4424,7.9067],[-11.447,7.9031],[-11.4495,7.8976],[-11.4484,7.8954],[-11.4498,7.8909],[-11.4499,7.8906],[-11.4481,7.887],[-11.4459,7.8826],[-11.4464,7.8797],[-11.4473,7.8742],[-11.4532,7.8684],[-11.4598,7.865],[-11.4619,7.864],[-11.4703,7.8614],[-11.4736,7.8571],[-11.4748,7.8546],[-11.4773,7.8498],[-11.4809,7.8399],[-11.4846,7.8322],[-11.482,7.8279],[-11.4802,7.8217],[-11.482,7.818],[-11.4851,7.8146],[-11.4853,7.8144],[-11.4864,7.81],[-11.4864,7.8056],[-11.4835,7.8023],[-11.4816,7.7994],[-11.486,7.7961],[-11.4919,7.7906],[-11.493,7.7855],[-11.4916,7.7846],[-11.4882,7.7822],[-11.4824,7.7808],[-11.4794,7.7801],[-11.4773,7.7797],[-11.4732,7.7797],[-11.4729,7.7797],[-11.4689,7.7815],[-11.4689,7.7851],[-11.466,7.7862],[-11.4674,7.7881],[-11.4649,7.7914],[-11.4605,7.7928],[-11.4572,7.7939],[-11.457,7.7949],[-11.4561,7.799],[-11.4535,7.8019],[-11.451,7.8045],[-11.451,7.8092],[-11.4466,7.8114],[-11.4426,7.8147],[-11.4389,7.8184],[-11.4342,7.8198],[-11.4326,7.821],[-11.4305,7.8224],[-11.4254,7.8227],[-11.424,7.8191],[-11.4232,7.8169],[-11.42,7.8162],[-11.4199,7.8158],[-11.4192,7.8125],[-11.4181,7.8089],[-11.4152,7.8038],[-11.4146,7.8005],[-11.4143,7.7987],[-11.4143,7.7943],[-11.4124,7.792],[-11.4121,7.7917],[-11.4099,7.7914],[-11.4085,7.7862],[-11.4066,7.783],[-11.4048,7.7804],[-11.4015,7.7797],[-11.4019,7.776],[-11.4044,7.7735],[-11.4041,7.7702],[-11.4012,7.7687],[-11.4033,7.7596],[-11.4026,7.757],[-11.4037,7.7538],[-11.4077,7.7534],[-11.411,7.7549],[-11.4128,7.7516],[-11.415,7.7494],[-11.4117,7.7465],[-11.4161,7.7443],[-11.4161,7.7421],[-11.4156,7.7415],[-11.4128,7.7384],[-11.4169,7.7362],[-11.4183,7.733],[-11.4136,7.7267],[-11.4169,7.7264],[-11.4212,7.722],[-11.4205,7.7143],[-11.4205,7.7129],[-11.4227,7.7118],[-11.4232,7.7102],[-11.425,7.7041],[-11.4256,7.7019],[-11.4304,7.7045],[-11.4322,7.7005],[-11.4388,7.7008],[-11.4405,7.6936],[-11.4406,7.6932],[-11.4428,7.6946],[-11.4479,7.6943],[-11.4482,7.6983],[-11.453,7.6954],[-11.4526,7.6928],[-11.4552,7.6928],[-11.457,7.6954],[-11.4581,7.7005],[-11.4618,7.7019],[-11.4628,7.707],[-11.4698,7.7081],[-11.4713,7.7105],[-11.4734,7.714],[-11.4785,7.7132],[-11.4816,7.7132],[-11.4829,7.7132],[-11.484,7.7114],[-11.4873,7.7059],[-11.4877,7.6994],[-11.4879,7.6913],[-11.4884,7.6904],[-11.4885,7.6902],[-11.4911,7.6859],[-11.4935,7.6833],[-11.4977,7.6789],[-11.5101,7.6709],[-11.5114,7.6693],[-11.5152,7.6643],[-11.5171,7.6574],[-11.5167,7.6512],[-11.5166,7.651],[-11.5138,7.6457],[-11.5101,7.6439],[-11.5085,7.6427],[-11.505,7.6402],[-11.5038,7.6387],[-11.5013,7.6358],[-11.4971,7.6306],[-11.4926,7.6259],[-11.4913,7.6241],[-11.4885,7.6203],[-11.4891,7.6191],[-11.492,7.6122],[-11.4953,7.6056],[-11.4965,7.5979],[-11.497,7.5949],[-11.4979,7.59],[-11.5007,7.5834],[-11.5014,7.5785],[-11.5013,7.5757],[-11.5009,7.5689],[-11.5012,7.5659],[-11.5016,7.5603],[-11.5054,7.5488],[-11.5082,7.5437],[-11.5055,7.5417],[-11.5044,7.5409],[-11.5007,7.5409],[-11.4993,7.541],[-11.4932,7.5414],[-11.4862,7.5418],[-11.4804,7.5425],[-11.4748,7.5428],[-11.4707,7.542],[-11.4699,7.5418],[-11.4628,7.5418],[-11.4619,7.5418],[-11.4572,7.5418],[-11.4521,7.5425],[-11.4495,7.5442],[-11.446,7.5477],[-11.4442,7.5509],[-11.4421,7.5542],[-11.4389,7.5573],[-11.4367,7.5596],[-11.4313,7.5686],[-11.4303,7.5703],[-11.4256,7.5794],[-11.4225,7.5866],[-11.4218,7.5881],[-11.4183,7.594],[-11.416,7.5979],[-11.4106,7.604],[-11.4048,7.6122],[-11.405,7.6164],[-11.4036,7.6203],[-11.4013,7.6243],[-11.3987,7.628],[-11.391,7.6367],[-11.3849,7.643],[-11.3821,7.6456],[-11.3775,7.6507],[-11.3733,7.6554],[-11.3726,7.6551],[-11.3707,7.6542],[-11.3693,7.6509],[-11.3691,7.6495],[-11.3683,7.6432],[-11.3688,7.6369],[-11.3677,7.632],[-11.3675,7.6311],[-11.3661,7.6213],[-11.3645,7.6122],[-11.3615,7.6068],[-11.3577,7.6023],[-11.3545,7.599],[-11.353,7.5974],[-11.3486,7.5958],[-11.3428,7.5967],[-11.3407,7.5972],[-11.3323,7.5991],[-11.3245,7.6],[-11.3152,7.5984],[-11.3124,7.5973],[-11.3105,7.5965],[-11.3148,7.5929],[-11.3168,7.5911],[-11.3215,7.5876],[-11.3264,7.5881],[-11.3316,7.5883],[-11.3339,7.5865],[-11.3376,7.5827],[-11.3421,7.5769],[-11.3481,7.5727],[-11.353,7.5685],[-11.3578,7.5643],[-11.3607,7.5606],[-11.362,7.5589],[-11.3595,7.5538],[-11.3613,7.5484],[-11.3638,7.5424],[-11.3639,7.5421],[-11.3653,7.5388],[-11.3652,7.537],[-11.3651,7.5332],[-11.3667,7.5264],[-11.3651,7.521],[-11.363,7.5178],[-11.3611,7.5147],[-11.3618,7.5119],[-11.3639,7.5063],[-11.3639,7.5057],[-11.3639,7.5035],[-11.3613,7.5003],[-11.3591,7.4979],[-11.3608,7.4953],[-11.3594,7.493],[-11.3561,7.49],[-11.3535,7.4848],[-11.3521,7.4823],[-11.3542,7.4785],[-11.3547,7.4743],[-11.3541,7.4719],[-11.3535,7.4692],[-11.3511,7.4648],[-11.3502,7.4633],[-11.3486,7.4601],[-11.3512,7.4584],[-11.3542,7.4556],[-11.3516,7.4514],[-11.3484,7.4517],[-11.3505,7.4486],[-11.35,7.4437],[-11.3493,7.4409],[-11.346,7.4395],[-11.3428,7.4393],[-11.3428,7.4348],[-11.3409,7.4311],[-11.3379,7.4299],[-11.3356,7.429],[-11.3277,7.4255],[-11.3172,7.4192],[-11.3143,7.4168],[-11.3067,7.4108],[-11.2964,7.4038],[-11.2875,7.3975],[-11.2779,7.3923],[-11.2677,7.3855],[-11.2622,7.3825],[-11.2618,7.3823],[-11.2506,7.3762],[-11.2395,7.3725],[-11.2369,7.3718],[-11.226,7.3687],[-11.2121,7.3641],[-11.2056,7.362],[-11.1874,7.3554],[-11.1676,7.3498],[-11.1575,7.3461],[-11.1551,7.3453],[-11.1457,7.3417],[-11.1435,7.3409]]]}},{"type":"Feature","properties":{"districtId":"tonkolili","name":"Tonkolili"},"geometry":{"type":"Polygon","coordinates":[[[-12.6467,8.3676],[-12.6471,8.3641],[-12.6476,8.3603],[-12.6468,8.3566],[-12.6448,8.3543],[-12.6411,8.3543],[-12.6388,8.3525],[-12.6384,8.3522],[-12.6347,8.3538],[-12.6324,8.3548],[-12.6272,8.3529],[-12.6235,8.3522],[-12.6226,8.3516],[-12.6203,8.35],[-12.6187,8.3492],[-12.6182,8.3474],[-12.6166,8.3447],[-12.6142,8.3415],[-12.6133,8.3415],[-12.6093,8.3413],[-12.6055,8.3413],[-12.6045,8.3408],[-12.6038,8.3362],[-12.602,8.333],[-12.5991,8.33],[-12.5987,8.3283],[-12.5984,8.3271],[-12.5981,8.3234],[-12.5979,8.3213],[-12.5945,8.3166],[-12.5943,8.3143],[-12.5935,8.3129],[-12.5924,8.3097],[-12.5864,8.3081],[-12.5834,8.3065],[-12.577,8.3053],[-12.5745,8.3056],[-12.5713,8.3053],[-12.5692,8.3053],[-12.5665,8.303],[-12.5635,8.3022],[-12.5598,8.3008],[-12.5559,8.2994],[-12.5552,8.2992],[-12.5538,8.2987],[-12.5509,8.2966],[-12.5482,8.2953],[-12.5469,8.2945],[-12.5456,8.2937],[-12.5427,8.2928],[-12.5408,8.2914],[-12.5365,8.29],[-12.5364,8.29],[-12.5329,8.2893],[-12.5281,8.2884],[-12.5247,8.2879],[-12.5203,8.2877],[-12.5158,8.2871],[-12.5089,8.2879],[-12.5036,8.2882],[-12.5034,8.2882],[-12.4984,8.2884],[-12.4941,8.2882],[-12.4908,8.2887],[-12.4907,8.2888],[-12.4847,8.2916],[-12.4814,8.2937],[-12.4781,8.294],[-12.4774,8.2941],[-12.4747,8.2937],[-12.4715,8.2934],[-12.4689,8.2925],[-12.4685,8.2923],[-12.4637,8.2916],[-12.4624,8.2928],[-12.4598,8.2953],[-12.4567,8.2992],[-12.4532,8.3022],[-12.4495,8.304],[-12.4466,8.3062],[-12.4438,8.3069],[-12.4422,8.3075],[-12.4408,8.3081],[-12.4377,8.3104],[-12.4358,8.3138],[-12.432,8.3152],[-12.4312,8.3151],[-12.4259,8.3145],[-12.4215,8.3117],[-12.4177,8.3113],[-12.4151,8.3134],[-12.4105,8.3138],[-12.4076,8.3145],[-12.4044,8.317],[-12.4007,8.317],[-12.3975,8.3168],[-12.3948,8.32],[-12.3948,8.32],[-12.3932,8.323],[-12.3922,8.3255],[-12.392,8.3285],[-12.3918,8.3291],[-12.3911,8.3319],[-12.3879,8.3339],[-12.384,8.336],[-12.3833,8.3368],[-12.381,8.3397],[-12.3795,8.342],[-12.3723,8.3474],[-12.3711,8.3499],[-12.3706,8.3531],[-12.3668,8.3515],[-12.3629,8.35],[-12.3603,8.3499],[-12.3581,8.3515],[-12.3561,8.3525],[-12.3521,8.3545],[-12.3498,8.3538],[-12.3491,8.352],[-12.3462,8.3524],[-12.3445,8.352],[-12.342,8.3504],[-12.3393,8.3465],[-12.3386,8.3447],[-12.3368,8.3417],[-12.3365,8.3412],[-12.3342,8.339],[-12.3326,8.3371],[-12.3306,8.3351],[-12.3262,8.3316],[-12.3229,8.3305],[-12.317,8.3289],[-12.3126,8.3285],[-12.3104,8.3287],[-12.3062,8.3289],[-12.303,8.3284],[-12.3024,8.3282],[-12.301,8.3278],[-12.3001,8.3248],[-12.2996,8.322],[-12.2987,8.3222],[-12.2982,8.3223],[-12.2964,8.322],[-12.2953,8.322],[-12.2941,8.3195],[-12.292,8.3202],[-12.2911,8.3237],[-12.2921,8.3269],[-12.2877,8.3287],[-12.2857,8.331],[-12.2854,8.3341],[-12.2825,8.3369],[-12.2808,8.3372],[-12.2799,8.3399],[-12.2779,8.3422],[-12.2755,8.3451],[-12.2729,8.347],[-12.2702,8.3488],[-12.2672,8.349],[-12.2656,8.3499],[-12.2634,8.3503],[-12.2622,8.3505],[-12.2618,8.3506],[-12.2595,8.3513],[-12.2578,8.3522],[-12.2553,8.3524],[-12.2505,8.3522],[-12.2467,8.3541],[-12.245,8.3495],[-12.2421,8.349],[-12.2396,8.3481],[-12.237,8.3474],[-12.2352,8.3461],[-12.2345,8.3451],[-12.2315,8.3445],[-12.2302,8.3442],[-12.229,8.3451],[-12.227,8.3451],[-12.2265,8.3477],[-12.2236,8.3481],[-12.2221,8.3509],[-12.2194,8.3526],[-12.2193,8.3527],[-12.2189,8.3509],[-12.2156,8.3525],[-12.2141,8.3516],[-12.2115,8.3511],[-12.2086,8.3508],[-12.2056,8.3506],[-12.2035,8.3515],[-12.1997,8.3541],[-12.1967,8.3548],[-12.1926,8.3559],[-12.19,8.3571],[-12.1859,8.3589],[-12.1833,8.3595],[-12.1825,8.3596],[-12.1791,8.3607],[-12.1747,8.3614],[-12.1718,8.3614],[-12.1695,8.3607],[-12.1671,8.3589],[-12.1664,8.3573],[-12.1691,8.3518],[-12.1696,8.3488],[-12.1682,8.3435],[-12.1655,8.339],[-12.1632,8.336],[-12.1606,8.3333],[-12.1579,8.33],[-12.1542,8.3287],[-12.1501,8.3282],[-12.1499,8.3282],[-12.1467,8.3275],[-12.1442,8.3264],[-12.1414,8.3255],[-12.1396,8.3241],[-12.139,8.3237],[-12.1369,8.3221],[-12.1339,8.32],[-12.1339,8.3168],[-12.1343,8.3142],[-12.136,8.3122],[-12.1336,8.3072],[-12.1319,8.3049],[-12.1289,8.3037],[-12.1253,8.3035],[-12.1237,8.303],[-12.1233,8.3014],[-12.1207,8.3012],[-12.1216,8.2991],[-12.1194,8.2987],[-12.1169,8.2978],[-12.1144,8.2973],[-12.1143,8.2973],[-12.1134,8.2965],[-12.1104,8.2939],[-12.1094,8.293],[-12.1079,8.2916],[-12.1049,8.2893],[-12.1026,8.2868],[-12.0992,8.2854],[-12.0992,8.2829],[-12.0965,8.282],[-12.0928,8.2811],[-12.0913,8.2804],[-12.0899,8.2797],[-12.088,8.2795],[-12.0846,8.2776],[-12.0822,8.2767],[-12.0821,8.2764],[-12.0792,8.272],[-12.0803,8.2694],[-12.0791,8.2671],[-12.0785,8.266],[-12.0755,8.2628],[-12.0721,8.2614],[-12.0704,8.2607],[-12.0689,8.2601],[-12.0666,8.2601],[-12.065,8.2614],[-12.0636,8.2609],[-12.0635,8.2608],[-12.0616,8.2589],[-12.0605,8.2578],[-12.0579,8.2553],[-12.0554,8.2541],[-12.0552,8.2523],[-12.0572,8.2511],[-12.0584,8.2504],[-12.0578,8.2497],[-12.057,8.2488],[-12.0557,8.2482],[-12.0513,8.2481],[-12.049,8.2488],[-12.047,8.2493],[-12.0445,8.2505],[-12.0424,8.2504],[-12.0403,8.2502],[-12.0389,8.2497],[-12.038,8.2488],[-12.0367,8.2465],[-12.0357,8.2441],[-12.0342,8.2417],[-12.0341,8.2381],[-12.0319,8.2365],[-12.0301,8.2371],[-12.0295,8.2372],[-12.0292,8.2404],[-12.0308,8.244],[-12.0318,8.2468],[-12.0334,8.2497],[-12.0345,8.2509],[-12.0346,8.251],[-12.0358,8.253],[-12.0358,8.2557],[-12.0347,8.2593],[-12.0331,8.2648],[-12.0329,8.2687],[-12.0336,8.2724],[-12.0366,8.277],[-12.0377,8.2799],[-12.0378,8.2802],[-12.0397,8.2843],[-12.0397,8.2866],[-12.0344,8.2891],[-12.0348,8.2944],[-12.0353,8.2973],[-12.0383,8.2975],[-12.0412,8.2959],[-12.0424,8.2928],[-12.0453,8.2916],[-12.0479,8.2914],[-12.0501,8.2914],[-12.054,8.2937],[-12.0572,8.2999],[-12.0605,8.3092],[-12.0618,8.3108],[-12.0625,8.3117],[-12.0655,8.3131],[-12.0675,8.3159],[-12.0675,8.3189],[-12.0668,8.32],[-12.0662,8.321],[-12.0657,8.3218],[-12.0625,8.3261],[-12.0581,8.3303],[-12.0541,8.3346],[-12.0517,8.3381],[-12.0514,8.34],[-12.0512,8.3413],[-12.0487,8.3444],[-12.0457,8.3476],[-12.0441,8.3515],[-12.0439,8.3555],[-12.0437,8.3593],[-12.0437,8.3596],[-12.0434,8.3625],[-12.043,8.3644],[-12.0395,8.3673],[-12.0361,8.3696],[-12.0359,8.3696],[-12.0345,8.3694],[-12.0345,8.3659],[-12.0361,8.3628],[-12.0358,8.3607],[-12.0342,8.358],[-12.032,8.3575],[-12.0279,8.3579],[-12.0262,8.3616],[-12.0251,8.3666],[-12.0244,8.3703],[-12.0224,8.3717],[-12.0208,8.372],[-12.0203,8.3721],[-12.0171,8.3717],[-12.0128,8.3717],[-12.008,8.3731],[-12.0068,8.376],[-12.0041,8.3817],[-12.0024,8.3842],[-12.0004,8.3882],[-11.9964,8.3914],[-11.9957,8.3875],[-11.9957,8.3788],[-11.9962,8.3762],[-11.9936,8.374],[-11.9909,8.3735],[-11.9879,8.3705],[-11.982,8.3678],[-11.9788,8.3655],[-11.9765,8.3639],[-11.9705,8.3619],[-11.9676,8.3612],[-11.9667,8.3614],[-11.9661,8.3616],[-11.9639,8.3621],[-11.9618,8.3612],[-11.9598,8.3584],[-11.9566,8.36],[-11.9554,8.3575],[-11.953,8.3584],[-11.9509,8.3563],[-11.949,8.3582],[-11.9483,8.3557],[-11.9483,8.3545],[-11.9467,8.355],[-11.945,8.3564],[-11.9434,8.3557],[-11.9428,8.3532],[-11.9418,8.3516],[-11.9395,8.3516],[-11.9386,8.3508],[-11.9366,8.352],[-11.935,8.3504],[-11.9336,8.3497],[-11.9311,8.3488],[-11.9302,8.3509],[-11.9284,8.3505],[-11.9276,8.3502],[-11.9245,8.3515],[-11.9238,8.3538],[-11.9228,8.3561],[-11.9212,8.3547],[-11.9204,8.3568],[-11.9187,8.3577],[-11.9164,8.3582],[-11.9148,8.3605],[-11.9137,8.3603],[-11.9107,8.3602],[-11.9096,8.3586],[-11.9078,8.3587],[-11.905,8.3586],[-11.9027,8.3587],[-11.9004,8.36],[-11.8988,8.36],[-11.8961,8.3589],[-11.8957,8.3586],[-11.8946,8.3575],[-11.8907,8.3554],[-11.8874,8.355],[-11.8859,8.3548],[-11.8823,8.355],[-11.88,8.3557],[-11.8775,8.3545],[-11.8747,8.3545],[-11.8727,8.354],[-11.8708,8.3518],[-11.8687,8.3506],[-11.8656,8.3504],[-11.8625,8.3513],[-11.8578,8.3532],[-11.856,8.355],[-11.8556,8.3554],[-11.8516,8.3596],[-11.8502,8.36],[-11.8484,8.3605],[-11.845,8.3609],[-11.8421,8.3609],[-11.8384,8.3591],[-11.8361,8.3573],[-11.8321,8.3561],[-11.8273,8.3564],[-11.8233,8.3577],[-11.8208,8.3593],[-11.8181,8.363],[-11.8172,8.3683],[-11.8163,8.3719],[-11.8133,8.3751],[-11.8101,8.377],[-11.8058,8.3795],[-11.8032,8.3817],[-11.7986,8.3822],[-11.7967,8.382],[-11.7965,8.382],[-11.7959,8.3828],[-11.7953,8.3836],[-11.7914,8.3818],[-11.7891,8.3834],[-11.7883,8.3872],[-11.7867,8.3888],[-11.7844,8.3888],[-11.7816,8.3923],[-11.78,8.39],[-11.7778,8.3913],[-11.7768,8.3918],[-11.7729,8.3939],[-11.7702,8.3937],[-11.7667,8.3927],[-11.7653,8.3946],[-11.7665,8.3962],[-11.766,8.3989],[-11.7638,8.3994],[-11.7637,8.3969],[-11.7621,8.3966],[-11.761,8.3991],[-11.7622,8.401],[-11.7622,8.4023],[-11.7619,8.4048],[-11.7594,8.406],[-11.7589,8.4028],[-11.7571,8.4035],[-11.756,8.406],[-11.7533,8.4108],[-11.7541,8.4128],[-11.7519,8.4154],[-11.7519,8.4155],[-11.7503,8.4174],[-11.7494,8.4186],[-11.7485,8.4197],[-11.7466,8.4218],[-11.741,8.4222],[-11.7399,8.4256],[-11.7394,8.428],[-11.7392,8.4311],[-11.738,8.433],[-11.7369,8.4346],[-11.7385,8.4369],[-11.7389,8.4389],[-11.7376,8.4405],[-11.7362,8.4401],[-11.7346,8.4394],[-11.733,8.4396],[-11.7325,8.4419],[-11.731,8.4442],[-11.7314,8.4453],[-11.7302,8.4465],[-11.7305,8.4478],[-11.7316,8.4485],[-11.7311,8.4491],[-11.7303,8.4502],[-11.7284,8.4506],[-11.7268,8.452],[-11.727,8.4558],[-11.7271,8.4574],[-11.727,8.459],[-11.7286,8.4606],[-11.7289,8.4622],[-11.7298,8.4638],[-11.7289,8.4669],[-11.7303,8.4689],[-11.7309,8.4712],[-11.7323,8.4723],[-11.7328,8.4732],[-11.7326,8.4764],[-11.7318,8.4787],[-11.7307,8.4808],[-11.7294,8.4835],[-11.7288,8.4834],[-11.7262,8.4828],[-11.7198,8.4792],[-11.7144,8.4773],[-11.7104,8.476],[-11.7041,8.4746],[-11.7016,8.4746],[-11.6997,8.4746],[-11.6978,8.4741],[-11.6954,8.4735],[-11.6908,8.4723],[-11.6862,8.4712],[-11.6816,8.4714],[-11.6747,8.4725],[-11.6706,8.4732],[-11.6651,8.4735],[-11.6603,8.4735],[-11.657,8.4733],[-11.6544,8.4733],[-11.6532,8.4733],[-11.6472,8.4742],[-11.6448,8.4742],[-11.6406,8.4742],[-11.6348,8.4753],[-11.6298,8.4749],[-11.6244,8.4755],[-11.619,8.4774],[-11.6167,8.4781],[-11.6114,8.4801],[-11.6016,8.4851],[-11.5929,8.4888],[-11.5923,8.4888],[-11.5878,8.4886],[-11.583,8.4895],[-11.5826,8.492],[-11.5858,8.4934],[-11.5885,8.4929],[-11.587,8.4977],[-11.5867,8.4991],[-11.5872,8.5016],[-11.5863,8.5043],[-11.5869,8.5071],[-11.5879,8.5117],[-11.5894,8.5153],[-11.5899,8.5188],[-11.589,8.521],[-11.586,8.5227],[-11.586,8.5227],[-11.5817,8.525],[-11.58,8.5272],[-11.58,8.5271],[-11.5767,8.5243],[-11.5742,8.5236],[-11.5713,8.5238],[-11.5671,8.5231],[-11.5594,8.5236],[-11.5512,8.5258],[-11.5429,8.5298],[-11.5396,8.5325],[-11.5361,8.5352],[-11.5328,8.5387],[-11.5272,8.5387],[-11.522,8.538],[-11.5195,8.5377],[-11.5151,8.5371],[-11.511,8.537],[-11.506,8.5355],[-11.4993,8.5361],[-11.4967,8.5355],[-11.4923,8.5345],[-11.4824,8.5398],[-11.482,8.54],[-11.4754,8.5426],[-11.473,8.5429],[-11.4693,8.5433],[-11.4645,8.5469],[-11.4636,8.5473],[-11.4592,8.549],[-11.4509,8.5494],[-11.4505,8.5494],[-11.4423,8.549],[-11.4351,8.5489],[-11.4299,8.5499],[-11.4204,8.5528],[-11.414,8.5528],[-11.411,8.551],[-11.4109,8.551],[-11.408,8.5528],[-11.4023,8.5494],[-11.3996,8.5512],[-11.3959,8.5499],[-11.3925,8.5489],[-11.3881,8.5476],[-11.3872,8.5446],[-11.3856,8.5416],[-11.3877,8.5382],[-11.3847,8.535],[-11.3831,8.5327],[-11.3801,8.5314],[-11.3769,8.5334],[-11.3764,8.5354],[-11.373,8.5357],[-11.3716,8.5373],[-11.3727,8.5401],[-11.3716,8.5425],[-11.3698,8.5433],[-11.3663,8.5442],[-11.3665,8.55],[-11.3665,8.5501],[-11.3649,8.551],[-11.3624,8.548],[-11.3601,8.5481],[-11.3583,8.5506],[-11.3577,8.552],[-11.3574,8.5528],[-11.3565,8.5549],[-11.3558,8.5548],[-11.3546,8.5545],[-11.3523,8.5531],[-11.3505,8.5541],[-11.3485,8.5553],[-11.3453,8.5583],[-11.3435,8.5595],[-11.3413,8.5622],[-11.3393,8.5647],[-11.3395,8.5686],[-11.3395,8.5696],[-11.3396,8.5723],[-11.3368,8.5746],[-11.3384,8.5782],[-11.3382,8.5833],[-11.3395,8.5855],[-11.3404,8.5878],[-11.3415,8.5911],[-11.3408,8.5945],[-11.3422,8.5963],[-11.3429,8.5995],[-11.3454,8.5991],[-11.3458,8.6023],[-11.3459,8.6038],[-11.3463,8.6073],[-11.3495,8.6141],[-11.349,8.6197],[-11.3513,8.621],[-11.3523,8.6244],[-11.3527,8.6272],[-11.3522,8.6306],[-11.3529,8.6318],[-11.35,8.6368],[-11.3507,8.642],[-11.3482,8.6416],[-11.3473,8.6455],[-11.3487,8.6468],[-11.3492,8.6473],[-11.3499,8.6521],[-11.351,8.655],[-11.3512,8.6555],[-11.3507,8.6595],[-11.3526,8.6606],[-11.3575,8.6624],[-11.3614,8.6636],[-11.3634,8.6663],[-11.3637,8.6668],[-11.3658,8.6698],[-11.3687,8.6746],[-11.369,8.6771],[-11.3705,8.681],[-11.3719,8.6839],[-11.3742,8.6869],[-11.3767,8.6901],[-11.3756,8.6928],[-11.3746,8.6954],[-11.3765,8.6985],[-11.3782,8.7],[-11.3783,8.7001],[-11.3785,8.7043],[-11.3794,8.7063],[-11.3813,8.7095],[-11.3833,8.7116],[-11.3813,8.7169],[-11.3829,8.7223],[-11.382,8.7274],[-11.3843,8.7304],[-11.3858,8.7336],[-11.3851,8.7357],[-11.3848,8.7368],[-11.3876,8.7395],[-11.3871,8.742],[-11.3901,8.7427],[-11.3922,8.7438],[-11.3924,8.7445],[-11.3929,8.7471],[-11.3933,8.7493],[-11.3958,8.7519],[-11.3952,8.7548],[-11.3951,8.7557],[-11.3945,8.7592],[-11.3969,8.7672],[-11.3982,8.7714],[-11.3984,8.7722],[-11.4006,8.7741],[-11.4027,8.7757],[-11.405,8.78],[-11.4061,8.782],[-11.4064,8.7852],[-11.4065,8.7871],[-11.4085,8.7885],[-11.4083,8.7919],[-11.411,8.7935],[-11.414,8.7962],[-11.4152,8.8038],[-11.4172,8.8079],[-11.4181,8.8083],[-11.4188,8.8104],[-11.4211,8.8127],[-11.4212,8.8134],[-11.4213,8.8139],[-11.422,8.8178],[-11.4239,8.82],[-11.425,8.8234],[-11.4261,8.8276],[-11.4287,8.8305],[-11.4297,8.8344],[-11.4315,8.8377],[-11.4315,8.8378],[-11.4317,8.8409],[-11.4327,8.8457],[-11.4351,8.8484],[-11.4374,8.8512],[-11.4381,8.8532],[-11.4397,8.8557],[-11.4407,8.8589],[-11.4423,8.8617],[-11.4433,8.8625],[-11.4446,8.8637],[-11.4477,8.8644],[-11.4512,8.8662],[-11.4534,8.8674],[-11.4562,8.869],[-11.4594,8.868],[-11.4635,8.8662],[-11.4669,8.8642],[-11.4725,8.8617],[-11.4761,8.8587],[-11.4798,8.856],[-11.4828,8.8525],[-11.4837,8.8473],[-11.4839,8.8425],[-11.4947,8.8418],[-11.5027,8.8431],[-11.5052,8.8432],[-11.5173,8.844],[-11.526,8.8454],[-11.5302,8.8459],[-11.5361,8.8479],[-11.5417,8.8497],[-11.5469,8.8489],[-11.5536,8.8493],[-11.557,8.8536],[-11.5584,8.8562],[-11.5584,8.8568],[-11.5584,8.8569],[-11.5584,8.8585],[-11.5595,8.8601],[-11.5584,8.8617],[-11.5545,8.8603],[-11.5529,8.861],[-11.5515,8.8601],[-11.5501,8.863],[-11.5522,8.8658],[-11.5515,8.869],[-11.5488,8.8722],[-11.5469,8.8747],[-11.5448,8.8763],[-11.5447,8.8763],[-11.5437,8.8777],[-11.5432,8.8784],[-11.5435,8.8804],[-11.5435,8.8838],[-11.5432,8.8855],[-11.5409,8.8873],[-11.5417,8.89],[-11.5385,8.8902],[-11.5391,8.8913],[-11.5409,8.8944],[-11.5357,8.8942],[-11.5345,8.8967],[-11.534,8.899],[-11.533,8.9002],[-11.5313,8.9019],[-11.5299,8.903],[-11.5294,8.9069],[-11.5292,8.9095],[-11.5278,8.9113],[-11.5239,8.9115],[-11.5225,8.9138],[-11.5205,8.9179],[-11.5191,8.9179],[-11.5198,8.9143],[-11.5203,8.9131],[-11.5186,8.9127],[-11.5162,8.9138],[-11.5139,8.9157],[-11.5125,8.9165],[-11.5095,8.9189],[-11.5088,8.9221],[-11.5079,8.9181],[-11.5114,8.9147],[-11.5097,8.9113],[-11.5083,8.9093],[-11.5036,8.9109],[-11.5004,8.9124],[-11.4997,8.9086],[-11.4981,8.9067],[-11.4951,8.9072],[-11.4939,8.9038],[-11.4917,8.9047],[-11.4914,8.9101],[-11.4892,8.9141],[-11.4907,8.917],[-11.4875,8.9241],[-11.4864,8.9294],[-11.4841,8.9316],[-11.4815,8.9298],[-11.4808,8.9255],[-11.479,8.9248],[-11.4758,8.9218],[-11.4754,8.9224],[-11.4739,8.9248],[-11.4719,8.9278],[-11.473,8.931],[-11.4746,8.9308],[-11.4724,8.9348],[-11.4701,8.9369],[-11.4701,8.939],[-11.4678,8.9433],[-11.4673,8.947],[-11.4684,8.9497],[-11.4666,8.9539],[-11.4657,8.9582],[-11.4645,8.9584],[-11.4632,8.9586],[-11.4604,8.9591],[-11.4602,8.9619],[-11.457,8.9662],[-11.4584,8.9687],[-11.4567,8.9715],[-11.4566,8.9715],[-11.4579,8.9735],[-11.4559,8.9785],[-11.4556,8.9818],[-11.4552,8.9843],[-11.4579,8.9845],[-11.4546,8.9866],[-11.4532,8.9897],[-11.4507,8.9868],[-11.4477,8.9861],[-11.4436,8.9863],[-11.4432,8.9897],[-11.4432,8.9927],[-11.4427,8.9952],[-11.4441,8.9959],[-11.4429,8.9973],[-11.4407,8.9991],[-11.4409,9.0008],[-11.4411,9.0046],[-11.4409,9.0065],[-11.4393,9.0083],[-11.4381,9.0099],[-11.4363,9.014],[-11.4377,9.0149],[-11.4395,9.0159],[-11.4406,9.0179],[-11.44,9.0211],[-11.4398,9.0254],[-11.4414,9.0254],[-11.4427,9.028],[-11.4448,9.0289],[-11.4462,9.0295],[-11.4477,9.0325],[-11.4478,9.0327],[-11.45,9.0353],[-11.4483,9.0396],[-11.4483,9.0407],[-11.4483,9.043],[-11.4486,9.0447],[-11.4451,9.0488],[-11.4455,9.0499],[-11.4462,9.0518],[-11.4451,9.0591],[-11.4444,9.0636],[-11.4446,9.0661],[-11.4463,9.0673],[-11.446,9.0691],[-11.4437,9.0712],[-11.4419,9.0739],[-11.4429,9.0775],[-11.4431,9.0785],[-11.4424,9.081],[-11.4417,9.0844],[-11.4442,9.086],[-11.4437,9.0874],[-11.4437,9.0876],[-11.4429,9.0911],[-11.4423,9.0947],[-11.4436,9.0971],[-11.442,9.0993],[-11.4432,9.1023],[-11.4441,9.1048],[-11.4439,9.1074],[-11.4439,9.1081],[-11.4436,9.1112],[-11.4445,9.1122],[-11.4438,9.114],[-11.4441,9.1156],[-11.4434,9.1185],[-11.4439,9.1217],[-11.4429,9.1234],[-11.4414,9.1252],[-11.4423,9.1277],[-11.4436,9.1284],[-11.4441,9.1297],[-11.4436,9.1332],[-11.4438,9.1353],[-11.4438,9.1394],[-11.4444,9.1417],[-11.4449,9.1456],[-11.4456,9.1492],[-11.4445,9.1509],[-11.4442,9.1513],[-11.4449,9.1535],[-11.4451,9.1561],[-11.4469,9.1579],[-11.447,9.1604],[-11.4483,9.1636],[-11.4505,9.1653],[-11.4506,9.1654],[-11.4526,9.1652],[-11.4524,9.1673],[-11.4547,9.1684],[-11.4552,9.1691],[-11.4563,9.1709],[-11.4563,9.1727],[-11.4579,9.1764],[-11.4591,9.1744],[-11.4609,9.1735],[-11.4627,9.176],[-11.4625,9.1792],[-11.4641,9.1824],[-11.4657,9.1828],[-11.4678,9.1819],[-11.4698,9.184],[-11.4712,9.1846],[-11.4735,9.183],[-11.4751,9.1812],[-11.4781,9.1806],[-11.4792,9.1806],[-11.4815,9.1831],[-11.4818,9.1835],[-11.4833,9.1853],[-11.4844,9.1844],[-11.4863,9.1842],[-11.4861,9.1856],[-11.4879,9.1867],[-11.4902,9.1863],[-11.4907,9.1847],[-11.4918,9.1844],[-11.4947,9.1858],[-11.4966,9.1833],[-11.4987,9.1814],[-11.5,9.1794],[-11.5027,9.1787],[-11.5037,9.1762],[-11.5046,9.1743],[-11.5076,9.1709],[-11.5098,9.1686],[-11.5108,9.1665],[-11.5112,9.1657],[-11.5133,9.1648],[-11.5154,9.1647],[-11.5174,9.1645],[-11.5199,9.1639],[-11.5203,9.1635],[-11.5218,9.1616],[-11.5242,9.16],[-11.5259,9.1618],[-11.5273,9.1636],[-11.5305,9.1616],[-11.5307,9.1615],[-11.5339,9.1577],[-11.5369,9.1554],[-11.5398,9.1551],[-11.5422,9.1545],[-11.5424,9.1517],[-11.5449,9.1515],[-11.5472,9.151],[-11.5502,9.1499],[-11.5518,9.1492],[-11.5539,9.1496],[-11.5555,9.1478],[-11.5576,9.148],[-11.56,9.1504],[-11.5607,9.1508],[-11.5623,9.1515],[-11.5642,9.1501],[-11.5655,9.1474],[-11.5676,9.1428],[-11.569,9.1387],[-11.5697,9.1366],[-11.5742,9.1339],[-11.5775,9.1321],[-11.5797,9.1302],[-11.579,9.1284],[-11.5777,9.1256],[-11.5788,9.1234],[-11.5768,9.1202],[-11.5795,9.1183],[-11.5816,9.1167],[-11.5864,9.1162],[-11.5872,9.1156],[-11.5889,9.1144],[-11.5916,9.1106],[-11.5928,9.109],[-11.5973,9.1048],[-11.6,9.1025],[-11.6043,9.0975],[-11.6062,9.0938],[-11.6096,9.0907],[-11.613,9.086],[-11.6176,9.0829],[-11.6217,9.0799],[-11.6242,9.0767],[-11.6258,9.0748],[-11.6288,9.0717],[-11.6321,9.0696],[-11.6347,9.068],[-11.64,9.0639],[-11.6416,9.0591],[-11.6446,9.0554],[-11.6459,9.0538],[-11.6467,9.0604],[-11.6474,9.0675],[-11.6495,9.0723],[-11.6527,9.079],[-11.657,9.0831],[-11.66,9.0858],[-11.6692,9.0943],[-11.6754,9.0979],[-11.6833,9.1014],[-11.6881,9.1046],[-11.699,9.1074],[-11.7052,9.1092],[-11.7111,9.1112],[-11.7173,9.1135],[-11.7143,9.121],[-11.7128,9.1291],[-11.7137,9.1345],[-11.7109,9.1393],[-11.7108,9.14],[-11.7104,9.144],[-11.7077,9.1478],[-11.7096,9.1508],[-11.7094,9.1518],[-11.7084,9.1558],[-11.7087,9.1609],[-11.7081,9.1654],[-11.7092,9.168],[-11.708,9.1721],[-11.708,9.1755],[-11.7079,9.1757],[-11.7078,9.1803],[-11.7074,9.1851],[-11.7076,9.187],[-11.7078,9.1899],[-11.7058,9.1933],[-11.7062,9.1936],[-11.708,9.1954],[-11.7097,9.1963],[-11.7099,9.1995],[-11.7081,9.2023],[-11.7096,9.2059],[-11.7096,9.2121],[-11.7095,9.2194],[-11.7091,9.2251],[-11.7091,9.2276],[-11.7091,9.2295],[-11.7105,9.2398],[-11.7114,9.2457],[-11.7117,9.2479],[-11.7128,9.2546],[-11.713,9.2563],[-11.7132,9.266],[-11.7133,9.2684],[-11.7127,9.2759],[-11.7135,9.2826],[-11.7154,9.2862],[-11.7171,9.2897],[-11.7177,9.291],[-11.7239,9.2865],[-11.7319,9.2794],[-11.7378,9.2734],[-11.7424,9.2678],[-11.7426,9.2675],[-11.7463,9.2617],[-11.7483,9.2563],[-11.7484,9.2551],[-11.749,9.2508],[-11.7511,9.2451],[-11.7587,9.2446],[-11.7588,9.2446],[-11.7645,9.2439],[-11.7707,9.2451],[-11.7733,9.2451],[-11.778,9.2444],[-11.7817,9.2459],[-11.7867,9.2446],[-11.7891,9.2444],[-11.7927,9.2441],[-11.7964,9.2441],[-11.7971,9.2329],[-11.7967,9.231],[-11.7963,9.2311],[-11.7963,9.229],[-11.7963,9.2239],[-11.7963,9.2162],[-11.7972,9.2102],[-11.7993,9.2072],[-11.8022,9.2051],[-11.8034,9.2042],[-11.8057,9.2025],[-11.8125,9.1999],[-11.8168,9.1931],[-11.8215,9.1858],[-11.8203,9.1802],[-11.8183,9.1707],[-11.8181,9.17],[-11.8193,9.1687],[-11.8249,9.1624],[-11.8334,9.1573],[-11.8343,9.1568],[-11.8382,9.1483],[-11.838,9.1414],[-11.8405,9.1312],[-11.8412,9.1272],[-11.8422,9.1213],[-11.8388,9.1145],[-11.8344,9.109],[-11.8337,9.1081],[-11.83,9.1072],[-11.8269,9.1064],[-11.8196,9.106],[-11.8162,9.1004],[-11.8166,9.091],[-11.8132,9.0829],[-11.8079,9.0794],[-11.8055,9.0778],[-11.7978,9.0744],[-11.7941,9.0732],[-11.7938,9.0731],[-11.7923,9.0727],[-11.7863,9.0731],[-11.7812,9.0688],[-11.773,9.0654],[-11.7652,9.0617],[-11.7641,9.0611],[-11.7638,9.0603],[-11.7624,9.0564],[-11.7679,9.0547],[-11.7678,9.0513],[-11.7676,9.0474],[-11.7675,9.0445],[-11.7685,9.0421],[-11.7688,9.0415],[-11.7743,9.0432],[-11.7794,9.0402],[-11.7803,9.0351],[-11.7803,9.0317],[-11.7846,9.0308],[-11.7867,9.0274],[-11.7883,9.0238],[-11.7891,9.0223],[-11.792,9.0218],[-11.7946,9.021],[-11.7984,9.0201],[-11.7984,9.015],[-11.7993,9.014],[-11.8002,9.0129],[-11.8037,9.0129],[-11.8057,9.0129],[-11.8107,9.0149],[-11.813,9.0159],[-11.8151,9.0184],[-11.8168,9.0218],[-11.8194,9.0261],[-11.8215,9.0287],[-11.8241,9.0274],[-11.8224,9.0235],[-11.8202,9.0197],[-11.8215,9.0167],[-11.8228,9.0176],[-11.8254,9.021],[-11.8296,9.0218],[-11.8308,9.0214],[-11.8322,9.021],[-11.8335,9.0184],[-11.8288,9.0112],[-11.8322,9.0052],[-11.8352,9.0022],[-11.8382,8.9988],[-11.8412,8.9971],[-11.8446,8.9996],[-11.851,9.0013],[-11.8535,9.0001],[-11.8595,8.9966],[-11.8642,8.9945],[-11.8676,8.9915],[-11.8707,8.9881],[-11.8711,8.9877],[-11.8651,8.9825],[-11.867,8.9778],[-11.8676,8.9761],[-11.8706,8.9731],[-11.8787,8.9744],[-11.883,8.974],[-11.8835,8.9737],[-11.8873,8.9719],[-11.8852,8.9663],[-11.8822,8.9646],[-11.88,8.9616],[-11.8805,8.9578],[-11.8792,8.9556],[-11.8779,8.9555],[-11.8745,8.9552],[-11.8715,8.9526],[-11.8717,8.9521],[-11.8728,8.9492],[-11.8749,8.9471],[-11.8698,8.9445],[-11.8705,8.9412],[-11.8715,8.9373],[-11.8723,8.9313],[-11.8726,8.9262],[-11.8727,8.9253],[-11.8734,8.9189],[-11.8726,8.9138],[-11.8726,8.9126],[-11.8726,8.9091],[-11.8726,8.9048],[-11.8696,8.9001],[-11.8683,8.8971],[-11.8691,8.8916],[-11.867,8.883],[-11.867,8.8792],[-11.8713,8.8779],[-11.8713,8.8754],[-11.8713,8.8736],[-11.8713,8.8735],[-11.8751,8.8676],[-11.879,8.8647],[-11.8824,8.8617],[-11.8845,8.86],[-11.8807,8.8557],[-11.8818,8.8513],[-11.8819,8.8506],[-11.8819,8.8463],[-11.8841,8.8424],[-11.8837,8.8386],[-11.8835,8.8367],[-11.8832,8.8331],[-11.8862,8.8275],[-11.8858,8.8211],[-11.8853,8.8181],[-11.8853,8.8181],[-11.8849,8.8155],[-11.8841,8.81],[-11.8822,8.8049],[-11.8839,8.8014],[-11.8847,8.7967],[-11.8813,8.7929],[-11.8792,8.7878],[-11.8809,8.7831],[-11.8814,8.7822],[-11.883,8.7792],[-11.8864,8.7814],[-11.8881,8.7814],[-11.8886,8.7788],[-11.8864,8.775],[-11.8877,8.7698],[-11.8903,8.7664],[-11.8923,8.7652],[-11.8924,8.7651],[-11.8963,8.7639],[-11.8984,8.7609],[-11.9001,8.7575],[-11.9027,8.7528],[-11.9052,8.7523],[-11.9078,8.7549],[-11.9099,8.7545],[-11.9101,8.7539],[-11.9112,8.7498],[-11.9128,8.7485],[-11.9133,8.7481],[-11.9159,8.7481],[-11.9185,8.7502],[-11.9223,8.7481],[-11.927,8.7442],[-11.9302,8.7426],[-11.9321,8.7417],[-11.9352,8.7389],[-11.9356,8.7387],[-11.9407,8.737],[-11.9452,8.7343],[-11.9457,8.734],[-11.9458,8.734],[-11.9475,8.7318],[-11.9484,8.7307],[-11.9488,8.7301],[-11.951,8.7286],[-11.9531,8.7271],[-11.9539,8.7268],[-11.9548,8.7265],[-11.9554,8.7263],[-11.9565,8.7258],[-11.9567,8.7257],[-11.9612,8.7237],[-11.9642,8.7222],[-11.9672,8.7207],[-11.9693,8.7198],[-11.971,8.719],[-11.9714,8.7187],[-11.9753,8.716],[-11.9808,8.7126],[-11.9847,8.7113],[-11.989,8.7092],[-11.9898,8.7088],[-11.9962,8.7062],[-11.9975,8.7028],[-11.9976,8.7024],[-11.9996,8.6977],[-11.9996,8.6934],[-11.9998,8.6895],[-12.0008,8.6878],[-12.0019,8.6857],[-12.0028,8.684],[-12.0041,8.6825],[-12.005,8.6814],[-12.0072,8.6806],[-12.0084,8.6801],[-12.0109,8.6797],[-12.0148,8.6801],[-12.0191,8.6831],[-12.0216,8.6836],[-12.0229,8.6833],[-12.0255,8.6827],[-12.025,8.6861],[-12.0255,8.6883],[-12.028,8.6891],[-12.0302,8.6861],[-12.0323,8.6823],[-12.0344,8.6797],[-12.0383,8.6793],[-12.0398,8.6804],[-12.0413,8.6814],[-12.0404,8.6844],[-12.0396,8.6878],[-12.0404,8.6904],[-12.0442,8.6921],[-12.0489,8.6921],[-12.0528,8.6917],[-12.0558,8.6891],[-12.0583,8.6861],[-12.0598,8.6861],[-12.0601,8.6861],[-12.0618,8.6891],[-12.0626,8.6951],[-12.0618,8.6989],[-12.0601,8.7028],[-12.0635,8.7049],[-12.067,8.7049],[-12.0673,8.7049],[-12.0692,8.7046],[-12.0694,8.7046],[-12.0729,8.7041],[-12.0746,8.6989],[-12.0759,8.6925],[-12.0741,8.6874],[-12.0716,8.6844],[-12.0729,8.681],[-12.0771,8.6819],[-12.081,8.6831],[-12.0845,8.681],[-12.0865,8.6797],[-12.0882,8.679],[-12.0912,8.6776],[-12.0938,8.6754],[-12.0981,8.6754],[-12.1032,8.6742],[-12.1058,8.6682],[-12.1083,8.6643],[-12.1113,8.6635],[-12.1147,8.6639],[-12.116,8.669],[-12.1177,8.6727],[-12.1186,8.6746],[-12.1216,8.6776],[-12.1224,8.6806],[-12.1226,8.6809],[-12.1245,8.6857],[-12.1263,8.6913],[-12.1292,8.6938],[-12.1305,8.6972],[-12.1322,8.7002],[-12.1357,8.7045],[-12.1429,8.7049],[-12.1489,8.7071],[-12.1536,8.7092],[-12.1548,8.7105],[-12.157,8.713],[-12.1613,8.7165],[-12.1641,8.7207],[-12.1645,8.7215],[-12.1669,8.7254],[-12.1675,8.7265],[-12.1699,8.7303],[-12.1747,8.7378],[-12.1778,8.7405],[-12.181,8.7422],[-12.1812,8.7422],[-12.186,8.7392],[-12.1887,8.7361],[-12.1911,8.7334],[-12.1935,8.7289],[-12.1959,8.7252],[-12.1989,8.7231],[-12.2051,8.7228],[-12.2068,8.7252],[-12.2099,8.7289],[-12.2136,8.7289],[-12.2174,8.7265],[-12.2205,8.7238],[-12.2215,8.7211],[-12.2205,8.7146],[-12.2259,8.7146],[-12.23,8.7156],[-12.2328,8.718],[-12.2369,8.72],[-12.2406,8.7214],[-12.243,8.7238],[-12.2446,8.7252],[-12.2461,8.7265],[-12.2478,8.7296],[-12.2489,8.7311],[-12.2495,8.732],[-12.2509,8.7364],[-12.2529,8.7402],[-12.2557,8.7436],[-12.2587,8.7467],[-12.2618,8.744],[-12.2632,8.7395],[-12.2622,8.7344],[-12.2622,8.7299],[-12.2622,8.7265],[-12.2628,8.7214],[-12.2634,8.7203],[-12.2646,8.7176],[-12.2673,8.7149],[-12.2697,8.7129],[-12.2708,8.7126],[-12.2738,8.7118],[-12.2782,8.7108],[-12.2803,8.7135],[-12.281,8.718],[-12.2792,8.7207],[-12.2751,8.7217],[-12.2724,8.7228],[-12.271,8.7262],[-12.2707,8.73],[-12.2707,8.7303],[-12.2714,8.7358],[-12.2717,8.7405],[-12.2687,8.744],[-12.2659,8.747],[-12.268,8.7504],[-12.2686,8.7508],[-12.27,8.7515],[-12.2731,8.7524],[-12.2734,8.7525],[-12.2782,8.7518],[-12.282,8.7491],[-12.2844,8.7457],[-12.2874,8.7446],[-12.2909,8.7467],[-12.2933,8.7487],[-12.2939,8.7522],[-12.295,8.7556],[-12.297,8.7593],[-12.3008,8.761],[-12.3042,8.761],[-12.3062,8.7583],[-12.3079,8.7545],[-12.3086,8.7511],[-12.3093,8.7477],[-12.3097,8.7422],[-12.3107,8.7381],[-12.3133,8.7338],[-12.3138,8.733],[-12.3175,8.7313],[-12.3205,8.7301],[-12.3215,8.7285],[-12.3226,8.7266],[-12.3242,8.7238],[-12.3234,8.7214],[-12.3213,8.7199],[-12.3177,8.7183],[-12.3151,8.7176],[-12.3138,8.7162],[-12.3148,8.7126],[-12.3163,8.7097],[-12.3192,8.7071],[-12.3219,8.7079],[-12.3253,8.7102],[-12.3276,8.7131],[-12.3297,8.7157],[-12.3323,8.7194],[-12.3341,8.7194],[-12.3347,8.7175],[-12.3344,8.7154],[-12.3343,8.7134],[-12.3343,8.7105],[-12.3345,8.7102],[-12.3365,8.7082],[-12.3394,8.7061],[-12.3432,8.7034],[-12.3454,8.7016],[-12.3496,8.6985],[-12.3515,8.697],[-12.3535,8.6961],[-12.3555,8.6958],[-12.3561,8.6957],[-12.3601,8.694],[-12.3638,8.6928],[-12.3646,8.693],[-12.3658,8.6931],[-12.3674,8.6933],[-12.3718,8.6957],[-12.3747,8.6982],[-12.3771,8.7011],[-12.377,8.7056],[-12.3782,8.7071],[-12.3783,8.7072],[-12.3818,8.704],[-12.3851,8.7006],[-12.3843,8.6969],[-12.3836,8.6927],[-12.3852,8.6881],[-12.3885,8.6844],[-12.389,8.6837],[-12.3914,8.6803],[-12.3901,8.6768],[-12.3885,8.6735],[-12.3883,8.6701],[-12.3898,8.6682],[-12.3899,8.6682],[-12.3924,8.6685],[-12.3958,8.6692],[-12.4011,8.6682],[-12.3983,8.661],[-12.397,8.6583],[-12.3962,8.6552],[-12.3946,8.6521],[-12.3944,8.6519],[-12.3926,8.6499],[-12.39,8.6474],[-12.3873,8.6463],[-12.384,8.6463],[-12.3805,8.6448],[-12.3782,8.6431],[-12.3769,8.6424],[-12.3749,8.6414],[-12.3735,8.6406],[-12.3711,8.6397],[-12.3685,8.6398],[-12.3674,8.6397],[-12.3651,8.6395],[-12.3623,8.6387],[-12.362,8.6386],[-12.36,8.6384],[-12.3581,8.6375],[-12.3568,8.6367],[-12.354,8.6353],[-12.3516,8.6325],[-12.3493,8.6311],[-12.3471,8.6299],[-12.3451,8.6302],[-12.3443,8.6302],[-12.3419,8.6311],[-12.339,8.6319],[-12.3365,8.6325],[-12.3334,8.633],[-12.3302,8.6333],[-12.3283,8.6327],[-12.327,8.6311],[-12.3273,8.6288],[-12.3275,8.6259],[-12.3281,8.6226],[-12.3278,8.6186],[-12.3276,8.6175],[-12.3273,8.6163],[-12.3269,8.6139],[-12.3267,8.6124],[-12.3264,8.6105],[-12.3262,8.6099],[-12.3253,8.6064],[-12.3232,8.6042],[-12.3212,8.6003],[-12.3193,8.5977],[-12.3184,8.597],[-12.3176,8.5964],[-12.315,8.5957],[-12.3128,8.5947],[-12.3103,8.5928],[-12.3076,8.5913],[-12.3058,8.5901],[-12.3052,8.5897],[-12.301,8.5881],[-12.2997,8.5857],[-12.2996,8.5855],[-12.2976,8.5832],[-12.2954,8.5802],[-12.2936,8.5782],[-12.2915,8.5761],[-12.2903,8.5745],[-12.2901,8.5742],[-12.2901,8.574],[-12.2907,8.5725],[-12.2924,8.5714],[-12.2945,8.5711],[-12.2941,8.5691],[-12.2955,8.5675],[-12.296,8.5651],[-12.2971,8.5612],[-12.2997,8.5573],[-12.3018,8.5555],[-12.3048,8.5557],[-12.3072,8.5537],[-12.3097,8.5529],[-12.3138,8.5502],[-12.317,8.5484],[-12.3198,8.5471],[-12.3204,8.5461],[-12.3219,8.544],[-12.3227,8.5411],[-12.3253,8.5411],[-12.3269,8.5427],[-12.3283,8.5437],[-12.3301,8.544],[-12.3334,8.5442],[-12.3346,8.5435],[-12.3356,8.5429],[-12.3384,8.5401],[-12.341,8.538],[-12.3436,8.5353],[-12.3483,8.5309],[-12.3513,8.5283],[-12.3514,8.5282],[-12.3557,8.5244],[-12.3586,8.5205],[-12.3639,8.5162],[-12.3646,8.5156],[-12.368,8.5122],[-12.3707,8.509],[-12.3743,8.5056],[-12.3773,8.5042],[-12.3809,8.5025],[-12.3843,8.5011],[-12.389,8.4993],[-12.3925,8.497],[-12.3949,8.4965],[-12.3967,8.496],[-12.4014,8.4947],[-12.4084,8.4928],[-12.4096,8.4925],[-12.4114,8.4914],[-12.4123,8.4908],[-12.4178,8.49],[-12.4241,8.4895],[-12.4318,8.4897],[-12.4355,8.4901],[-12.4367,8.4902],[-12.4416,8.4904],[-12.4416,8.4903],[-12.4458,8.4895],[-12.4459,8.4895],[-12.4482,8.4879],[-12.4488,8.4875],[-12.4515,8.4853],[-12.4542,8.4835],[-12.4584,8.4824],[-12.462,8.4805],[-12.4637,8.4799],[-12.4652,8.4793],[-12.4737,8.4756],[-12.4744,8.4753],[-12.4772,8.4732],[-12.4807,8.4716],[-12.484,8.4701],[-12.4852,8.4694],[-12.487,8.4685],[-12.4921,8.4656],[-12.4969,8.463],[-12.4998,8.4613],[-12.5028,8.4606],[-12.5029,8.4605],[-12.5062,8.4589],[-12.5069,8.4587],[-12.5102,8.4576],[-12.5157,8.4565],[-12.5216,8.4555],[-12.5218,8.4554],[-12.5231,8.455],[-12.5234,8.4549],[-12.5289,8.4539],[-12.5323,8.454],[-12.5351,8.4531],[-12.5353,8.4503],[-12.5353,8.4482],[-12.5355,8.4474],[-12.5364,8.4446],[-12.5379,8.4417],[-12.5385,8.4388],[-12.5417,8.4336],[-12.5443,8.4336],[-12.5456,8.4322],[-12.5463,8.4326],[-12.5489,8.4341],[-12.5512,8.4357],[-12.5533,8.4378],[-12.5546,8.4398],[-12.5576,8.4396],[-12.5599,8.4399],[-12.5609,8.4409],[-12.5615,8.4433],[-12.5623,8.4438],[-12.5627,8.444],[-12.5654,8.445],[-12.5661,8.4487],[-12.5662,8.4501],[-12.5664,8.4527],[-12.5684,8.457],[-12.5691,8.4594],[-12.5695,8.461],[-12.5704,8.4644],[-12.5757,8.4647],[-12.5774,8.4661],[-12.5775,8.4662],[-12.5798,8.4683],[-12.5797,8.4693],[-12.5796,8.4722],[-12.5807,8.4751],[-12.5809,8.478],[-12.5822,8.4819],[-12.5841,8.4837],[-12.5861,8.4857],[-12.5893,8.489],[-12.5893,8.4891],[-12.5913,8.4882],[-12.5932,8.4897],[-12.5955,8.4905],[-12.5984,8.4926],[-12.6009,8.4961],[-12.6015,8.497],[-12.6017,8.4966],[-12.6043,8.4927],[-12.6044,8.4925],[-12.6054,8.4887],[-12.6067,8.4847],[-12.6083,8.4782],[-12.6094,8.475],[-12.6107,8.4719],[-12.6109,8.4707],[-12.611,8.4699],[-12.6112,8.4683],[-12.6115,8.4634],[-12.6118,8.4581],[-12.6124,8.4529],[-12.6136,8.4489],[-12.615,8.4453],[-12.6159,8.443],[-12.6165,8.4416],[-12.6165,8.4391],[-12.6168,8.4343],[-12.6169,8.4338],[-12.6173,8.4299],[-12.6179,8.427],[-12.6186,8.4244],[-12.6223,8.42],[-12.6246,8.4169],[-12.6247,8.4167],[-12.6252,8.4158],[-12.627,8.4127],[-12.6285,8.4106],[-12.6299,8.4077],[-12.6314,8.4028],[-12.6312,8.4003],[-12.6311,8.3994],[-12.6317,8.3962],[-12.6325,8.3931],[-12.6326,8.3894],[-12.6327,8.3879],[-12.6323,8.3853],[-12.632,8.383],[-12.6321,8.3818],[-12.6326,8.3785],[-12.6334,8.3751],[-12.6344,8.3735],[-12.6352,8.3717],[-12.6368,8.3706],[-12.6389,8.3706],[-12.6401,8.3707],[-12.6414,8.3701],[-12.6453,8.3676],[-12.6467,8.3676]]]}},{"type":"Feature","properties":{"districtId":"kono","name":"Kono"},"geometry":{"type":"Polygon","coordinates":[[[-10.6434,8.4543],[-10.6422,8.4534],[-10.6415,8.4554],[-10.6405,8.4578],[-10.6405,8.4609],[-10.6421,8.4637],[-10.6387,8.4671],[-10.6399,8.4698],[-10.6423,8.4723],[-10.6405,8.4751],[-10.6348,8.4754],[-10.632,8.4779],[-10.6316,8.481],[-10.6324,8.4826],[-10.6336,8.4854],[-10.6338,8.4884],[-10.6327,8.4909],[-10.6237,8.4867],[-10.6202,8.4916],[-10.6217,8.4928],[-10.6204,8.496],[-10.6212,8.4975],[-10.6261,8.501],[-10.6271,8.5051],[-10.6258,8.5089],[-10.6225,8.5135],[-10.622,8.5182],[-10.62,8.5277],[-10.6152,8.5305],[-10.6137,8.533],[-10.6132,8.5354],[-10.6149,8.5382],[-10.6146,8.5419],[-10.6119,8.5455],[-10.6094,8.5421],[-10.6091,8.5422],[-10.6074,8.5431],[-10.6047,8.5461],[-10.6006,8.5456],[-10.5961,8.5474],[-10.5935,8.55],[-10.5926,8.5543],[-10.5901,8.5606],[-10.5895,8.5629],[-10.5871,8.5673],[-10.5849,8.5705],[-10.5792,8.574],[-10.5768,8.5722],[-10.5741,8.5727],[-10.5743,8.579],[-10.5729,8.5832],[-10.5737,8.586],[-10.573,8.5898],[-10.5748,8.5926],[-10.5757,8.5957],[-10.5752,8.5975],[-10.5722,8.5991],[-10.569,8.6024],[-10.5671,8.602],[-10.5661,8.6015],[-10.5644,8.601],[-10.5633,8.6001],[-10.562,8.5993],[-10.5605,8.5988],[-10.5596,8.5992],[-10.5592,8.6005],[-10.5593,8.6013],[-10.559,8.6025],[-10.5591,8.6031],[-10.5592,8.6038],[-10.5586,8.6042],[-10.558,8.6042],[-10.5573,8.6037],[-10.5567,8.6035],[-10.5555,8.6033],[-10.5543,8.6037],[-10.5533,8.6046],[-10.5517,8.6068],[-10.5506,8.6072],[-10.5503,8.6074],[-10.5492,8.6073],[-10.5474,8.6069],[-10.546,8.6074],[-10.5449,8.6082],[-10.5438,8.609],[-10.543,8.6103],[-10.5425,8.612],[-10.5421,8.6139],[-10.5414,8.6149],[-10.5402,8.6153],[-10.5391,8.6154],[-10.5378,8.6162],[-10.5376,8.6162],[-10.5363,8.6165],[-10.5353,8.6165],[-10.5339,8.6161],[-10.5321,8.6152],[-10.5311,8.6149],[-10.5294,8.6153],[-10.5275,8.6159],[-10.5255,8.6167],[-10.5234,8.6179],[-10.5217,8.6196],[-10.5199,8.6199],[-10.518,8.6187],[-10.5162,8.6156],[-10.5122,8.6143],[-10.5107,8.6161],[-10.5095,8.6206],[-10.5043,8.6223],[-10.504,8.6224],[-10.4963,8.6249],[-10.4932,8.6255],[-10.4914,8.6273],[-10.493,8.6302],[-10.4923,8.6322],[-10.4901,8.6348],[-10.4877,8.6358],[-10.485,8.6375],[-10.4793,8.6405],[-10.4777,8.6453],[-10.4742,8.6464],[-10.4713,8.649],[-10.4711,8.6507],[-10.4726,8.6532],[-10.4764,8.6568],[-10.4741,8.6588],[-10.4729,8.6599],[-10.4723,8.6612],[-10.472,8.6623],[-10.4725,8.6676],[-10.47,8.6714],[-10.4683,8.6726],[-10.4659,8.6699],[-10.4648,8.6722],[-10.4663,8.6741],[-10.4661,8.6752],[-10.4651,8.677],[-10.4651,8.6791],[-10.4663,8.6806],[-10.4699,8.6828],[-10.4721,8.6868],[-10.4748,8.6837],[-10.477,8.6831],[-10.4766,8.6858],[-10.4754,8.689],[-10.4761,8.6927],[-10.4743,8.6943],[-10.4755,8.6957],[-10.4775,8.695],[-10.4781,8.6949],[-10.479,8.695],[-10.4799,8.6956],[-10.4805,8.697],[-10.4809,8.6981],[-10.481,8.699],[-10.4815,8.6997],[-10.4827,8.6995],[-10.483,8.6989],[-10.4837,8.6991],[-10.4838,8.7],[-10.4838,8.7005],[-10.4837,8.7012],[-10.4839,8.7019],[-10.4841,8.7025],[-10.4848,8.703],[-10.4852,8.7035],[-10.4862,8.7043],[-10.4874,8.705],[-10.4895,8.7073],[-10.4921,8.7062],[-10.495,8.7059],[-10.495,8.7085],[-10.4938,8.7099],[-10.4934,8.7123],[-10.4979,8.7111],[-10.4994,8.7124],[-10.4997,8.7139],[-10.4994,8.715],[-10.4988,8.7162],[-10.4981,8.7164],[-10.4971,8.7165],[-10.4966,8.7166],[-10.4964,8.7174],[-10.4964,8.718],[-10.4964,8.7187],[-10.4964,8.7194],[-10.4964,8.7204],[-10.4964,8.7214],[-10.4962,8.7224],[-10.4959,8.7234],[-10.4959,8.7239],[-10.496,8.7244],[-10.4969,8.7249],[-10.4974,8.7253],[-10.4981,8.7254],[-10.4993,8.7257],[-10.5009,8.7264],[-10.5014,8.7277],[-10.5014,8.7284],[-10.5019,8.7292],[-10.503,8.7302],[-10.5042,8.7315],[-10.5051,8.7335],[-10.5059,8.736],[-10.5043,8.7395],[-10.5009,8.7407],[-10.4974,8.7398],[-10.4957,8.7414],[-10.4971,8.7432],[-10.5005,8.7435],[-10.5045,8.7412],[-10.5064,8.7416],[-10.5078,8.7431],[-10.5099,8.7424],[-10.5107,8.7405],[-10.5118,8.7413],[-10.5114,8.7422],[-10.5114,8.743],[-10.5117,8.7439],[-10.5115,8.7448],[-10.5107,8.7456],[-10.5099,8.7462],[-10.5099,8.7468],[-10.5099,8.7475],[-10.5109,8.7487],[-10.5111,8.7493],[-10.5116,8.7509],[-10.5121,8.7527],[-10.5124,8.7545],[-10.5124,8.7553],[-10.5124,8.7562],[-10.5122,8.757],[-10.5124,8.7581],[-10.5124,8.7587],[-10.5129,8.7595],[-10.5146,8.7634],[-10.516,8.768],[-10.517,8.7736],[-10.5188,8.7786],[-10.5194,8.7828],[-10.5219,8.7847],[-10.5239,8.7845],[-10.5248,8.7867],[-10.5268,8.7876],[-10.5284,8.7876],[-10.5305,8.7893],[-10.5322,8.7906],[-10.5324,8.7914],[-10.5325,8.7924],[-10.5335,8.7935],[-10.5347,8.7948],[-10.536,8.7946],[-10.5367,8.795],[-10.5371,8.7955],[-10.537,8.7965],[-10.537,8.797],[-10.5368,8.7979],[-10.5367,8.7983],[-10.5375,8.7988],[-10.5388,8.7993],[-10.5396,8.7999],[-10.5397,8.8005],[-10.5397,8.8013],[-10.5397,8.8019],[-10.5397,8.8026],[-10.5406,8.8034],[-10.5413,8.8038],[-10.5425,8.8041],[-10.5432,8.8041],[-10.544,8.8039],[-10.5444,8.8032],[-10.5445,8.8025],[-10.5453,8.802],[-10.547,8.8015],[-10.5475,8.8015],[-10.5481,8.8013],[-10.5487,8.8008],[-10.5487,8.7999],[-10.5487,8.7992],[-10.5487,8.7988],[-10.5493,8.7983],[-10.55,8.7986],[-10.5507,8.7999],[-10.551,8.8012],[-10.5514,8.8021],[-10.5521,8.8028],[-10.5534,8.8039],[-10.5541,8.8047],[-10.555,8.8053],[-10.5565,8.8052],[-10.5579,8.8047],[-10.5591,8.804],[-10.56,8.8038],[-10.5608,8.804],[-10.5609,8.8056],[-10.5602,8.8067],[-10.5596,8.808],[-10.5589,8.8093],[-10.5591,8.8104],[-10.5595,8.8115],[-10.5606,8.8128],[-10.5616,8.8149],[-10.5618,8.816],[-10.5607,8.8173],[-10.5597,8.8182],[-10.5582,8.8198],[-10.5575,8.8215],[-10.5587,8.823],[-10.5576,8.8243],[-10.5591,8.8269],[-10.5583,8.8285],[-10.5592,8.829],[-10.5597,8.8305],[-10.5589,8.8329],[-10.5597,8.8355],[-10.5589,8.8385],[-10.5597,8.8429],[-10.5589,8.8449],[-10.5597,8.8459],[-10.5616,8.8466],[-10.5612,8.8499],[-10.5617,8.8541],[-10.5637,8.8544],[-10.5636,8.8557],[-10.5632,8.8565],[-10.5631,8.8577],[-10.5637,8.859],[-10.5647,8.8596],[-10.5653,8.8596],[-10.5661,8.861],[-10.5665,8.8624],[-10.5665,8.8643],[-10.5666,8.8656],[-10.5667,8.8663],[-10.5668,8.8666],[-10.5669,8.8673],[-10.5676,8.8692],[-10.5676,8.8701],[-10.568,8.8703],[-10.5684,8.8705],[-10.5694,8.8713],[-10.5701,8.8723],[-10.5703,8.8733],[-10.5711,8.8755],[-10.5708,8.8766],[-10.5701,8.8772],[-10.5701,8.8778],[-10.5705,8.8788],[-10.5703,8.8794],[-10.5693,8.8796],[-10.5692,8.8806],[-10.5699,8.8818],[-10.5704,8.8824],[-10.5707,8.8835],[-10.5708,8.884],[-10.571,8.8848],[-10.5711,8.8855],[-10.5714,8.8861],[-10.5718,8.8865],[-10.5723,8.8864],[-10.5728,8.8852],[-10.5734,8.8854],[-10.5741,8.8862],[-10.5745,8.8869],[-10.5746,8.8876],[-10.5744,8.8885],[-10.5739,8.8894],[-10.5736,8.8896],[-10.5736,8.8903],[-10.5744,8.8908],[-10.5752,8.8915],[-10.5759,8.892],[-10.5759,8.8931],[-10.5759,8.8944],[-10.5755,8.8956],[-10.5751,8.8965],[-10.5751,8.8974],[-10.5755,8.898],[-10.5759,8.8988],[-10.5757,8.9001],[-10.5748,8.902],[-10.5746,8.9031],[-10.5745,8.9035],[-10.5741,8.9048],[-10.5747,8.9059],[-10.5745,8.9068],[-10.5735,8.9078],[-10.5733,8.9084],[-10.5739,8.9099],[-10.5742,8.9107],[-10.5742,8.9114],[-10.5751,8.9124],[-10.5755,8.9137],[-10.5752,8.9152],[-10.5749,8.916],[-10.5749,8.9167],[-10.5751,8.9183],[-10.5751,8.9198],[-10.5754,8.9212],[-10.5756,8.9217],[-10.5762,8.9221],[-10.5773,8.9226],[-10.5779,8.9235],[-10.578,8.9243],[-10.5779,8.925],[-10.5779,8.9253],[-10.5781,8.9261],[-10.5782,8.927],[-10.5772,8.9293],[-10.5795,8.9312],[-10.582,8.9318],[-10.5811,8.9332],[-10.583,8.9369],[-10.5828,8.9395],[-10.5843,8.9408],[-10.5825,8.9417],[-10.5838,8.9427],[-10.5834,8.9451],[-10.5853,8.9527],[-10.5858,8.9535],[-10.5862,8.9544],[-10.587,8.9557],[-10.5877,8.9567],[-10.588,8.9574],[-10.5885,8.9569],[-10.5894,8.957],[-10.5894,8.9578],[-10.5893,8.9582],[-10.5891,8.959],[-10.5882,8.9594],[-10.5873,8.9594],[-10.5869,8.9594],[-10.586,8.9592],[-10.5853,8.9592],[-10.5851,8.96],[-10.5851,8.9606],[-10.5853,8.9611],[-10.5855,8.9619],[-10.5855,8.9625],[-10.5853,8.9638],[-10.586,8.9641],[-10.5866,8.9636],[-10.5878,8.9634],[-10.5884,8.964],[-10.5887,8.9654],[-10.5889,8.9665],[-10.589,8.9676],[-10.5886,8.9686],[-10.5881,8.9696],[-10.5885,8.9711],[-10.5892,8.9719],[-10.5894,8.9733],[-10.5893,8.9743],[-10.5901,8.9756],[-10.5902,8.9769],[-10.5897,8.9781],[-10.5903,8.9791],[-10.5901,8.9799],[-10.59,8.981],[-10.5895,8.9825],[-10.5896,8.9841],[-10.5906,8.9856],[-10.591,8.9872],[-10.5916,8.9889],[-10.5916,8.9905],[-10.5914,8.9922],[-10.591,8.9937],[-10.5901,8.9947],[-10.5901,8.9954],[-10.59,8.9963],[-10.5897,8.9972],[-10.5886,8.9978],[-10.5888,8.9986],[-10.5881,8.9993],[-10.5877,9.0004],[-10.5871,9.0004],[-10.5861,9.0005],[-10.5861,9.0015],[-10.5861,9.0025],[-10.586,9.0035],[-10.587,9.0036],[-10.5883,9.0045],[-10.589,9.0058],[-10.5891,9.0073],[-10.5892,9.0082],[-10.5877,9.0122],[-10.5847,9.0127],[-10.5825,9.0138],[-10.5832,9.0159],[-10.5801,9.015],[-10.5795,9.0177],[-10.5809,9.0208],[-10.5813,9.0231],[-10.5798,9.0255],[-10.5799,9.0279],[-10.5813,9.0298],[-10.5801,9.0312],[-10.5778,9.0335],[-10.5778,9.0355],[-10.5769,9.0378],[-10.5754,9.0392],[-10.5751,9.0417],[-10.5734,9.044],[-10.5734,9.0459],[-10.5766,9.0462],[-10.5784,9.0469],[-10.5803,9.0463],[-10.585,9.044],[-10.5874,9.0437],[-10.5888,9.0427],[-10.5924,9.0421],[-10.5958,9.0416],[-10.5974,9.0414],[-10.6002,9.0416],[-10.6025,9.0419],[-10.6041,9.042],[-10.6069,9.0412],[-10.6087,9.0407],[-10.6098,9.0408],[-10.6153,9.0414],[-10.622,9.042],[-10.626,9.0367],[-10.6288,9.0349],[-10.6313,9.0334],[-10.6359,9.0294],[-10.6419,9.0248],[-10.6469,9.0235],[-10.6498,9.0228],[-10.6566,9.0214],[-10.6598,9.0208],[-10.6633,9.0201],[-10.673,9.0181],[-10.6767,9.0163],[-10.6783,9.0155],[-10.679,9.009],[-10.679,9.0089],[-10.6804,9.0089],[-10.6823,9.0089],[-10.6843,9.0022],[-10.6835,8.9994],[-10.6823,8.9949],[-10.6832,8.9926],[-10.687,8.9823],[-10.6943,8.9717],[-10.6943,8.9689],[-10.6943,8.9658],[-10.687,8.9651],[-10.679,8.9631],[-10.6767,8.9594],[-10.675,8.9565],[-10.675,8.9559],[-10.674,8.9471],[-10.6741,8.9443],[-10.6744,8.9399],[-10.6737,8.9366],[-10.6737,8.9359],[-10.6737,8.9346],[-10.6763,8.9348],[-10.6826,8.9353],[-10.6903,8.9359],[-10.6919,8.9359],[-10.7001,8.9359],[-10.7029,8.9359],[-10.7063,8.9356],[-10.7116,8.9351],[-10.7168,8.9346],[-10.7214,8.9331],[-10.7287,8.9306],[-10.7359,8.9327],[-10.738,8.9333],[-10.74,8.9372],[-10.7407,8.9386],[-10.748,8.9366],[-10.7536,8.9337],[-10.7556,8.9326],[-10.7609,8.9346],[-10.7688,8.9399],[-10.7761,8.9399],[-10.7814,8.9439],[-10.7852,8.9436],[-10.7864,8.9435],[-10.7901,8.9432],[-10.796,8.9379],[-10.7998,8.9337],[-10.8031,8.9339],[-10.8044,8.934],[-10.8063,8.9341],[-10.8066,8.9339],[-10.8076,8.9341],[-10.8153,8.9353],[-10.8165,8.9353],[-10.8259,8.9359],[-10.8309,8.9369],[-10.8365,8.9379],[-10.8384,8.9405],[-10.8387,8.941],[-10.8428,8.9465],[-10.8436,8.9473],[-10.8448,8.9481],[-10.8472,8.9487],[-10.8485,8.9491],[-10.8494,8.9503],[-10.85,8.9516],[-10.8513,8.9527],[-10.853,8.9526],[-10.8548,8.9526],[-10.8571,8.9519],[-10.859,8.951],[-10.8604,8.9503],[-10.862,8.9494],[-10.8633,8.9491],[-10.8642,8.9486],[-10.8654,8.9486],[-10.8659,8.9477],[-10.8667,8.9475],[-10.8675,8.9483],[-10.8684,8.9489],[-10.869,8.9486],[-10.8703,8.9488],[-10.8707,8.9496],[-10.8707,8.9496],[-10.872,8.9498],[-10.873,8.9492],[-10.8736,8.9487],[-10.8744,8.948],[-10.8753,8.9477],[-10.876,8.9488],[-10.8757,8.95],[-10.8756,8.9511],[-10.8754,8.9519],[-10.8756,8.9536],[-10.8756,8.9536],[-10.8765,8.954],[-10.8776,8.9545],[-10.8808,8.956],[-10.8832,8.9582],[-10.8854,8.9612],[-10.8873,8.9637],[-10.89,8.967],[-10.8916,8.969],[-10.8936,8.9715],[-10.8959,8.9736],[-10.897,8.9744],[-10.8977,8.9745],[-10.8988,8.9729],[-10.9021,8.9688],[-10.9056,8.9646],[-10.9081,8.962],[-10.9095,8.9605],[-10.9114,8.9577],[-10.9125,8.9576],[-10.9135,8.9584],[-10.9138,8.959],[-10.9149,8.9602],[-10.9154,8.9614],[-10.9162,8.9618],[-10.9173,8.9625],[-10.9182,8.9635],[-10.9183,8.9641],[-10.92,8.9658],[-10.9204,8.9672],[-10.9213,8.9683],[-10.922,8.9695],[-10.9232,8.9716],[-10.9242,8.972],[-10.9249,8.9732],[-10.9251,8.9741],[-10.9256,8.9751],[-10.9259,8.9764],[-10.9267,8.9769],[-10.9277,8.9781],[-10.9291,8.9795],[-10.9302,8.981],[-10.9308,8.9822],[-10.9308,8.9831],[-10.9317,8.9848],[-10.9319,8.9858],[-10.9313,8.9864],[-10.932,8.9876],[-10.924,8.9963],[-10.9209,9.0002],[-10.9143,9.0086],[-10.9141,9.0089],[-10.9183,9.0113],[-10.9203,9.0125],[-10.928,9.0168],[-10.9373,9.0241],[-10.9535,9.0301],[-10.963,9.0358],[-10.9635,9.0361],[-10.9714,9.0387],[-10.9739,9.0399],[-10.9946,9.0506],[-10.9984,9.0544],[-11.0037,9.0597],[-11.0046,9.0606],[-11.0049,9.0604],[-11.0053,9.0602],[-11.0057,9.06],[-11.0062,9.0597],[-11.0067,9.0594],[-11.0119,9.0566],[-11.0142,9.0578],[-11.0384,9.0699],[-11.0457,9.0738],[-11.0479,9.0747],[-11.0556,9.0778],[-11.0571,9.0776],[-11.0643,9.0765],[-11.0735,9.0758],[-11.0754,9.0744],[-11.076,9.0738],[-11.0796,9.071],[-11.0802,9.0705],[-11.0822,9.0626],[-11.083,9.0629],[-11.0914,9.0666],[-11.0932,9.0671],[-11.0961,9.0679],[-11.1016,9.0679],[-11.1047,9.0679],[-11.1113,9.0606],[-11.1158,9.055],[-11.1166,9.054],[-11.1219,9.0447],[-11.1219,9.0442],[-11.1219,9.0387],[-11.1225,9.0333],[-11.1226,9.0327],[-11.1227,9.0325],[-11.1272,9.0228],[-11.1352,9.0155],[-11.1359,9.0095],[-11.1355,9.0084],[-11.1332,9.0002],[-11.1292,9.0002],[-11.1253,8.9963],[-11.125,8.9923],[-11.1248,8.9897],[-11.1248,8.9895],[-11.1246,8.9863],[-11.1239,8.9784],[-11.1244,8.9776],[-11.1272,8.9731],[-11.1365,8.9678],[-11.1365,8.9677],[-11.1445,8.9644],[-11.1456,8.96],[-11.1465,8.9565],[-11.146,8.9533],[-11.1458,8.9524],[-11.1451,8.9479],[-11.1456,8.947],[-11.1495,8.9399],[-11.1574,8.9346],[-11.1637,8.9226],[-11.164,8.922],[-11.1646,8.9227],[-11.1674,8.9261],[-11.17,8.9293],[-11.1742,8.9349],[-11.176,8.9373],[-11.1899,8.9386],[-11.1916,8.9373],[-11.2012,8.93],[-11.2118,8.9326],[-11.2231,8.9379],[-11.227,8.9333],[-11.2296,8.9325],[-11.2317,8.9319],[-11.2383,8.9313],[-11.2396,8.928],[-11.2443,8.922],[-11.2469,8.9187],[-11.2489,8.9147],[-11.2502,8.9137],[-11.2562,8.9094],[-11.256,8.909],[-11.2558,8.9087],[-11.2542,8.9054],[-11.251,8.9087],[-11.2502,8.9094],[-11.2504,8.9087],[-11.2507,8.9071],[-11.2522,8.9001],[-11.2555,8.8975],[-11.2538,8.8926],[-11.2529,8.8902],[-11.2582,8.8829],[-11.2628,8.8743],[-11.2695,8.8623],[-11.2754,8.8617],[-11.2812,8.8617],[-11.2841,8.8617],[-11.2933,8.8603],[-11.2973,8.855],[-11.2973,8.8438],[-11.2976,8.8411],[-11.2982,8.8358],[-11.2986,8.8318],[-11.3066,8.8219],[-11.3053,8.8142],[-11.3053,8.8139],[-11.3033,8.8073],[-11.3059,8.8013],[-11.3205,8.7927],[-11.3311,8.7841],[-11.3327,8.7827],[-11.3398,8.7761],[-11.3397,8.7751],[-11.3391,8.7655],[-11.3395,8.7643],[-11.3411,8.7595],[-11.3411,8.7568],[-11.3411,8.7533],[-11.3411,8.7509],[-11.3464,8.7483],[-11.3468,8.7465],[-11.3477,8.7416],[-11.3477,8.7393],[-11.3477,8.7392],[-11.3477,8.737],[-11.3484,8.7317],[-11.3479,8.7294],[-11.3471,8.7251],[-11.3473,8.7246],[-11.351,8.7171],[-11.3484,8.7098],[-11.3504,8.7012],[-11.3484,8.6958],[-11.348,8.6944],[-11.3473,8.6925],[-11.3471,8.6919],[-11.3457,8.6892],[-11.3437,8.6853],[-11.3433,8.6839],[-11.343,8.6826],[-11.3406,8.6762],[-11.3344,8.6676],[-11.3326,8.665],[-11.3326,8.6632],[-11.3344,8.6627],[-11.3412,8.661],[-11.3435,8.6609],[-11.3507,8.6595],[-11.3512,8.6555],[-11.351,8.655],[-11.3499,8.6521],[-11.3492,8.6473],[-11.3487,8.6468],[-11.3473,8.6455],[-11.3482,8.6416],[-11.3507,8.642],[-11.35,8.6368],[-11.3529,8.6318],[-11.3522,8.6306],[-11.3527,8.6272],[-11.3523,8.6244],[-11.3513,8.621],[-11.349,8.6197],[-11.3495,8.6141],[-11.3463,8.6073],[-11.3459,8.6038],[-11.3458,8.6023],[-11.3454,8.5991],[-11.3429,8.5995],[-11.3422,8.5963],[-11.3408,8.5945],[-11.3415,8.5911],[-11.3404,8.5878],[-11.3395,8.5855],[-11.3382,8.5833],[-11.3384,8.5782],[-11.3368,8.5746],[-11.3396,8.5723],[-11.3395,8.5696],[-11.3395,8.5686],[-11.3393,8.5647],[-11.3413,8.5622],[-11.3435,8.5595],[-11.3453,8.5583],[-11.3485,8.5553],[-11.3505,8.5541],[-11.3523,8.5531],[-11.3546,8.5545],[-11.3558,8.5548],[-11.3565,8.5549],[-11.3574,8.5528],[-11.3577,8.552],[-11.3556,8.5486],[-11.3543,8.5467],[-11.3477,8.5427],[-11.3476,8.5425],[-11.3467,8.5399],[-11.3449,8.5347],[-11.3447,8.5341],[-11.3446,8.5332],[-11.3434,8.5261],[-11.3388,8.5261],[-11.3401,8.5222],[-11.3383,8.5211],[-11.3335,8.5182],[-11.3327,8.5184],[-11.3293,8.5194],[-11.3288,8.5195],[-11.3235,8.5222],[-11.3149,8.5288],[-11.3089,8.5314],[-11.3036,8.5321],[-11.3034,8.5321],[-11.3029,8.5322],[-11.3002,8.5324],[-11.2978,8.5326],[-11.2958,8.5324],[-11.2942,8.5316],[-11.2921,8.5313],[-11.29,8.531],[-11.2869,8.5296],[-11.2853,8.5289],[-11.2823,8.5261],[-11.281,8.5235],[-11.2796,8.5207],[-11.2782,8.5193],[-11.2766,8.5177],[-11.2764,8.5175],[-11.2727,8.5156],[-11.2685,8.5135],[-11.2675,8.5141],[-11.2652,8.5155],[-11.2648,8.5155],[-11.2638,8.5153],[-11.2605,8.5149],[-11.2598,8.5139],[-11.2585,8.5122],[-11.2582,8.5116],[-11.2568,8.509],[-11.2552,8.5063],[-11.2531,8.5029],[-11.2519,8.5009],[-11.2512,8.4917],[-11.2562,8.4856],[-11.2599,8.4811],[-11.2605,8.4804],[-11.2559,8.4764],[-11.2545,8.4755],[-11.2519,8.4738],[-11.2479,8.4691],[-11.2433,8.4632],[-11.2427,8.4627],[-11.2373,8.4578],[-11.232,8.4499],[-11.2386,8.4426],[-11.2439,8.4373],[-11.2453,8.4361],[-11.2488,8.4329],[-11.2506,8.4313],[-11.2506,8.4266],[-11.2506,8.422],[-11.2503,8.4212],[-11.2479,8.4128],[-11.2512,8.4048],[-11.2504,8.4018],[-11.2494,8.3985],[-11.2486,8.3955],[-11.2453,8.3876],[-11.2433,8.3816],[-11.24,8.3743],[-11.24,8.3657],[-11.2402,8.3642],[-11.242,8.3544],[-11.238,8.3438],[-11.2302,8.337],[-11.2274,8.3345],[-11.2201,8.3418],[-11.2148,8.3484],[-11.2048,8.3604],[-11.1975,8.3657],[-11.1856,8.3657],[-11.179,8.3648],[-11.171,8.3637],[-11.1654,8.3613],[-11.1627,8.3604],[-11.1612,8.3594],[-11.161,8.3593],[-11.1604,8.359],[-11.1524,8.3571],[-11.1504,8.3555],[-11.1472,8.3531],[-11.1471,8.3531],[-11.1463,8.3522],[-11.1398,8.3451],[-11.1332,8.3411],[-11.1253,8.3418],[-11.1173,8.3411],[-11.117,8.3413],[-11.1093,8.3464],[-11.1007,8.3464],[-11.0966,8.3453],[-11.0934,8.3445],[-11.0865,8.3398],[-11.0814,8.3443],[-11.0812,8.3445],[-11.0767,8.3465],[-11.0725,8.3484],[-11.0718,8.3479],[-11.0666,8.3438],[-11.0653,8.3421],[-11.0599,8.3345],[-11.0594,8.3344],[-11.0585,8.3343],[-11.0553,8.3339],[-11.052,8.3353],[-11.0507,8.3358],[-11.0432,8.3383],[-11.0407,8.3392],[-11.0393,8.3408],[-11.0341,8.3471],[-11.0333,8.3478],[-11.0255,8.3544],[-11.0245,8.3549],[-11.0202,8.3571],[-11.0076,8.3604],[-11.0009,8.3617],[-10.9994,8.3642],[-10.9956,8.3703],[-10.9863,8.3723],[-10.9815,8.3723],[-10.9751,8.3723],[-10.9664,8.3743],[-10.9643,8.3754],[-10.9575,8.3788],[-10.9572,8.3789],[-10.9569,8.3793],[-10.9519,8.3869],[-10.9479,8.3882],[-10.9379,8.3902],[-10.9343,8.389],[-10.928,8.3869],[-10.9254,8.3821],[-10.924,8.3796],[-10.9223,8.3799],[-10.9107,8.3823],[-10.9068,8.3803],[-10.8985,8.3772],[-10.8942,8.3756],[-10.8875,8.3816],[-10.8822,8.3862],[-10.8763,8.3882],[-10.8703,8.3909],[-10.8626,8.3915],[-10.855,8.3922],[-10.845,8.3916],[-10.8444,8.3915],[-10.8444,8.3917],[-10.8444,8.3975],[-10.8446,8.3977],[-10.846,8.3998],[-10.8468,8.401],[-10.8484,8.4035],[-10.8391,8.4103],[-10.8385,8.4108],[-10.8321,8.4127],[-10.8299,8.4134],[-10.8226,8.4141],[-10.8133,8.4114],[-10.8047,8.4081],[-10.8029,8.4084],[-10.8007,8.4088],[-10.7967,8.4094],[-10.7907,8.4101],[-10.7808,8.4114],[-10.7753,8.4114],[-10.7742,8.4114],[-10.7699,8.4114],[-10.7672,8.4114],[-10.7669,8.4114],[-10.7638,8.4121],[-10.7583,8.4132],[-10.7543,8.4141],[-10.7501,8.4143],[-10.743,8.4147],[-10.7364,8.4201],[-10.7333,8.4231],[-10.7307,8.4262],[-10.7299,8.4282],[-10.7284,8.4353],[-10.7282,8.4357],[-10.7252,8.4412],[-10.7244,8.4426],[-10.7222,8.4426],[-10.7191,8.4426],[-10.712,8.4421],[-10.7109,8.442],[-10.7098,8.4419],[-10.7035,8.4419],[-10.6986,8.4419],[-10.6985,8.4422],[-10.6966,8.4492],[-10.6893,8.4492],[-10.6813,8.4506],[-10.6738,8.456],[-10.673,8.4565],[-10.6612,8.4592],[-10.6611,8.4592],[-10.6604,8.46],[-10.6578,8.4632],[-10.6505,8.4658],[-10.645,8.4568],[-10.6439,8.455],[-10.6434,8.4543]]]}},{"type":"Feature","properties":{"districtId":"western_rural","name":"Western Area Rural"},"geometry":{"type":"MultiPolygon","coordinates":[[[[-13.2444,8.0952],[-13.2427,8.0963],[-13.2415,8.097],[-13.2415,8.0981],[-13.2431,8.1006],[-13.2445,8.1022],[-13.2457,8.1012],[-13.246,8.1],[-13.2454,8.0985],[-13.2478,8.0975],[-13.2502,8.0972],[-13.2514,8.0961],[-13.2509,8.0948],[-13.2491,8.0944],[-13.2474,8.0945],[-13.2457,8.0943],[-13.2444,8.0952]]],[[[-13.2213,8.1089],[-13.2208,8.1102],[-13.2196,8.1122],[-13.2213,8.1135],[-13.2248,8.113],[-13.2272,8.1123],[-13.231,8.1114],[-13.232,8.1104],[-13.2333,8.1088],[-13.2346,8.1077],[-13.2362,8.1081],[-13.2376,8.1075],[-13.2375,8.1058],[-13.2381,8.104],[-13.2391,8.1044],[-13.2416,8.1035],[-13.2428,8.1023],[-13.2422,8.1008],[-13.2421,8.1],[-13.241,8.0982],[-13.2391,8.0997],[-13.2366,8.1006],[-13.2348,8.1004],[-13.2324,8.0996],[-13.23,8.0999],[-13.2283,8.1005],[-13.2261,8.1015],[-13.2246,8.1027],[-13.2223,8.1034],[-13.2204,8.1039],[-13.2202,8.1059],[-13.2202,8.1074],[-13.2213,8.1089]]],[[[-13.1907,8.1394],[-13.1901,8.1412],[-13.1912,8.1424],[-13.192,8.1428],[-13.1937,8.1427],[-13.1955,8.1421],[-13.1957,8.1408],[-13.1965,8.1392],[-13.1991,8.1392],[-13.199,8.1363],[-13.2013,8.1343],[-13.2026,8.1342],[-13.2026,8.1322],[-13.2032,8.1322],[-13.2051,8.1323],[-13.2037,8.1312],[-13.2037,8.1305],[-13.2045,8.1299],[-13.2063,8.1296],[-13.2068,8.128],[-13.2069,8.1266],[-13.208,8.126],[-13.2092,8.1259],[-13.2101,8.1252],[-13.2115,8.124],[-13.2136,8.1225],[-13.2147,8.1224],[-13.2168,8.1218],[-13.2199,8.12],[-13.2198,8.1182],[-13.2203,8.1151],[-13.2196,8.1134],[-13.2189,8.1135],[-13.2184,8.1132],[-13.2177,8.1133],[-13.2166,8.1132],[-13.2158,8.1128],[-13.214,8.1123],[-13.2122,8.1125],[-13.2109,8.1127],[-13.2093,8.1128],[-13.2083,8.1136],[-13.2071,8.1143],[-13.2082,8.1158],[-13.2084,8.117],[-13.2082,8.1185],[-13.2082,8.1203],[-13.2072,8.1213],[-13.2068,8.1227],[-13.2067,8.124],[-13.206,8.1242],[-13.2048,8.1238],[-13.2036,8.1229],[-13.2028,8.1233],[-13.2024,8.1245],[-13.2031,8.1266],[-13.2026,8.1282],[-13.2019,8.1285],[-13.2005,8.1291],[-13.1988,8.1294],[-13.197,8.1293],[-13.196,8.1302],[-13.1956,8.1308],[-13.1946,8.131],[-13.1947,8.1321],[-13.1954,8.1334],[-13.1932,8.1346],[-13.193,8.1357],[-13.1929,8.1375],[-13.1919,8.1382],[-13.1907,8.1394]]],[[[-13.1633,8.2024],[-13.1645,8.2066],[-13.1676,8.2055],[-13.1676,8.2012],[-13.1633,8.2024]]],[[[-13.0411,8.3757],[-13.0424,8.3754],[-13.0444,8.3752],[-13.0478,8.3749],[-13.0505,8.3748],[-13.0534,8.3748],[-13.0569,8.3748],[-13.0605,8.3745],[-13.0632,8.3742],[-13.0644,8.3745],[-13.0646,8.3727],[-13.065,8.3717],[-13.0646,8.3711],[-13.0624,8.3681],[-13.0607,8.3656],[-13.0606,8.3644],[-13.0598,8.3634],[-13.0604,8.3626],[-13.0608,8.3631],[-13.0615,8.3635],[-13.0615,8.3639],[-13.0621,8.3646],[-13.0621,8.3653],[-13.0629,8.3662],[-13.0643,8.3676],[-13.0652,8.3686],[-13.0664,8.3699],[-13.067,8.3711],[-13.0673,8.3718],[-13.0675,8.3723],[-13.0675,8.3726],[-13.0677,8.374],[-13.0678,8.375],[-13.0688,8.3755],[-13.0697,8.3761],[-13.071,8.3768],[-13.0712,8.3772],[-13.0722,8.3783],[-13.0735,8.3789],[-13.0742,8.379],[-13.0752,8.3794],[-13.076,8.3799],[-13.0768,8.3809],[-13.0776,8.3818],[-13.0781,8.3825],[-13.079,8.3828],[-13.0795,8.3825],[-13.0796,8.3819],[-13.0801,8.3803],[-13.0804,8.3794],[-13.0808,8.3793],[-13.0808,8.3797],[-13.0804,8.3809],[-13.0803,8.3817],[-13.0801,8.3828],[-13.0798,8.3839],[-13.0798,8.3846],[-13.0798,8.3851],[-13.0798,8.3858],[-13.08,8.3863],[-13.0802,8.3869],[-13.0803,8.3873],[-13.0807,8.3877],[-13.0811,8.3881],[-13.0811,8.3885],[-13.0814,8.3888],[-13.0816,8.3895],[-13.082,8.3905],[-13.0821,8.3914],[-13.0823,8.3922],[-13.0829,8.3928],[-13.0832,8.3931],[-13.0836,8.3937],[-13.0841,8.3943],[-13.0844,8.3953],[-13.0845,8.3959],[-13.0853,8.3965],[-13.0861,8.3977],[-13.0869,8.3988],[-13.0879,8.4],[-13.0889,8.4017],[-13.0893,8.4026],[-13.0895,8.4037],[-13.09,8.4049],[-13.091,8.408],[-13.0912,8.4088],[-13.0916,8.4103],[-13.0921,8.4116],[-13.0928,8.4126],[-13.0935,8.4136],[-13.0958,8.4141],[-13.0974,8.4141],[-13.0998,8.4138],[-13.1011,8.4136],[-13.1027,8.4132],[-13.104,8.413],[-13.105,8.4129],[-13.1054,8.4125],[-13.1055,8.4122],[-13.1053,8.4113],[-13.1049,8.4109],[-13.1054,8.4109],[-13.1061,8.411],[-13.1064,8.4108],[-13.1066,8.4101],[-13.1065,8.4092],[-13.1064,8.4083],[-13.1057,8.4062],[-13.1054,8.4048],[-13.1058,8.4037],[-13.1061,8.403],[-13.1066,8.4024],[-13.1074,8.4018],[-13.1079,8.4014],[-13.1082,8.4022],[-13.1083,8.4028],[-13.1084,8.4031],[-13.1084,8.4038],[-13.1078,8.404],[-13.1074,8.4044],[-13.1073,8.4052],[-13.1073,8.406],[-13.1075,8.407],[-13.1079,8.408],[-13.1082,8.4087],[-13.1082,8.409],[-13.1085,8.4095],[-13.1087,8.4101],[-13.1092,8.411],[-13.1096,8.4116],[-13.1099,8.412],[-13.11,8.4121],[-13.1108,8.4127],[-13.1116,8.4132],[-13.1123,8.4136],[-13.1131,8.414],[-13.114,8.4146],[-13.1146,8.415],[-13.1154,8.4152],[-13.1158,8.4151],[-13.1161,8.4148],[-13.1169,8.4142],[-13.1181,8.4137],[-13.1194,8.4134],[-13.1201,8.4132],[-13.1215,8.4131],[-13.1221,8.4132],[-13.123,8.4132],[-13.1239,8.4133],[-13.1252,8.4136],[-13.1254,8.4139],[-13.1255,8.414],[-13.1267,8.415],[-13.1272,8.4156],[-13.1281,8.4166],[-13.1292,8.4177],[-13.1293,8.4178],[-13.1298,8.4181],[-13.1304,8.4185],[-13.1319,8.4188],[-13.1332,8.4186],[-13.1337,8.4183],[-13.1338,8.4178],[-13.1337,8.4171],[-13.1333,8.4168],[-13.1327,8.4163],[-13.1321,8.416],[-13.1317,8.4156],[-13.1316,8.4154],[-13.1316,8.415],[-13.1319,8.4145],[-13.1326,8.4141],[-13.1334,8.4134],[-13.1337,8.4129],[-13.1342,8.4127],[-13.1344,8.4127],[-13.1349,8.4132],[-13.1351,8.4137],[-13.1353,8.4146],[-13.1355,8.415],[-13.1359,8.4154],[-13.1363,8.4156],[-13.1367,8.4154],[-13.1372,8.415],[-13.1376,8.4144],[-13.1379,8.4137],[-13.1386,8.413],[-13.1392,8.4126],[-13.1401,8.4116],[-13.1406,8.4108],[-13.1409,8.4098],[-13.1406,8.4091],[-13.1401,8.4086],[-13.1401,8.4086],[-13.1395,8.4079],[-13.1379,8.4065],[-13.1374,8.406],[-13.1371,8.4056],[-13.1371,8.4051],[-13.1373,8.405],[-13.1377,8.4047],[-13.1382,8.4045],[-13.139,8.4042],[-13.1396,8.4035],[-13.1402,8.4024],[-13.1408,8.4012],[-13.141,8.4003],[-13.1411,8.3999],[-13.1412,8.3996],[-13.1418,8.3993],[-13.1423,8.3994],[-13.1429,8.3992],[-13.1435,8.3993],[-13.1442,8.3993],[-13.1445,8.3994],[-13.1449,8.3991],[-13.1457,8.3986],[-13.1462,8.3983],[-13.1467,8.3981],[-13.147,8.3981],[-13.1478,8.3984],[-13.1485,8.3986],[-13.1488,8.3986],[-13.1494,8.3983],[-13.1496,8.3982],[-13.1499,8.398],[-13.1504,8.3983],[-13.1511,8.3986],[-13.1516,8.3989],[-13.1519,8.3989],[-13.1526,8.3991],[-13.1532,8.3997],[-13.1541,8.3998],[-13.1548,8.3994],[-13.1555,8.3996],[-13.1561,8.3999],[-13.1567,8.4004],[-13.1574,8.4005],[-13.1583,8.4004],[-13.1588,8.4006],[-13.1591,8.4006],[-13.1597,8.4008],[-13.1605,8.4013],[-13.1613,8.4013],[-13.1619,8.4012],[-13.1623,8.4012],[-13.1626,8.4016],[-13.1625,8.4022],[-13.1623,8.4028],[-13.1623,8.4035],[-13.1626,8.404],[-13.1633,8.4044],[-13.1642,8.4045],[-13.1649,8.4044],[-13.165,8.4044],[-13.1654,8.4046],[-13.1658,8.4049],[-13.1665,8.4052],[-13.1669,8.4052],[-13.1672,8.4053],[-13.1672,8.4057],[-13.1672,8.406],[-13.1671,8.4063],[-13.167,8.4066],[-13.1672,8.4069],[-13.1684,8.4072],[-13.1691,8.4074],[-13.1695,8.4076],[-13.1697,8.408],[-13.1697,8.4085],[-13.17,8.4091],[-13.1704,8.409],[-13.1708,8.4086],[-13.1713,8.4081],[-13.172,8.4081],[-13.1721,8.4081],[-13.1726,8.4084],[-13.1731,8.4088],[-13.1736,8.4091],[-13.1742,8.4094],[-13.1745,8.4097],[-13.1746,8.41],[-13.1747,8.4104],[-13.175,8.4105],[-13.1752,8.4106],[-13.1755,8.4106],[-13.1758,8.4106],[-13.1761,8.4107],[-13.1762,8.411],[-13.1761,8.4111],[-13.1761,8.4113],[-13.1762,8.4115],[-13.1762,8.4117],[-13.1765,8.4122],[-13.1776,8.4128],[-13.1784,8.4134],[-13.1791,8.4139],[-13.1793,8.4162],[-13.1794,8.4179],[-13.1794,8.418],[-13.1794,8.4186],[-13.1796,8.4193],[-13.1797,8.4205],[-13.1798,8.4213],[-13.1799,8.4216],[-13.1799,8.4229],[-13.1798,8.4242],[-13.1795,8.4255],[-13.1791,8.4261],[-13.1788,8.4267],[-13.1806,8.4289],[-13.1819,8.4305],[-13.1824,8.4311],[-13.1848,8.4341],[-13.1856,8.4351],[-13.1879,8.4377],[-13.1881,8.4379],[-13.1897,8.4392],[-13.1904,8.4398],[-13.1915,8.4413],[-13.193,8.4434],[-13.1938,8.4443],[-13.1942,8.4449],[-13.1943,8.445],[-13.1963,8.4475],[-13.1977,8.4497],[-13.1986,8.4512],[-13.2004,8.4541],[-13.2009,8.4543],[-13.2015,8.4546],[-13.2028,8.4552],[-13.2044,8.4568],[-13.2051,8.4575],[-13.2075,8.4598],[-13.2077,8.46],[-13.2084,8.4609],[-13.2086,8.4613],[-13.2091,8.4624],[-13.2091,8.4627],[-13.2096,8.4635],[-13.2099,8.4641],[-13.2099,8.4644],[-13.2103,8.4652],[-13.2104,8.4657],[-13.2105,8.4658],[-13.2106,8.4662],[-13.2106,8.4668],[-13.2106,8.467],[-13.2107,8.4671],[-13.211,8.4677],[-13.2111,8.4679],[-13.2112,8.468],[-13.2112,8.4682],[-13.2112,8.4685],[-13.2114,8.4687],[-13.2116,8.4688],[-13.2118,8.4689],[-13.2119,8.4691],[-13.212,8.4691],[-13.2121,8.4692],[-13.2123,8.4694],[-13.2124,8.4695],[-13.2125,8.4695],[-13.2127,8.4697],[-13.2128,8.4698],[-13.2129,8.4699],[-13.213,8.47],[-13.213,8.4701],[-13.2131,8.4701],[-13.2132,8.4703],[-13.2133,8.4704],[-13.2135,8.4707],[-13.2136,8.4709],[-13.2137,8.4709],[-13.2138,8.4711],[-13.214,8.4712],[-13.2141,8.4713],[-13.2141,8.4714],[-13.2142,8.4715],[-13.2142,8.4717],[-13.2142,8.4718],[-13.2143,8.4723],[-13.214,8.4725],[-13.2139,8.4726],[-13.2137,8.4727],[-13.2136,8.4728],[-13.2135,8.4729],[-13.2134,8.4729],[-13.2135,8.4732],[-13.2135,8.4733],[-13.2136,8.4734],[-13.2137,8.4737],[-13.2138,8.4738],[-13.2139,8.474],[-13.2139,8.4741],[-13.214,8.4742],[-13.2141,8.4743],[-13.2142,8.4743],[-13.2144,8.4743],[-13.2145,8.4743],[-13.2147,8.4743],[-13.2148,8.4743],[-13.215,8.4743],[-13.2151,8.4744],[-13.2152,8.4746],[-13.2153,8.4754],[-13.2153,8.4755],[-13.2154,8.4757],[-13.2156,8.4765],[-13.2157,8.4767],[-13.2159,8.4772],[-13.216,8.4773],[-13.2161,8.4775],[-13.2167,8.478],[-13.217,8.4781],[-13.2175,8.4784],[-13.2185,8.4789],[-13.2185,8.4789],[-13.2187,8.479],[-13.2193,8.4793],[-13.2199,8.4796],[-13.2206,8.4799],[-13.2207,8.48],[-13.221,8.4801],[-13.2213,8.4803],[-13.2215,8.4806],[-13.2215,8.4808],[-13.2217,8.4812],[-13.2218,8.4814],[-13.2221,8.482],[-13.2222,8.4821],[-13.2225,8.4825],[-13.2226,8.4826],[-13.2228,8.4831],[-13.2228,8.4832],[-13.2229,8.4833],[-13.223,8.4834],[-13.223,8.4834],[-13.2231,8.4836],[-13.2232,8.4835],[-13.2233,8.4834],[-13.2235,8.4832],[-13.2235,8.4831],[-13.2236,8.4831],[-13.2238,8.4828],[-13.2239,8.4826],[-13.224,8.4823],[-13.2241,8.482],[-13.2242,8.4818],[-13.2243,8.4815],[-13.2244,8.4814],[-13.2247,8.4805],[-13.2247,8.4804],[-13.2251,8.4793],[-13.2252,8.4792],[-13.2252,8.4792],[-13.2252,8.4791],[-13.2253,8.4788],[-13.2253,8.4786],[-13.2252,8.4786],[-13.2252,8.4785],[-13.2251,8.4782],[-13.2249,8.478],[-13.2249,8.4779],[-13.2246,8.4776],[-13.2246,8.4775],[-13.2243,8.4774],[-13.2235,8.4766],[-13.223,8.4763],[-13.2229,8.4762],[-13.2228,8.4758],[-13.2225,8.4751],[-13.2224,8.475],[-13.2224,8.4747],[-13.2221,8.4743],[-13.2219,8.4738],[-13.2218,8.4735],[-13.2218,8.4734],[-13.2216,8.473],[-13.2215,8.4726],[-13.2215,8.4724],[-13.2215,8.4723],[-13.2213,8.4723],[-13.2213,8.4721],[-13.2215,8.4717],[-13.2219,8.4712],[-13.2223,8.4706],[-13.2224,8.4705],[-13.2225,8.4702],[-13.2226,8.47],[-13.2227,8.4694],[-13.2228,8.4691],[-13.2228,8.4689],[-13.2225,8.4685],[-13.2224,8.4682],[-13.2224,8.468],[-13.2226,8.468],[-13.2226,8.4681],[-13.2229,8.4684],[-13.2233,8.4688],[-13.2234,8.4684],[-13.2234,8.4683],[-13.2234,8.4681],[-13.2232,8.4678],[-13.223,8.4675],[-13.2229,8.4673],[-13.2232,8.4672],[-13.2233,8.4671],[-13.2237,8.4669],[-13.2238,8.4669],[-13.2243,8.4666],[-13.2245,8.4665],[-13.2247,8.4664],[-13.2249,8.4663],[-13.2257,8.4658],[-13.2253,8.4654],[-13.2248,8.465],[-13.2243,8.4646],[-13.224,8.4643],[-13.2238,8.4641],[-13.2236,8.464],[-13.2235,8.464],[-13.2235,8.4639],[-13.2234,8.4639],[-13.2227,8.4633],[-13.2228,8.4629],[-13.2229,8.4618],[-13.2233,8.4606],[-13.224,8.46],[-13.2245,8.4595],[-13.2252,8.4588],[-13.2255,8.4585],[-13.2263,8.4579],[-13.2266,8.4574],[-13.2271,8.4569],[-13.2282,8.4564],[-13.2285,8.4563],[-13.2288,8.4561],[-13.229,8.456],[-13.2294,8.4558],[-13.2297,8.4556],[-13.2299,8.4556],[-13.2302,8.4554],[-13.2307,8.4551],[-13.2311,8.4549],[-13.2314,8.4547],[-13.2315,8.4547],[-13.2319,8.4552],[-13.2321,8.4556],[-13.2328,8.4561],[-13.2335,8.4566],[-13.2336,8.4567],[-13.2345,8.4573],[-13.2347,8.4574],[-13.2354,8.4579],[-13.2359,8.4583],[-13.236,8.4583],[-13.2365,8.4585],[-13.2366,8.4586],[-13.2368,8.4587],[-13.2368,8.4588],[-13.2372,8.459],[-13.2373,8.4591],[-13.2381,8.4597],[-13.2383,8.4598],[-13.2389,8.4602],[-13.2393,8.4605],[-13.2396,8.4607],[-13.2399,8.4609],[-13.2401,8.461],[-13.2403,8.4611],[-13.2406,8.4614],[-13.2408,8.4616],[-13.2411,8.4618],[-13.2415,8.4621],[-13.2415,8.4621],[-13.2418,8.4623],[-13.2419,8.4623],[-13.2421,8.4622],[-13.2422,8.4621],[-13.2424,8.462],[-13.2425,8.4619],[-13.2428,8.4616],[-13.2434,8.4611],[-13.2436,8.461],[-13.2436,8.461],[-13.244,8.4607],[-13.244,8.4604],[-13.2442,8.46],[-13.2443,8.46],[-13.2447,8.4601],[-13.245,8.4601],[-13.2452,8.4602],[-13.2454,8.4602],[-13.2458,8.4605],[-13.2461,8.4603],[-13.2465,8.4598],[-13.2469,8.4594],[-13.2474,8.4589],[-13.2478,8.4585],[-13.2477,8.4583],[-13.2475,8.4578],[-13.2471,8.4578],[-13.2467,8.4578],[-13.2463,8.4577],[-13.2461,8.4577],[-13.2455,8.4577],[-13.2452,8.4576],[-13.245,8.4576],[-13.2449,8.4576],[-13.2446,8.4573],[-13.2442,8.4567],[-13.2439,8.4558],[-13.2445,8.4552],[-13.2446,8.4552],[-13.2451,8.4554],[-13.2455,8.4555],[-13.2453,8.455],[-13.2452,8.4545],[-13.2449,8.4533],[-13.2447,8.4528],[-13.2446,8.4525],[-13.2442,8.4523],[-13.2438,8.452],[-13.2437,8.4516],[-13.2437,8.4513],[-13.2437,8.4511],[-13.2438,8.4507],[-13.2437,8.4507],[-13.2437,8.45],[-13.2437,8.4493],[-13.2437,8.4492],[-13.2437,8.4484],[-13.2436,8.4475],[-13.2436,8.4474],[-13.2436,8.4468],[-13.2433,8.4465],[-13.2433,8.4461],[-13.2433,8.4459],[-13.2433,8.4458],[-13.2433,8.4454],[-13.2432,8.4448],[-13.2432,8.4437],[-13.2432,8.4435],[-13.2432,8.4431],[-13.2432,8.4428],[-13.2431,8.4425],[-13.2431,8.4424],[-13.2429,8.4418],[-13.2429,8.4412],[-13.2428,8.4407],[-13.2427,8.4405],[-13.2427,8.4404],[-13.2426,8.4398],[-13.2425,8.4396],[-13.2424,8.4393],[-13.2422,8.439],[-13.2419,8.4387],[-13.2421,8.4388],[-13.2425,8.4389],[-13.2443,8.439],[-13.2462,8.4391],[-13.2478,8.4392],[-13.2499,8.4393],[-13.2524,8.4393],[-13.2537,8.4394],[-13.2543,8.4395],[-13.2562,8.4393],[-13.2565,8.4393],[-13.2566,8.4393],[-13.258,8.4391],[-13.2591,8.439],[-13.2602,8.4392],[-13.2612,8.4395],[-13.2617,8.4394],[-13.2617,8.4386],[-13.2617,8.4384],[-13.263,8.4387],[-13.2632,8.4388],[-13.2635,8.4388],[-13.2637,8.4388],[-13.264,8.4387],[-13.2646,8.4385],[-13.2651,8.4385],[-13.2656,8.4385],[-13.2663,8.4385],[-13.2668,8.4384],[-13.2672,8.4382],[-13.2677,8.4382],[-13.2684,8.4383],[-13.2687,8.4386],[-13.2689,8.4389],[-13.2692,8.4392],[-13.2693,8.4394],[-13.2695,8.4397],[-13.2695,8.4398],[-13.2697,8.4402],[-13.2698,8.4404],[-13.27,8.4407],[-13.2703,8.4411],[-13.2709,8.4414],[-13.271,8.4415],[-13.2715,8.4417],[-13.2716,8.4417],[-13.2718,8.4416],[-13.2723,8.4415],[-13.2728,8.4415],[-13.2732,8.4416],[-13.2737,8.4418],[-13.2744,8.442],[-13.2749,8.4421],[-13.2756,8.4422],[-13.276,8.4423],[-13.2763,8.4424],[-13.2769,8.4424],[-13.2773,8.4424],[-13.2775,8.4422],[-13.2778,8.442],[-13.2778,8.4419],[-13.2781,8.4417],[-13.2783,8.4414],[-13.2785,8.4413],[-13.279,8.4412],[-13.2795,8.4412],[-13.28,8.4413],[-13.2802,8.4404],[-13.2805,8.4394],[-13.281,8.4384],[-13.2814,8.4379],[-13.2815,8.4375],[-13.2817,8.4371],[-13.2819,8.437],[-13.282,8.4373],[-13.2822,8.4375],[-13.2824,8.4376],[-13.2828,8.4374],[-13.283,8.4369],[-13.2834,8.4369],[-13.2836,8.4373],[-13.2839,8.437],[-13.2841,8.4368],[-13.2842,8.4365],[-13.2847,8.436],[-13.2849,8.4361],[-13.2852,8.4361],[-13.2857,8.4362],[-13.2861,8.4362],[-13.2865,8.4363],[-13.2867,8.4364],[-13.2869,8.4363],[-13.2868,8.436],[-13.2866,8.4357],[-13.2867,8.4354],[-13.2869,8.4352],[-13.287,8.4351],[-13.2872,8.435],[-13.2872,8.4349],[-13.2875,8.4351],[-13.2877,8.4352],[-13.288,8.4353],[-13.2881,8.4354],[-13.2884,8.4354],[-13.2887,8.4353],[-13.2889,8.4353],[-13.2891,8.4354],[-13.2892,8.4354],[-13.2893,8.4356],[-13.2894,8.4356],[-13.2896,8.4356],[-13.2897,8.4357],[-13.2898,8.4359],[-13.2899,8.4362],[-13.29,8.4364],[-13.2902,8.4365],[-13.2904,8.4365],[-13.2906,8.4364],[-13.2908,8.4365],[-13.2909,8.4366],[-13.2911,8.4367],[-13.2914,8.4368],[-13.2916,8.437],[-13.2917,8.437],[-13.292,8.4371],[-13.2923,8.4371],[-13.2924,8.437],[-13.2925,8.4369],[-13.2927,8.4369],[-13.2929,8.4368],[-13.2929,8.4367],[-13.2933,8.4368],[-13.2935,8.4367],[-13.2936,8.4366],[-13.2936,8.4363],[-13.2935,8.4359],[-13.2932,8.4357],[-13.2929,8.4354],[-13.2926,8.4351],[-13.2921,8.4345],[-13.2917,8.4341],[-13.2914,8.4335],[-13.2912,8.4329],[-13.2909,8.4322],[-13.2904,8.4312],[-13.2903,8.4306],[-13.2903,8.4301],[-13.29,8.4295],[-13.2899,8.429],[-13.2899,8.4284],[-13.2899,8.4274],[-13.2897,8.4264],[-13.29,8.426],[-13.2904,8.4259],[-13.2907,8.4256],[-13.2909,8.4255],[-13.2913,8.4253],[-13.2915,8.4253],[-13.2919,8.4251],[-13.2922,8.4246],[-13.2927,8.4244],[-13.2929,8.4243],[-13.2936,8.424],[-13.2938,8.4241],[-13.2941,8.4237],[-13.2942,8.4233],[-13.2936,8.423],[-13.2932,8.4226],[-13.2928,8.4222],[-13.2923,8.4216],[-13.2918,8.4212],[-13.2913,8.4209],[-13.2908,8.4209],[-13.2902,8.4209],[-13.2896,8.4208],[-13.2891,8.4206],[-13.2886,8.4201],[-13.2883,8.42],[-13.2879,8.4198],[-13.2872,8.4198],[-13.2866,8.42],[-13.2859,8.42],[-13.2852,8.4198],[-13.2846,8.4195],[-13.2842,8.4196],[-13.2837,8.4195],[-13.283,8.4191],[-13.2822,8.4184],[-13.2815,8.4175],[-13.2807,8.4166],[-13.2798,8.4154],[-13.2794,8.4149],[-13.2787,8.414],[-13.2777,8.4126],[-13.2775,8.4122],[-13.2773,8.4119],[-13.2767,8.411],[-13.2758,8.41],[-13.2748,8.4085],[-13.2742,8.4077],[-13.2739,8.4074],[-13.2729,8.4055],[-13.2726,8.4049],[-13.2724,8.4041],[-13.2706,8.3976],[-13.2681,8.3961],[-13.2663,8.3938],[-13.2644,8.3901],[-13.264,8.3885],[-13.2636,8.3869],[-13.2648,8.3872],[-13.2649,8.385],[-13.2628,8.3829],[-13.2615,8.382],[-13.2617,8.3814],[-13.2602,8.3795],[-13.2582,8.3793],[-13.257,8.3767],[-13.2555,8.3751],[-13.2551,8.3746],[-13.2527,8.3715],[-13.2506,8.3684],[-13.2468,8.3634],[-13.2444,8.3601],[-13.2428,8.3581],[-13.2412,8.3564],[-13.2401,8.3553],[-13.2376,8.3524],[-13.2363,8.3494],[-13.2362,8.3492],[-13.2341,8.3458],[-13.2317,8.3451],[-13.2296,8.3443],[-13.2271,8.3442],[-13.2248,8.3441],[-13.2245,8.3439],[-13.2235,8.3436],[-13.2209,8.3429],[-13.2193,8.3427],[-13.2171,8.3419],[-13.2157,8.3408],[-13.2137,8.3389],[-13.2124,8.3377],[-13.2102,8.3375],[-13.2098,8.3374],[-13.2078,8.3372],[-13.2053,8.3354],[-13.2046,8.3338],[-13.2024,8.3343],[-13.2017,8.3325],[-13.2009,8.3297],[-13.2007,8.329],[-13.199,8.3249],[-13.197,8.3201],[-13.1963,8.3146],[-13.196,8.3118],[-13.195,8.3098],[-13.1936,8.3085],[-13.1922,8.3064],[-13.1911,8.3043],[-13.1907,8.3032],[-13.1922,8.3019],[-13.1944,8.3018],[-13.1949,8.3008],[-13.1932,8.301],[-13.1931,8.3004],[-13.1943,8.2998],[-13.1939,8.2992],[-13.1927,8.2975],[-13.1933,8.2972],[-13.1953,8.2968],[-13.1944,8.2958],[-13.1933,8.296],[-13.1919,8.2961],[-13.1906,8.2959],[-13.1895,8.2957],[-13.1887,8.2955],[-13.1883,8.2944],[-13.1884,8.2937],[-13.188,8.2922],[-13.1864,8.2916],[-13.1857,8.2897],[-13.185,8.2875],[-13.1841,8.2861],[-13.1843,8.285],[-13.1853,8.2844],[-13.1866,8.2838],[-13.1868,8.283],[-13.1861,8.2824],[-13.1851,8.2829],[-13.1841,8.2841],[-13.1825,8.2838],[-13.1816,8.2836],[-13.1798,8.2829],[-13.1778,8.2831],[-13.1766,8.283],[-13.1762,8.2821],[-13.175,8.2818],[-13.1748,8.2842],[-13.1729,8.2832],[-13.1719,8.2844],[-13.1713,8.2853],[-13.1694,8.2848],[-13.1675,8.285],[-13.1664,8.2859],[-13.1655,8.2867],[-13.1625,8.2867],[-13.1595,8.2864],[-13.1623,8.2849],[-13.1655,8.2832],[-13.1704,8.2816],[-13.1719,8.28],[-13.1711,8.2786],[-13.1695,8.277],[-13.1685,8.2753],[-13.1678,8.2721],[-13.1689,8.2692],[-13.1695,8.2678],[-13.1712,8.2664],[-13.1732,8.2663],[-13.1734,8.2646],[-13.1733,8.2622],[-13.1751,8.2615],[-13.1759,8.2595],[-13.1744,8.2578],[-13.1728,8.2567],[-13.1709,8.2564],[-13.1677,8.2548],[-13.1661,8.2515],[-13.1661,8.2497],[-13.1658,8.246],[-13.1654,8.244],[-13.1643,8.2378],[-13.1628,8.2366],[-13.1616,8.2348],[-13.1605,8.2328],[-13.1597,8.2305],[-13.1591,8.2265],[-13.1584,8.2225],[-13.1576,8.2176],[-13.1571,8.2122],[-13.1589,8.2085],[-13.1619,8.2032],[-13.1625,8.2009],[-13.1626,8.2003],[-13.1623,8.1972],[-13.1634,8.196],[-13.1643,8.1933],[-13.1633,8.1909],[-13.1626,8.1868],[-13.1627,8.1838],[-13.1632,8.1813],[-13.164,8.1784],[-13.1645,8.1746],[-13.1642,8.1727],[-13.1625,8.1718],[-13.1612,8.1712],[-13.1596,8.1716],[-13.1579,8.1729],[-13.1559,8.1747],[-13.1545,8.1761],[-13.1514,8.1779],[-13.1502,8.1789],[-13.1467,8.1816],[-13.1439,8.1839],[-13.1411,8.1863],[-13.1394,8.1885],[-13.1374,8.1897],[-13.135,8.1914],[-13.1326,8.1938],[-13.1313,8.1957],[-13.1298,8.1968],[-13.1293,8.1972],[-13.1274,8.1979],[-13.1258,8.1976],[-13.1247,8.1974],[-13.1219,8.1969],[-13.119,8.198],[-13.1168,8.1994],[-13.1151,8.2004],[-13.1132,8.2007],[-13.1117,8.2008],[-13.1111,8.201],[-13.1109,8.2011],[-13.1095,8.2023],[-13.1075,8.2025],[-13.107,8.2036],[-13.1062,8.2046],[-13.1054,8.2067],[-13.1038,8.2067],[-13.1031,8.2073],[-13.103,8.2076],[-13.1024,8.2089],[-13.1023,8.21],[-13.1017,8.2115],[-13.1009,8.2119],[-13.1001,8.2122],[-13.0987,8.2125],[-13.0976,8.2125],[-13.0974,8.2124],[-13.0958,8.2123],[-13.0948,8.2123],[-13.0943,8.2124],[-13.094,8.2125],[-13.093,8.2131],[-13.0917,8.2138],[-13.0908,8.2145],[-13.0903,8.2149],[-13.0901,8.2152],[-13.0897,8.2161],[-13.0893,8.2166],[-13.088,8.2172],[-13.0857,8.2181],[-13.0833,8.2187],[-13.0819,8.2204],[-13.0823,8.2224],[-13.0815,8.2266],[-13.0811,8.227],[-13.08,8.2281],[-13.0785,8.2291],[-13.0782,8.2309],[-13.0776,8.2316],[-13.0758,8.2333],[-13.0732,8.2334],[-13.0706,8.2338],[-13.0674,8.2352],[-13.0668,8.2355],[-13.0652,8.2363],[-13.0628,8.2384],[-13.0611,8.2394],[-13.0599,8.2394],[-13.0581,8.2387],[-13.0545,8.2393],[-13.0514,8.2397],[-13.0509,8.2397],[-13.0475,8.2403],[-13.045,8.2393],[-13.0413,8.2378],[-13.0378,8.2363],[-13.0335,8.2355],[-13.0297,8.2358],[-13.0258,8.2369],[-13.0211,8.2385],[-13.0172,8.2398],[-13.017,8.2384],[-13.015,8.237],[-13.0121,8.2351],[-13.0098,8.2347],[-13.0069,8.2344],[-13.0044,8.2335],[-13.0027,8.2343],[-13.0013,8.2364],[-12.9986,8.2374],[-12.995,8.2375],[-12.9917,8.2374],[-12.9898,8.2369],[-12.9881,8.2387],[-12.9849,8.2439],[-12.9829,8.2481],[-12.9806,8.2503],[-12.9787,8.2556],[-12.9772,8.2582],[-12.9756,8.2611],[-12.9748,8.2625],[-12.9747,8.2626],[-12.9745,8.2641],[-12.9725,8.2663],[-12.9701,8.2663],[-12.968,8.2661],[-12.9676,8.2653],[-12.967,8.264],[-12.9662,8.2623],[-12.9658,8.2613],[-12.9655,8.2583],[-12.9647,8.2567],[-12.964,8.2553],[-12.963,8.2536],[-12.9627,8.253],[-12.9623,8.2526],[-12.9623,8.2526],[-12.9622,8.2525],[-12.9598,8.2512],[-12.9569,8.2496],[-12.9543,8.2492],[-12.9514,8.2501],[-12.9499,8.2517],[-12.9491,8.2556],[-12.9489,8.2567],[-12.9489,8.2572],[-12.9487,8.2587],[-12.9486,8.2594],[-12.9466,8.2631],[-12.9439,8.2646],[-12.939,8.2661],[-12.9375,8.2653],[-12.9368,8.265],[-12.9363,8.2643],[-12.9346,8.2622],[-12.9344,8.2626],[-12.9327,8.266],[-12.9363,8.2679],[-12.9327,8.2695],[-12.9326,8.2695],[-12.9326,8.2695],[-12.9307,8.2699],[-12.9296,8.2719],[-12.927,8.2726],[-12.9268,8.2727],[-12.9269,8.2734],[-12.9276,8.2766],[-12.926,8.2802],[-12.9232,8.2818],[-12.9212,8.2842],[-12.9185,8.2889],[-12.9173,8.2933],[-12.9157,8.2937],[-12.9133,8.2988],[-12.9169,8.3028],[-12.9145,8.3063],[-12.9147,8.3065],[-12.9154,8.3077],[-12.9177,8.3111],[-12.9184,8.3135],[-12.9193,8.3162],[-12.9209,8.3206],[-12.9205,8.3224],[-12.9205,8.3225],[-12.9201,8.3245],[-12.9202,8.3247],[-12.9236,8.3278],[-12.925,8.3291],[-12.926,8.3301],[-12.9264,8.3344],[-12.9276,8.3388],[-12.9262,8.3435],[-12.926,8.3443],[-12.9256,8.351],[-12.9205,8.3518],[-12.9189,8.353],[-12.9187,8.354],[-12.9181,8.3578],[-12.9181,8.3637],[-12.9191,8.365],[-12.9202,8.3664],[-12.9209,8.3673],[-12.9292,8.3665],[-12.9339,8.3673],[-12.9355,8.3676],[-12.9418,8.3688],[-12.9482,8.3692],[-12.9547,8.37],[-12.9552,8.3701],[-12.9634,8.3712],[-12.9662,8.371],[-12.9687,8.3708],[-12.9689,8.3708],[-12.9715,8.371],[-12.9725,8.3711],[-12.9745,8.3712],[-12.9792,8.3704],[-12.9816,8.3688],[-12.984,8.3661],[-12.9875,8.3641],[-12.9931,8.3657],[-12.9941,8.366],[-12.9986,8.3673],[-13.0034,8.3661],[-13.0065,8.3681],[-13.0086,8.3704],[-13.0093,8.3712],[-13.0105,8.3729],[-13.0109,8.3735],[-13.0113,8.374],[-13.0129,8.3756],[-13.0145,8.3753],[-13.0148,8.3752],[-13.0156,8.3769],[-13.016,8.378],[-13.0178,8.378],[-13.0188,8.378],[-13.0208,8.382],[-13.0216,8.3835],[-13.0221,8.3834],[-13.0232,8.3832],[-13.0236,8.3831],[-13.0239,8.3772],[-13.0255,8.3736],[-13.0295,8.3724],[-13.0321,8.3734],[-13.0327,8.3736],[-13.034,8.3747],[-13.0346,8.3752],[-13.035,8.3745],[-13.0369,8.3706],[-13.037,8.3704],[-13.0372,8.3706],[-13.0392,8.3724],[-13.0402,8.3732],[-13.0411,8.3757]]]]}},{"type":"Feature","properties":{"districtId":"western_urban","name":"Western Area Urban"},"geometry":{"type":"Polygon","coordinates":[[[-13.1337,8.4183],[-13.1338,8.4184],[-13.134,8.4185],[-13.134,8.4187],[-13.1338,8.4189],[-13.1336,8.419],[-13.1331,8.4192],[-13.1322,8.4194],[-13.1315,8.4194],[-13.1306,8.4193],[-13.1302,8.4192],[-13.1298,8.419],[-13.1294,8.4186],[-13.1292,8.4184],[-13.1287,8.4182],[-13.1282,8.4181],[-13.128,8.4181],[-13.1277,8.4181],[-13.1273,8.4181],[-13.127,8.4181],[-13.1265,8.4184],[-13.1263,8.4189],[-13.1261,8.4193],[-13.1263,8.4197],[-13.1266,8.4201],[-13.1268,8.4203],[-13.1272,8.4205],[-13.1277,8.4208],[-13.1283,8.4214],[-13.1288,8.422],[-13.1289,8.4224],[-13.1292,8.4229],[-13.1294,8.4234],[-13.1296,8.4237],[-13.1299,8.4244],[-13.1299,8.4248],[-13.13,8.4251],[-13.1302,8.4252],[-13.1304,8.4253],[-13.1305,8.4255],[-13.1305,8.4257],[-13.1305,8.4259],[-13.1306,8.426],[-13.1306,8.4261],[-13.1307,8.4262],[-13.1308,8.4262],[-13.1308,8.4264],[-13.1311,8.4267],[-13.1312,8.4269],[-13.1316,8.4274],[-13.132,8.4272],[-13.1321,8.4271],[-13.1324,8.4269],[-13.1326,8.4267],[-13.1325,8.4265],[-13.1326,8.4265],[-13.1326,8.4263],[-13.1327,8.4264],[-13.1327,8.426],[-13.1327,8.4259],[-13.1327,8.4259],[-13.1328,8.4258],[-13.1328,8.4257],[-13.1329,8.4257],[-13.1331,8.4258],[-13.1333,8.4259],[-13.1333,8.4258],[-13.1334,8.4257],[-13.1334,8.4257],[-13.1335,8.4256],[-13.1337,8.4256],[-13.1338,8.4255],[-13.1337,8.4254],[-13.1337,8.4253],[-13.1338,8.4252],[-13.1338,8.4254],[-13.1339,8.4254],[-13.1341,8.4254],[-13.1342,8.4252],[-13.1344,8.4252],[-13.1345,8.425],[-13.1347,8.4251],[-13.1348,8.425],[-13.135,8.4249],[-13.135,8.4248],[-13.1351,8.4247],[-13.1352,8.4249],[-13.1353,8.425],[-13.1357,8.4251],[-13.136,8.4251],[-13.1362,8.4252],[-13.1363,8.4253],[-13.1365,8.4254],[-13.1367,8.4253],[-13.1367,8.4252],[-13.1365,8.4252],[-13.1364,8.425],[-13.1366,8.4249],[-13.1368,8.425],[-13.1369,8.4251],[-13.137,8.4251],[-13.137,8.4253],[-13.1369,8.4254],[-13.1369,8.4255],[-13.137,8.4255],[-13.1372,8.4255],[-13.1372,8.4255],[-13.1373,8.4254],[-13.1375,8.4255],[-13.1376,8.4255],[-13.1375,8.4257],[-13.1376,8.4256],[-13.1377,8.4256],[-13.138,8.4257],[-13.1382,8.4257],[-13.1383,8.4259],[-13.1385,8.426],[-13.1388,8.426],[-13.139,8.4262],[-13.1392,8.4263],[-13.1394,8.4263],[-13.1396,8.4263],[-13.1398,8.4263],[-13.1401,8.4262],[-13.1402,8.426],[-13.1404,8.4261],[-13.1404,8.4263],[-13.1408,8.4266],[-13.1408,8.4268],[-13.141,8.4271],[-13.1411,8.4272],[-13.1414,8.4271],[-13.1415,8.4271],[-13.1416,8.4271],[-13.1417,8.4272],[-13.1419,8.4273],[-13.1421,8.4273],[-13.1423,8.4274],[-13.1427,8.4274],[-13.1428,8.4275],[-13.143,8.4275],[-13.1433,8.4278],[-13.1434,8.428],[-13.1433,8.4281],[-13.1433,8.4283],[-13.1432,8.4284],[-13.1428,8.4285],[-13.1426,8.4286],[-13.1426,8.4288],[-13.1427,8.4291],[-13.1427,8.4293],[-13.1428,8.4295],[-13.1431,8.4297],[-13.1433,8.4298],[-13.1436,8.43],[-13.1438,8.4301],[-13.1438,8.4303],[-13.144,8.4305],[-13.1446,8.4307],[-13.1449,8.4309],[-13.1452,8.4313],[-13.1455,8.4316],[-13.1456,8.4318],[-13.1459,8.432],[-13.1462,8.4321],[-13.1464,8.4322],[-13.1466,8.4325],[-13.1468,8.4328],[-13.1468,8.4328],[-13.1469,8.4329],[-13.1472,8.4332],[-13.1475,8.4334],[-13.1476,8.4335],[-13.1476,8.4336],[-13.1478,8.4339],[-13.1481,8.4341],[-13.1482,8.4343],[-13.1483,8.4345],[-13.1485,8.4348],[-13.1486,8.4349],[-13.1488,8.4352],[-13.149,8.4354],[-13.149,8.4354],[-13.1491,8.4356],[-13.1493,8.4358],[-13.1494,8.4357],[-13.1495,8.4356],[-13.1495,8.4359],[-13.1496,8.4362],[-13.1496,8.4365],[-13.1497,8.4367],[-13.15,8.437],[-13.1503,8.4372],[-13.1506,8.437],[-13.1506,8.4372],[-13.1504,8.4376],[-13.1506,8.4377],[-13.151,8.4376],[-13.1514,8.4377],[-13.1515,8.4378],[-13.1512,8.4378],[-13.1509,8.4379],[-13.1506,8.438],[-13.1505,8.4382],[-13.1507,8.4384],[-13.1508,8.4387],[-13.151,8.439],[-13.151,8.4391],[-13.1513,8.4396],[-13.1515,8.44],[-13.1515,8.44],[-13.1515,8.4404],[-13.1516,8.4407],[-13.152,8.4411],[-13.1521,8.4414],[-13.1523,8.4419],[-13.1524,8.442],[-13.1527,8.4422],[-13.1529,8.4425],[-13.153,8.4427],[-13.1532,8.4428],[-13.153,8.443],[-13.1532,8.443],[-13.1533,8.4431],[-13.1532,8.4432],[-13.153,8.443],[-13.1527,8.4429],[-13.1527,8.443],[-13.1526,8.4432],[-13.1526,8.4435],[-13.1527,8.4438],[-13.1528,8.4441],[-13.1529,8.4443],[-13.1533,8.4445],[-13.1533,8.4448],[-13.1537,8.445],[-13.1537,8.4454],[-13.154,8.4454],[-13.1544,8.4455],[-13.1545,8.4457],[-13.1545,8.4458],[-13.1545,8.446],[-13.1546,8.4462],[-13.1547,8.4465],[-13.1547,8.4468],[-13.1547,8.4472],[-13.1547,8.4477],[-13.1548,8.4479],[-13.1551,8.448],[-13.1553,8.448],[-13.1554,8.4478],[-13.1557,8.4477],[-13.1555,8.4481],[-13.1553,8.4483],[-13.1553,8.4485],[-13.1554,8.4489],[-13.1557,8.4491],[-13.156,8.4494],[-13.1561,8.4496],[-13.1561,8.4497],[-13.1564,8.4501],[-13.1567,8.4503],[-13.1568,8.4506],[-13.157,8.451],[-13.1572,8.4512],[-13.1574,8.4513],[-13.1577,8.4517],[-13.1579,8.452],[-13.158,8.4523],[-13.1584,8.4525],[-13.1587,8.4524],[-13.1588,8.4526],[-13.1588,8.4527],[-13.1588,8.4529],[-13.1587,8.453],[-13.1588,8.4534],[-13.1589,8.4537],[-13.1591,8.4539],[-13.1593,8.454],[-13.1595,8.4541],[-13.1598,8.4543],[-13.16,8.4545],[-13.1604,8.4546],[-13.1606,8.4549],[-13.1609,8.455],[-13.1611,8.455],[-13.1614,8.4551],[-13.1615,8.4552],[-13.1617,8.4553],[-13.1621,8.4556],[-13.1623,8.4558],[-13.1626,8.4559],[-13.1631,8.456],[-13.1634,8.4561],[-13.1638,8.4561],[-13.1641,8.4564],[-13.1644,8.4565],[-13.1647,8.4565],[-13.165,8.4565],[-13.1652,8.4565],[-13.1654,8.4563],[-13.1657,8.4561],[-13.1658,8.4561],[-13.1659,8.4561],[-13.1659,8.4564],[-13.1659,8.4568],[-13.166,8.4569],[-13.1663,8.4568],[-13.1663,8.4571],[-13.1664,8.457],[-13.1665,8.4569],[-13.1667,8.4569],[-13.1667,8.457],[-13.1667,8.4571],[-13.1666,8.4572],[-13.1667,8.4574],[-13.1669,8.4577],[-13.167,8.4578],[-13.1673,8.458],[-13.1673,8.4582],[-13.1676,8.4584],[-13.1678,8.4584],[-13.1679,8.4585],[-13.168,8.4586],[-13.168,8.4587],[-13.1681,8.4588],[-13.1683,8.4588],[-13.1686,8.4589],[-13.1687,8.4588],[-13.1688,8.4586],[-13.1689,8.4586],[-13.1691,8.4588],[-13.169,8.4589],[-13.1688,8.4591],[-13.1688,8.4592],[-13.1687,8.4593],[-13.1687,8.4595],[-13.1689,8.4597],[-13.1689,8.4598],[-13.1691,8.4599],[-13.1691,8.46],[-13.1691,8.4602],[-13.1692,8.4605],[-13.1693,8.4607],[-13.1693,8.4611],[-13.1692,8.4613],[-13.1692,8.4616],[-13.1692,8.4619],[-13.1693,8.4623],[-13.1695,8.4625],[-13.1699,8.4629],[-13.17,8.4629],[-13.1706,8.4633],[-13.1708,8.4635],[-13.1708,8.4635],[-13.171,8.4637],[-13.1711,8.4637],[-13.1712,8.4637],[-13.1713,8.4638],[-13.1713,8.4639],[-13.1714,8.4639],[-13.1713,8.4641],[-13.1712,8.4642],[-13.1711,8.4646],[-13.171,8.4647],[-13.1709,8.465],[-13.1709,8.4654],[-13.171,8.4659],[-13.1712,8.4663],[-13.1714,8.4667],[-13.1715,8.4668],[-13.1716,8.4669],[-13.1719,8.4674],[-13.1719,8.4674],[-13.172,8.4677],[-13.1725,8.468],[-13.1728,8.4681],[-13.1731,8.4686],[-13.1733,8.4688],[-13.1733,8.4689],[-13.1735,8.469],[-13.1738,8.4692],[-13.1739,8.4694],[-13.1741,8.4697],[-13.1744,8.4698],[-13.1745,8.4699],[-13.1752,8.4703],[-13.1757,8.4705],[-13.176,8.4708],[-13.1761,8.4709],[-13.1764,8.4712],[-13.1765,8.4712],[-13.177,8.4717],[-13.177,8.4717],[-13.1776,8.4722],[-13.1777,8.4724],[-13.1779,8.4726],[-13.1784,8.4729],[-13.1785,8.4729],[-13.1787,8.473],[-13.179,8.4732],[-13.1793,8.4734],[-13.1795,8.4737],[-13.1798,8.474],[-13.1802,8.4744],[-13.1807,8.4749],[-13.1809,8.4753],[-13.1809,8.4757],[-13.181,8.476],[-13.1812,8.4764],[-13.1815,8.4768],[-13.1818,8.4772],[-13.1819,8.4776],[-13.182,8.4779],[-13.1823,8.4781],[-13.1828,8.4783],[-13.1831,8.4783],[-13.1835,8.4781],[-13.1839,8.4779],[-13.1843,8.4778],[-13.1844,8.4778],[-13.1846,8.4778],[-13.1848,8.4775],[-13.1851,8.4775],[-13.1854,8.4774],[-13.1857,8.4772],[-13.1858,8.4771],[-13.1861,8.4771],[-13.1861,8.4774],[-13.186,8.4777],[-13.1859,8.478],[-13.1856,8.4784],[-13.1854,8.4789],[-13.1854,8.4791],[-13.1854,8.4795],[-13.1852,8.4798],[-13.185,8.4802],[-13.185,8.4805],[-13.185,8.4806],[-13.1851,8.4809],[-13.1854,8.4812],[-13.1854,8.4812],[-13.1855,8.4814],[-13.1857,8.4816],[-13.186,8.4816],[-13.1863,8.4818],[-13.1865,8.482],[-13.1868,8.4822],[-13.1871,8.4823],[-13.1876,8.4823],[-13.1883,8.4818],[-13.189,8.4814],[-13.1893,8.4811],[-13.1898,8.4808],[-13.1902,8.4808],[-13.1909,8.481],[-13.1914,8.4809],[-13.1917,8.4811],[-13.1922,8.4812],[-13.1926,8.4813],[-13.1929,8.4815],[-13.1931,8.4817],[-13.1933,8.4821],[-13.1936,8.4824],[-13.1939,8.4824],[-13.194,8.4824],[-13.1943,8.4822],[-13.1947,8.4821],[-13.195,8.4819],[-13.1952,8.482],[-13.1954,8.4819],[-13.1955,8.4818],[-13.1955,8.4815],[-13.1954,8.4811],[-13.1956,8.481],[-13.1961,8.4809],[-13.1963,8.4808],[-13.1964,8.4807],[-13.1965,8.4806],[-13.197,8.4806],[-13.1972,8.4807],[-13.1977,8.4809],[-13.198,8.4809],[-13.1983,8.4812],[-13.1985,8.4815],[-13.199,8.4817],[-13.1994,8.4818],[-13.1997,8.4818],[-13.2,8.4817],[-13.2,8.4816],[-13.2001,8.4815],[-13.2004,8.4814],[-13.2006,8.4814],[-13.2007,8.4813],[-13.2008,8.4812],[-13.201,8.4811],[-13.2012,8.481],[-13.2013,8.4809],[-13.2016,8.4809],[-13.2018,8.4809],[-13.202,8.481],[-13.2022,8.4812],[-13.2025,8.4816],[-13.2026,8.4817],[-13.2026,8.4818],[-13.2027,8.4819],[-13.2028,8.4821],[-13.2031,8.4823],[-13.2032,8.4825],[-13.2033,8.4828],[-13.2032,8.483],[-13.2032,8.4835],[-13.2033,8.4838],[-13.2031,8.4843],[-13.2029,8.4847],[-13.2026,8.4851],[-13.2024,8.4854],[-13.2023,8.4856],[-13.2024,8.4857],[-13.2026,8.4858],[-13.2027,8.4857],[-13.2029,8.4857],[-13.2031,8.4856],[-13.2033,8.4856],[-13.2034,8.4855],[-13.2036,8.4855],[-13.2037,8.4854],[-13.2038,8.4854],[-13.204,8.4854],[-13.2043,8.4855],[-13.2043,8.4856],[-13.2045,8.4858],[-13.2046,8.4857],[-13.2046,8.4858],[-13.2049,8.4858],[-13.2051,8.4859],[-13.2054,8.4858],[-13.2056,8.4856],[-13.2056,8.4855],[-13.2057,8.4854],[-13.2058,8.4852],[-13.2058,8.485],[-13.2059,8.4849],[-13.206,8.4849],[-13.2061,8.4848],[-13.2062,8.4848],[-13.2063,8.4849],[-13.2066,8.4851],[-13.2067,8.4851],[-13.2068,8.4852],[-13.2069,8.4853],[-13.207,8.4854],[-13.2072,8.4857],[-13.2071,8.4858],[-13.207,8.4858],[-13.2069,8.4859],[-13.2069,8.4861],[-13.2069,8.4862],[-13.2069,8.4864],[-13.2069,8.4865],[-13.2069,8.4866],[-13.2069,8.4867],[-13.2069,8.4869],[-13.2068,8.4872],[-13.2067,8.4874],[-13.2066,8.4876],[-13.2064,8.4877],[-13.2063,8.4878],[-13.206,8.4879],[-13.2058,8.4879],[-13.2056,8.4879],[-13.2054,8.4878],[-13.2053,8.4878],[-13.2051,8.4876],[-13.205,8.4876],[-13.205,8.4877],[-13.2049,8.4876],[-13.2049,8.4875],[-13.2047,8.4874],[-13.2045,8.4874],[-13.2044,8.4875],[-13.2043,8.4875],[-13.2043,8.4875],[-13.2042,8.4875],[-13.2042,8.4874],[-13.2041,8.4874],[-13.204,8.4873],[-13.204,8.4873],[-13.2036,8.4875],[-13.2033,8.4876],[-13.2028,8.4881],[-13.2031,8.4883],[-13.2032,8.4886],[-13.2026,8.489],[-13.2026,8.4897],[-13.2029,8.4904],[-13.2032,8.4907],[-13.2033,8.4907],[-13.2037,8.4907],[-13.2041,8.4906],[-13.2043,8.4906],[-13.2045,8.4906],[-13.2047,8.4905],[-13.205,8.4906],[-13.2055,8.4908],[-13.2058,8.4909],[-13.2059,8.491],[-13.2063,8.4913],[-13.2066,8.4916],[-13.2069,8.4918],[-13.2071,8.4919],[-13.2074,8.4921],[-13.2079,8.4925],[-13.2079,8.4925],[-13.2083,8.4928],[-13.2086,8.493],[-13.2088,8.4932],[-13.2089,8.4935],[-13.2091,8.4937],[-13.2096,8.494],[-13.2101,8.494],[-13.2108,8.494],[-13.2129,8.494],[-13.2138,8.494],[-13.2157,8.4941],[-13.2162,8.4941],[-13.2162,8.4935],[-13.2162,8.4932],[-13.2162,8.4929],[-13.2163,8.4929],[-13.2163,8.4927],[-13.2163,8.4925],[-13.2162,8.4922],[-13.2162,8.4921],[-13.2163,8.492],[-13.2164,8.4919],[-13.2165,8.4918],[-13.2169,8.4917],[-13.2174,8.4914],[-13.2181,8.4913],[-13.2183,8.4912],[-13.2186,8.491],[-13.2187,8.4909],[-13.2189,8.4909],[-13.219,8.4908],[-13.2193,8.4907],[-13.2196,8.4907],[-13.2198,8.4907],[-13.22,8.4907],[-13.2201,8.4907],[-13.2203,8.4908],[-13.2207,8.4908],[-13.2211,8.4908],[-13.2216,8.4909],[-13.2216,8.4909],[-13.2217,8.4909],[-13.2218,8.4909],[-13.2217,8.4908],[-13.2218,8.4908],[-13.2218,8.4908],[-13.222,8.4908],[-13.2221,8.4908],[-13.2223,8.4909],[-13.2225,8.4909],[-13.2226,8.4909],[-13.2227,8.4909],[-13.2228,8.4909],[-13.2229,8.4908],[-13.2231,8.4908],[-13.2232,8.4908],[-13.2232,8.4908],[-13.2232,8.4907],[-13.2233,8.4907],[-13.2234,8.4907],[-13.2234,8.4907],[-13.2235,8.4906],[-13.2236,8.4907],[-13.2237,8.4908],[-13.2238,8.4908],[-13.2238,8.4909],[-13.2239,8.4909],[-13.224,8.491],[-13.224,8.491],[-13.2241,8.491],[-13.2241,8.4909],[-13.2242,8.4909],[-13.2244,8.4909],[-13.2244,8.4909],[-13.2245,8.491],[-13.2246,8.491],[-13.2247,8.491],[-13.2247,8.491],[-13.2248,8.491],[-13.2249,8.491],[-13.225,8.491],[-13.2251,8.491],[-13.2252,8.491],[-13.2253,8.491],[-13.2254,8.491],[-13.2255,8.491],[-13.2256,8.491],[-13.2257,8.4911],[-13.2257,8.4911],[-13.2258,8.4912],[-13.2259,8.4912],[-13.2259,8.4913],[-13.2259,8.4914],[-13.2259,8.4914],[-13.2259,8.4915],[-13.226,8.4915],[-13.226,8.4916],[-13.2261,8.4916],[-13.2262,8.4916],[-13.2262,8.4917],[-13.2263,8.4917],[-13.2263,8.4917],[-13.2263,8.4918],[-13.2264,8.4919],[-13.2265,8.4919],[-13.2265,8.4919],[-13.2266,8.4919],[-13.2267,8.4919],[-13.2269,8.492],[-13.2269,8.492],[-13.227,8.4919],[-13.2271,8.4918],[-13.2271,8.4918],[-13.2273,8.4918],[-13.2274,8.4918],[-13.2274,8.4916],[-13.2272,8.4917],[-13.2272,8.4917],[-13.2271,8.4916],[-13.2271,8.4914],[-13.2271,8.4913],[-13.2271,8.4913],[-13.2272,8.4912],[-13.2273,8.4911],[-13.2274,8.491],[-13.2274,8.4909],[-13.2275,8.4909],[-13.2275,8.4908],[-13.2275,8.4907],[-13.2276,8.4906],[-13.2276,8.4905],[-13.2276,8.4905],[-13.2277,8.4904],[-13.2278,8.4903],[-13.2278,8.4903],[-13.2278,8.4902],[-13.2279,8.4902],[-13.228,8.4901],[-13.228,8.4901],[-13.2281,8.4899],[-13.2283,8.4897],[-13.2284,8.4897],[-13.2285,8.4896],[-13.2287,8.4897],[-13.2289,8.4899],[-13.229,8.4898],[-13.229,8.4896],[-13.2292,8.4896],[-13.2292,8.4897],[-13.2293,8.4897],[-13.2294,8.4898],[-13.2294,8.4898],[-13.2295,8.4899],[-13.2296,8.49],[-13.2298,8.4902],[-13.2299,8.4904],[-13.23,8.4905],[-13.2301,8.4906],[-13.2302,8.4907],[-13.2302,8.4908],[-13.2303,8.4908],[-13.2304,8.4909],[-13.2305,8.4909],[-13.2306,8.4909],[-13.2306,8.491],[-13.2307,8.4909],[-13.2308,8.4909],[-13.2309,8.491],[-13.2311,8.4911],[-13.2312,8.4911],[-13.2313,8.4913],[-13.2314,8.4915],[-13.2314,8.4916],[-13.2315,8.4918],[-13.2316,8.4919],[-13.2317,8.4921],[-13.2318,8.4923],[-13.2318,8.4924],[-13.2318,8.4926],[-13.232,8.4929],[-13.2321,8.4931],[-13.2322,8.4932],[-13.2324,8.4931],[-13.2337,8.4923],[-13.2339,8.4922],[-13.2341,8.4921],[-13.2343,8.4919],[-13.2344,8.4919],[-13.2346,8.4917],[-13.2347,8.4917],[-13.2347,8.4916],[-13.2348,8.4916],[-13.2348,8.4917],[-13.2349,8.4918],[-13.235,8.4918],[-13.2352,8.4918],[-13.2354,8.4919],[-13.2355,8.4918],[-13.2357,8.4916],[-13.2358,8.4915],[-13.2361,8.4912],[-13.2362,8.4913],[-13.2363,8.4913],[-13.2366,8.4911],[-13.2367,8.4909],[-13.2369,8.4908],[-13.237,8.4907],[-13.2372,8.4906],[-13.2373,8.4904],[-13.2373,8.4904],[-13.2372,8.4903],[-13.2372,8.4901],[-13.2372,8.4901],[-13.2372,8.4899],[-13.2372,8.4899],[-13.2372,8.4897],[-13.2373,8.4896],[-13.2374,8.4896],[-13.2375,8.4895],[-13.2376,8.4895],[-13.2377,8.4894],[-13.2378,8.4894],[-13.2379,8.4893],[-13.238,8.4892],[-13.2381,8.4893],[-13.2382,8.4893],[-13.2383,8.4893],[-13.2384,8.4893],[-13.2385,8.4892],[-13.2386,8.4892],[-13.2386,8.4891],[-13.2388,8.4891],[-13.2388,8.489],[-13.2389,8.4889],[-13.2389,8.4888],[-13.239,8.4888],[-13.239,8.4885],[-13.239,8.4883],[-13.239,8.4883],[-13.2389,8.4882],[-13.2389,8.4881],[-13.2389,8.488],[-13.239,8.4879],[-13.239,8.4878],[-13.239,8.4877],[-13.239,8.4876],[-13.2391,8.4875],[-13.2392,8.4874],[-13.2393,8.4874],[-13.2395,8.4874],[-13.2396,8.4874],[-13.2398,8.4874],[-13.24,8.4875],[-13.2402,8.4876],[-13.2404,8.4877],[-13.2405,8.4879],[-13.2409,8.4879],[-13.2412,8.4879],[-13.2416,8.4879],[-13.2417,8.4879],[-13.2418,8.488],[-13.2419,8.4881],[-13.2421,8.4882],[-13.2421,8.4884],[-13.2422,8.4886],[-13.2424,8.4887],[-13.2426,8.4889],[-13.2428,8.4892],[-13.243,8.4894],[-13.2432,8.4897],[-13.2433,8.4899],[-13.2433,8.4901],[-13.2433,8.4903],[-13.2433,8.4905],[-13.2433,8.4906],[-13.2435,8.491],[-13.2437,8.4911],[-13.244,8.4914],[-13.2442,8.4914],[-13.2443,8.4916],[-13.2445,8.4917],[-13.2446,8.4919],[-13.2448,8.492],[-13.2448,8.4922],[-13.245,8.4923],[-13.2449,8.4927],[-13.2454,8.4931],[-13.2455,8.493],[-13.2451,8.4927],[-13.2451,8.4925],[-13.2452,8.4925],[-13.2455,8.4927],[-13.2457,8.4929],[-13.2461,8.493],[-13.2463,8.4931],[-13.2464,8.4931],[-13.2467,8.4933],[-13.2468,8.4935],[-13.2471,8.4937],[-13.2472,8.4938],[-13.2478,8.4935],[-13.248,8.4934],[-13.2482,8.4933],[-13.2484,8.4933],[-13.2486,8.4934],[-13.2489,8.4933],[-13.2491,8.4933],[-13.2493,8.4934],[-13.2495,8.4933],[-13.25,8.4932],[-13.2502,8.493],[-13.2507,8.4928],[-13.2513,8.4922],[-13.2515,8.4919],[-13.2517,8.4916],[-13.252,8.4913],[-13.2521,8.491],[-13.2523,8.4906],[-13.2525,8.4901],[-13.2528,8.4899],[-13.253,8.4897],[-13.2531,8.4892],[-13.253,8.4887],[-13.2529,8.4882],[-13.2529,8.488],[-13.2529,8.4879],[-13.253,8.4876],[-13.2529,8.4872],[-13.2528,8.487],[-13.2526,8.4868],[-13.2522,8.4867],[-13.2519,8.4867],[-13.2516,8.4867],[-13.2516,8.4865],[-13.2516,8.4863],[-13.2515,8.4861],[-13.2514,8.4858],[-13.2512,8.4856],[-13.251,8.4854],[-13.2507,8.4853],[-13.2505,8.4852],[-13.2504,8.4852],[-13.2505,8.485],[-13.2508,8.4851],[-13.2512,8.4851],[-13.2514,8.4851],[-13.2515,8.4851],[-13.2517,8.4851],[-13.2519,8.4851],[-13.252,8.4852],[-13.2522,8.4852],[-13.2523,8.4852],[-13.2526,8.4851],[-13.2527,8.485],[-13.2529,8.485],[-13.253,8.4849],[-13.2532,8.4848],[-13.2536,8.4846],[-13.2538,8.4846],[-13.254,8.4845],[-13.2542,8.4845],[-13.2543,8.4843],[-13.2546,8.4843],[-13.2548,8.4843],[-13.255,8.4842],[-13.2552,8.4843],[-13.2554,8.4843],[-13.2555,8.4843],[-13.2558,8.4843],[-13.2559,8.4843],[-13.256,8.4843],[-13.256,8.4845],[-13.2562,8.4845],[-13.2563,8.4847],[-13.2563,8.4848],[-13.2564,8.4849],[-13.2564,8.485],[-13.2564,8.4852],[-13.2564,8.4853],[-13.2564,8.4855],[-13.2566,8.4855],[-13.2567,8.4855],[-13.2569,8.4855],[-13.257,8.4855],[-13.2572,8.4856],[-13.2574,8.4857],[-13.2575,8.4858],[-13.2576,8.4859],[-13.2577,8.4859],[-13.2578,8.4861],[-13.2578,8.4862],[-13.2578,8.4863],[-13.2579,8.4865],[-13.258,8.4867],[-13.2579,8.4868],[-13.2577,8.487],[-13.2577,8.4871],[-13.2577,8.4872],[-13.2577,8.4874],[-13.2574,8.4875],[-13.2573,8.4875],[-13.2573,8.4878],[-13.2576,8.488],[-13.2579,8.4879],[-13.2582,8.4878],[-13.2585,8.4877],[-13.2587,8.487],[-13.2594,8.4871],[-13.2599,8.4876],[-13.2601,8.4879],[-13.2601,8.4883],[-13.2601,8.4887],[-13.2598,8.489],[-13.2597,8.4893],[-13.2593,8.4895],[-13.2591,8.4897],[-13.2589,8.4899],[-13.2591,8.4902],[-13.2595,8.4907],[-13.2597,8.4911],[-13.26,8.4914],[-13.2603,8.4918],[-13.2603,8.4921],[-13.2603,8.4923],[-13.2605,8.4925],[-13.2607,8.4928],[-13.2611,8.4933],[-13.2612,8.4936],[-13.2613,8.494],[-13.2619,8.494],[-13.2625,8.4942],[-13.2628,8.4946],[-13.2633,8.495],[-13.2635,8.4953],[-13.2639,8.4956],[-13.264,8.4956],[-13.2643,8.4958],[-13.265,8.496],[-13.2656,8.4962],[-13.2657,8.4964],[-13.266,8.4965],[-13.2663,8.4964],[-13.2671,8.4965],[-13.2672,8.4966],[-13.2673,8.4967],[-13.2677,8.497],[-13.268,8.4971],[-13.2684,8.4968],[-13.2688,8.4966],[-13.269,8.4963],[-13.2692,8.496],[-13.2694,8.4959],[-13.2695,8.4957],[-13.2698,8.4956],[-13.2699,8.4955],[-13.2701,8.4954],[-13.2703,8.4953],[-13.2705,8.495],[-13.2707,8.4947],[-13.2709,8.4947],[-13.271,8.4944],[-13.2709,8.4939],[-13.2708,8.4936],[-13.271,8.4934],[-13.2713,8.4931],[-13.2716,8.4928],[-13.2717,8.4927],[-13.2721,8.4927],[-13.2719,8.4926],[-13.272,8.4924],[-13.2722,8.4922],[-13.2722,8.492],[-13.2722,8.4917],[-13.2721,8.4916],[-13.2721,8.4914],[-13.272,8.4914],[-13.2718,8.4913],[-13.2718,8.491],[-13.2718,8.4909],[-13.2718,8.4907],[-13.2717,8.4906],[-13.2716,8.4905],[-13.2716,8.4904],[-13.2717,8.4901],[-13.2721,8.4898],[-13.2723,8.4897],[-13.2724,8.4895],[-13.2723,8.4895],[-13.2724,8.4892],[-13.2727,8.489],[-13.2731,8.4886],[-13.2732,8.4884],[-13.2732,8.4884],[-13.2733,8.4884],[-13.2734,8.4883],[-13.2737,8.4882],[-13.2738,8.4879],[-13.2736,8.4876],[-13.2735,8.4874],[-13.2735,8.4873],[-13.2733,8.4871],[-13.2733,8.4871],[-13.2734,8.4868],[-13.2734,8.4866],[-13.2732,8.4866],[-13.273,8.4866],[-13.2729,8.4864],[-13.273,8.4863],[-13.2729,8.4862],[-13.273,8.486],[-13.2733,8.4862],[-13.2733,8.4862],[-13.2736,8.4861],[-13.2739,8.486],[-13.2742,8.4858],[-13.2742,8.4856],[-13.2743,8.4854],[-13.2743,8.4852],[-13.2742,8.4851],[-13.2742,8.485],[-13.2742,8.4848],[-13.2742,8.4845],[-13.2744,8.4846],[-13.2744,8.4844],[-13.2746,8.4844],[-13.2746,8.4843],[-13.2746,8.4841],[-13.2746,8.4839],[-13.2743,8.4839],[-13.2745,8.4838],[-13.2745,8.4837],[-13.2745,8.4835],[-13.2744,8.4832],[-13.2742,8.483],[-13.2742,8.4828],[-13.2743,8.4827],[-13.2743,8.4825],[-13.2746,8.4825],[-13.2747,8.4823],[-13.2749,8.4825],[-13.2751,8.4825],[-13.2753,8.4825],[-13.2754,8.4824],[-13.2756,8.4824],[-13.2758,8.4825],[-13.2759,8.4824],[-13.276,8.4822],[-13.2762,8.4822],[-13.2764,8.4822],[-13.2766,8.4821],[-13.2768,8.4821],[-13.2768,8.4819],[-13.2768,8.4816],[-13.2767,8.4813],[-13.2766,8.4811],[-13.2765,8.4809],[-13.2765,8.4807],[-13.2764,8.4805],[-13.2763,8.4804],[-13.2762,8.4802],[-13.2762,8.4799],[-13.2761,8.4796],[-13.276,8.4793],[-13.276,8.4792],[-13.2759,8.4791],[-13.2759,8.4789],[-13.2759,8.4788],[-13.2761,8.4786],[-13.276,8.4783],[-13.276,8.4779],[-13.2762,8.4777],[-13.2763,8.4775],[-13.2764,8.4773],[-13.2766,8.4771],[-13.2767,8.477],[-13.2768,8.4768],[-13.2768,8.4766],[-13.2769,8.4765],[-13.277,8.4764],[-13.277,8.4763],[-13.277,8.4761],[-13.2771,8.4761],[-13.2773,8.476],[-13.2775,8.4759],[-13.2776,8.4758],[-13.2777,8.4759],[-13.278,8.4759],[-13.2781,8.4757],[-13.2781,8.4754],[-13.2781,8.4751],[-13.2784,8.4748],[-13.2785,8.4746],[-13.2787,8.4742],[-13.2789,8.4752],[-13.2793,8.4762],[-13.2793,8.4764],[-13.2792,8.4766],[-13.2789,8.4776],[-13.2784,8.4787],[-13.2779,8.4794],[-13.278,8.48],[-13.2783,8.4808],[-13.2784,8.4811],[-13.2786,8.4815],[-13.2786,8.4815],[-13.2789,8.4815],[-13.2793,8.4814],[-13.2794,8.4814],[-13.2795,8.4816],[-13.2795,8.4819],[-13.2795,8.4823],[-13.2796,8.4829],[-13.28,8.4829],[-13.2804,8.4828],[-13.2802,8.4831],[-13.2806,8.4834],[-13.2801,8.4835],[-13.2798,8.4837],[-13.2798,8.4841],[-13.2803,8.4842],[-13.2798,8.4842],[-13.2796,8.4844],[-13.2796,8.4845],[-13.2795,8.4848],[-13.2796,8.4852],[-13.2796,8.4855],[-13.2799,8.4857],[-13.2799,8.4859],[-13.28,8.4862],[-13.2801,8.4864],[-13.2801,8.4867],[-13.2804,8.4869],[-13.2807,8.4872],[-13.2811,8.4873],[-13.2814,8.4875],[-13.2818,8.4875],[-13.2822,8.4873],[-13.2825,8.4871],[-13.2829,8.4866],[-13.283,8.4866],[-13.2831,8.4868],[-13.2831,8.4871],[-13.2829,8.4874],[-13.2826,8.4877],[-13.2825,8.488],[-13.2823,8.4883],[-13.2823,8.4887],[-13.2823,8.4889],[-13.282,8.4887],[-13.2817,8.4887],[-13.2815,8.4891],[-13.2813,8.4894],[-13.2813,8.4897],[-13.2813,8.49],[-13.2812,8.4902],[-13.281,8.4903],[-13.2807,8.4904],[-13.2803,8.4907],[-13.2801,8.4911],[-13.2795,8.4916],[-13.2795,8.4919],[-13.2793,8.492],[-13.2791,8.492],[-13.2785,8.4921],[-13.2779,8.4922],[-13.2773,8.4923],[-13.2768,8.4922],[-13.2763,8.492],[-13.276,8.492],[-13.2758,8.4919],[-13.2755,8.4918],[-13.2751,8.4918],[-13.275,8.492],[-13.275,8.4922],[-13.2748,8.4925],[-13.2744,8.4926],[-13.2742,8.4928],[-13.274,8.493],[-13.2737,8.493],[-13.2735,8.493],[-13.2732,8.4929],[-13.2733,8.493],[-13.2739,8.4938],[-13.2749,8.4942],[-13.2758,8.4943],[-13.2766,8.4943],[-13.2778,8.4943],[-13.2785,8.4944],[-13.2791,8.4946],[-13.2793,8.4947],[-13.2795,8.4948],[-13.2801,8.4954],[-13.2805,8.496],[-13.2808,8.4965],[-13.2813,8.4966],[-13.2817,8.4965],[-13.2823,8.4962],[-13.2828,8.4961],[-13.2831,8.4961],[-13.2834,8.4961],[-13.284,8.4962],[-13.2846,8.4965],[-13.2853,8.4974],[-13.2856,8.498],[-13.2859,8.4987],[-13.2863,8.4993],[-13.2871,8.4997],[-13.2881,8.4998],[-13.2888,8.4998],[-13.2896,8.4996],[-13.2902,8.4993],[-13.2907,8.4988],[-13.2908,8.4981],[-13.2909,8.4976],[-13.2912,8.4973],[-13.2917,8.4971],[-13.2918,8.4971],[-13.2921,8.497],[-13.2922,8.497],[-13.2928,8.4971],[-13.2932,8.497],[-13.2937,8.4971],[-13.2943,8.4974],[-13.2947,8.4981],[-13.2954,8.4987],[-13.2958,8.4991],[-13.2962,8.4994],[-13.2966,8.4994],[-13.2971,8.4994],[-13.2971,8.4989],[-13.2972,8.4984],[-13.2973,8.498],[-13.2973,8.4977],[-13.2973,8.4973],[-13.2974,8.4971],[-13.2975,8.4968],[-13.2978,8.4964],[-13.298,8.4961],[-13.2981,8.4956],[-13.2983,8.4952],[-13.2988,8.4949],[-13.2989,8.4945],[-13.2989,8.4941],[-13.2985,8.4938],[-13.2977,8.4931],[-13.2973,8.4928],[-13.2965,8.4921],[-13.2959,8.4917],[-13.2952,8.4918],[-13.2945,8.4919],[-13.2944,8.4919],[-13.2939,8.4921],[-13.2932,8.4918],[-13.2926,8.4911],[-13.2919,8.4903],[-13.291,8.489],[-13.2902,8.4877],[-13.2895,8.4862],[-13.2886,8.4844],[-13.2881,8.4829],[-13.2874,8.4816],[-13.2858,8.4793],[-13.2849,8.4774],[-13.2846,8.4762],[-13.2841,8.4748],[-13.2836,8.4737],[-13.2831,8.4726],[-13.2827,8.4718],[-13.2823,8.4702],[-13.2819,8.4683],[-13.2813,8.4672],[-13.2806,8.4652],[-13.2804,8.4641],[-13.2801,8.4628],[-13.2797,8.4617],[-13.2796,8.461],[-13.2793,8.4605],[-13.279,8.459],[-13.2786,8.456],[-13.2784,8.455],[-13.2779,8.4545],[-13.2777,8.4543],[-13.2783,8.4542],[-13.2786,8.4538],[-13.2786,8.4535],[-13.279,8.4534],[-13.2793,8.453],[-13.2794,8.4529],[-13.2796,8.4531],[-13.2797,8.4533],[-13.28,8.4534],[-13.2803,8.453],[-13.2807,8.453],[-13.2808,8.4529],[-13.2807,8.4524],[-13.2807,8.452],[-13.2805,8.4518],[-13.2804,8.4514],[-13.28,8.4509],[-13.28,8.4501],[-13.2799,8.449],[-13.2798,8.4485],[-13.2797,8.4467],[-13.2796,8.4444],[-13.2799,8.4425],[-13.2799,8.4416],[-13.28,8.4413],[-13.2795,8.4412],[-13.279,8.4412],[-13.2785,8.4413],[-13.2783,8.4414],[-13.2781,8.4417],[-13.2778,8.4419],[-13.2778,8.442],[-13.2775,8.4422],[-13.2773,8.4424],[-13.2769,8.4424],[-13.2763,8.4424],[-13.276,8.4423],[-13.2756,8.4422],[-13.2749,8.4421],[-13.2744,8.442],[-13.2737,8.4418],[-13.2732,8.4416],[-13.2728,8.4415],[-13.2723,8.4415],[-13.2718,8.4416],[-13.2716,8.4417],[-13.2715,8.4417],[-13.271,8.4415],[-13.2709,8.4414],[-13.2703,8.4411],[-13.27,8.4407],[-13.2698,8.4404],[-13.2697,8.4402],[-13.2695,8.4398],[-13.2695,8.4397],[-13.2693,8.4394],[-13.2692,8.4392],[-13.2689,8.4389],[-13.2687,8.4386],[-13.2684,8.4383],[-13.2677,8.4382],[-13.2672,8.4382],[-13.2668,8.4384],[-13.2663,8.4385],[-13.2656,8.4385],[-13.2651,8.4385],[-13.2646,8.4385],[-13.264,8.4387],[-13.2637,8.4388],[-13.2635,8.4388],[-13.2632,8.4388],[-13.263,8.4387],[-13.2617,8.4384],[-13.2617,8.4386],[-13.2617,8.4394],[-13.2612,8.4395],[-13.2602,8.4392],[-13.2591,8.439],[-13.258,8.4391],[-13.2566,8.4393],[-13.2565,8.4393],[-13.2562,8.4393],[-13.2543,8.4395],[-13.2537,8.4394],[-13.2524,8.4393],[-13.2499,8.4393],[-13.2478,8.4392],[-13.2462,8.4391],[-13.2443,8.439],[-13.2425,8.4389],[-13.2421,8.4388],[-13.2419,8.4387],[-13.2422,8.439],[-13.2424,8.4393],[-13.2425,8.4396],[-13.2426,8.4398],[-13.2427,8.4404],[-13.2427,8.4405],[-13.2428,8.4407],[-13.2429,8.4412],[-13.2429,8.4418],[-13.2431,8.4424],[-13.2431,8.4425],[-13.2432,8.4428],[-13.2432,8.4431],[-13.2432,8.4435],[-13.2432,8.4437],[-13.2432,8.4448],[-13.2433,8.4454],[-13.2433,8.4458],[-13.2433,8.4459],[-13.2433,8.4461],[-13.2433,8.4465],[-13.2436,8.4468],[-13.2436,8.4474],[-13.2436,8.4475],[-13.2437,8.4484],[-13.2437,8.4492],[-13.2437,8.4493],[-13.2437,8.45],[-13.2437,8.4507],[-13.2438,8.4507],[-13.2437,8.4511],[-13.2437,8.4513],[-13.2437,8.4516],[-13.2438,8.452],[-13.2442,8.4523],[-13.2446,8.4525],[-13.2447,8.4528],[-13.2449,8.4533],[-13.2452,8.4545],[-13.2453,8.455],[-13.2455,8.4555],[-13.2451,8.4554],[-13.2446,8.4552],[-13.2445,8.4552],[-13.2439,8.4558],[-13.2442,8.4567],[-13.2446,8.4573],[-13.2449,8.4576],[-13.245,8.4576],[-13.2452,8.4576],[-13.2455,8.4577],[-13.2461,8.4577],[-13.2463,8.4577],[-13.2467,8.4578],[-13.2471,8.4578],[-13.2475,8.4578],[-13.2477,8.4583],[-13.2478,8.4585],[-13.2474,8.4589],[-13.2469,8.4594],[-13.2465,8.4598],[-13.2461,8.4603],[-13.2458,8.4605],[-13.2454,8.4602],[-13.2452,8.4602],[-13.245,8.4601],[-13.2447,8.4601],[-13.2443,8.46],[-13.2442,8.46],[-13.244,8.4604],[-13.244,8.4607],[-13.2436,8.461],[-13.2436,8.461],[-13.2434,8.4611],[-13.2428,8.4616],[-13.2425,8.4619],[-13.2424,8.462],[-13.2422,8.4621],[-13.2421,8.4622],[-13.2419,8.4623],[-13.2418,8.4623],[-13.2415,8.4621],[-13.2415,8.4621],[-13.2411,8.4618],[-13.2408,8.4616],[-13.2406,8.4614],[-13.2403,8.4611],[-13.2401,8.461],[-13.2399,8.4609],[-13.2396,8.4607],[-13.2393,8.4605],[-13.2389,8.4602],[-13.2383,8.4598],[-13.2381,8.4597],[-13.2373,8.4591],[-13.2372,8.459],[-13.2368,8.4588],[-13.2368,8.4587],[-13.2366,8.4586],[-13.2365,8.4585],[-13.236,8.4583],[-13.2359,8.4583],[-13.2354,8.4579],[-13.2347,8.4574],[-13.2345,8.4573],[-13.2336,8.4567],[-13.2335,8.4566],[-13.2328,8.4561],[-13.2321,8.4556],[-13.2319,8.4552],[-13.2315,8.4547],[-13.2314,8.4547],[-13.2311,8.4549],[-13.2307,8.4551],[-13.2302,8.4554],[-13.2299,8.4556],[-13.2297,8.4556],[-13.2294,8.4558],[-13.229,8.456],[-13.2288,8.4561],[-13.2285,8.4563],[-13.2282,8.4564],[-13.2271,8.4569],[-13.2266,8.4574],[-13.2263,8.4579],[-13.2255,8.4585],[-13.2252,8.4588],[-13.2245,8.4595],[-13.224,8.46],[-13.2233,8.4606],[-13.2229,8.4618],[-13.2228,8.4629],[-13.2227,8.4633],[-13.2234,8.4639],[-13.2235,8.4639],[-13.2235,8.464],[-13.2236,8.464],[-13.2238,8.4641],[-13.224,8.4643],[-13.2243,8.4646],[-13.2248,8.465],[-13.2253,8.4654],[-13.2257,8.4658],[-13.2249,8.4663],[-13.2247,8.4664],[-13.2245,8.4665],[-13.2243,8.4666],[-13.2238,8.4669],[-13.2237,8.4669],[-13.2233,8.4671],[-13.2232,8.4672],[-13.2229,8.4673],[-13.223,8.4675],[-13.2232,8.4678],[-13.2234,8.4681],[-13.2234,8.4683],[-13.2234,8.4684],[-13.2233,8.4688],[-13.2229,8.4684],[-13.2226,8.4681],[-13.2226,8.468],[-13.2224,8.468],[-13.2224,8.4682],[-13.2225,8.4685],[-13.2228,8.4689],[-13.2228,8.4691],[-13.2227,8.4694],[-13.2226,8.47],[-13.2225,8.4702],[-13.2224,8.4705],[-13.2223,8.4706],[-13.2219,8.4712],[-13.2215,8.4717],[-13.2213,8.4721],[-13.2213,8.4723],[-13.2215,8.4723],[-13.2215,8.4724],[-13.2215,8.4726],[-13.2216,8.473],[-13.2218,8.4734],[-13.2218,8.4735],[-13.2219,8.4738],[-13.2221,8.4743],[-13.2224,8.4747],[-13.2224,8.475],[-13.2225,8.4751],[-13.2228,8.4758],[-13.2229,8.4762],[-13.223,8.4763],[-13.2235,8.4766],[-13.2243,8.4774],[-13.2246,8.4775],[-13.2246,8.4776],[-13.2249,8.4779],[-13.2249,8.478],[-13.2251,8.4782],[-13.2252,8.4785],[-13.2252,8.4786],[-13.2253,8.4786],[-13.2253,8.4788],[-13.2252,8.4791],[-13.2252,8.4792],[-13.2252,8.4792],[-13.2251,8.4793],[-13.2247,8.4804],[-13.2247,8.4805],[-13.2244,8.4814],[-13.2243,8.4815],[-13.2242,8.4818],[-13.2241,8.482],[-13.224,8.4823],[-13.2239,8.4826],[-13.2238,8.4828],[-13.2236,8.4831],[-13.2235,8.4831],[-13.2235,8.4832],[-13.2233,8.4834],[-13.2232,8.4835],[-13.2231,8.4836],[-13.223,8.4834],[-13.223,8.4834],[-13.2229,8.4833],[-13.2228,8.4832],[-13.2228,8.4831],[-13.2226,8.4826],[-13.2225,8.4825],[-13.2222,8.4821],[-13.2221,8.482],[-13.2218,8.4814],[-13.2217,8.4812],[-13.2215,8.4808],[-13.2215,8.4806],[-13.2213,8.4803],[-13.221,8.4801],[-13.2207,8.48],[-13.2206,8.4799],[-13.2199,8.4796],[-13.2193,8.4793],[-13.2187,8.479],[-13.2185,8.4789],[-13.2185,8.4789],[-13.2175,8.4784],[-13.217,8.4781],[-13.2167,8.478],[-13.2161,8.4775],[-13.216,8.4773],[-13.2159,8.4772],[-13.2157,8.4767],[-13.2156,8.4765],[-13.2154,8.4757],[-13.2153,8.4755],[-13.2153,8.4754],[-13.2152,8.4746],[-13.2151,8.4744],[-13.215,8.4743],[-13.2148,8.4743],[-13.2147,8.4743],[-13.2145,8.4743],[-13.2144,8.4743],[-13.2142,8.4743],[-13.2141,8.4743],[-13.214,8.4742],[-13.2139,8.4741],[-13.2139,8.474],[-13.2138,8.4738],[-13.2137,8.4737],[-13.2136,8.4734],[-13.2135,8.4733],[-13.2135,8.4732],[-13.2134,8.4729],[-13.2135,8.4729],[-13.2136,8.4728],[-13.2137,8.4727],[-13.2139,8.4726],[-13.214,8.4725],[-13.2143,8.4723],[-13.2142,8.4718],[-13.2142,8.4717],[-13.2142,8.4715],[-13.2141,8.4714],[-13.2141,8.4713],[-13.214,8.4712],[-13.2138,8.4711],[-13.2137,8.4709],[-13.2136,8.4709],[-13.2135,8.4707],[-13.2133,8.4704],[-13.2132,8.4703],[-13.2131,8.4701],[-13.213,8.4701],[-13.213,8.47],[-13.2129,8.4699],[-13.2128,8.4698],[-13.2127,8.4697],[-13.2125,8.4695],[-13.2124,8.4695],[-13.2123,8.4694],[-13.2121,8.4692],[-13.212,8.4691],[-13.2119,8.4691],[-13.2118,8.4689],[-13.2116,8.4688],[-13.2114,8.4687],[-13.2112,8.4685],[-13.2112,8.4682],[-13.2112,8.468],[-13.2111,8.4679],[-13.211,8.4677],[-13.2107,8.4671],[-13.2106,8.467],[-13.2106,8.4668],[-13.2106,8.4662],[-13.2105,8.4658],[-13.2104,8.4657],[-13.2103,8.4652],[-13.2099,8.4644],[-13.2099,8.4641],[-13.2096,8.4635],[-13.2091,8.4627],[-13.2091,8.4624],[-13.2086,8.4613],[-13.2084,8.4609],[-13.2077,8.46],[-13.2075,8.4598],[-13.2051,8.4575],[-13.2044,8.4568],[-13.2028,8.4552],[-13.2015,8.4546],[-13.2009,8.4543],[-13.2004,8.4541],[-13.1986,8.4512],[-13.1977,8.4497],[-13.1963,8.4475],[-13.1943,8.445],[-13.1942,8.4449],[-13.1938,8.4443],[-13.193,8.4434],[-13.1915,8.4413],[-13.1904,8.4398],[-13.1897,8.4392],[-13.1881,8.4379],[-13.1879,8.4377],[-13.1856,8.4351],[-13.1848,8.4341],[-13.1824,8.4311],[-13.1819,8.4305],[-13.1806,8.4289],[-13.1788,8.4267],[-13.1791,8.4261],[-13.1795,8.4255],[-13.1798,8.4242],[-13.1799,8.4229],[-13.1799,8.4216],[-13.1798,8.4213],[-13.1797,8.4205],[-13.1796,8.4193],[-13.1794,8.4186],[-13.1794,8.418],[-13.1794,8.4179],[-13.1793,8.4162],[-13.1791,8.4139],[-13.1784,8.4134],[-13.1776,8.4128],[-13.1765,8.4122],[-13.1762,8.4117],[-13.1762,8.4115],[-13.1761,8.4113],[-13.1761,8.4111],[-13.1762,8.411],[-13.1761,8.4107],[-13.1758,8.4106],[-13.1755,8.4106],[-13.1752,8.4106],[-13.175,8.4105],[-13.1747,8.4104],[-13.1746,8.41],[-13.1745,8.4097],[-13.1742,8.4094],[-13.1736,8.4091],[-13.1731,8.4088],[-13.1726,8.4084],[-13.1721,8.4081],[-13.172,8.4081],[-13.1713,8.4081],[-13.1708,8.4086],[-13.1704,8.409],[-13.17,8.4091],[-13.1697,8.4085],[-13.1697,8.408],[-13.1695,8.4076],[-13.1691,8.4074],[-13.1684,8.4072],[-13.1672,8.4069],[-13.167,8.4066],[-13.1671,8.4063],[-13.1672,8.406],[-13.1672,8.4057],[-13.1672,8.4053],[-13.1669,8.4052],[-13.1665,8.4052],[-13.1658,8.4049],[-13.1654,8.4046],[-13.165,8.4044],[-13.1649,8.4044],[-13.1642,8.4045],[-13.1633,8.4044],[-13.1626,8.404],[-13.1623,8.4035],[-13.1623,8.4028],[-13.1625,8.4022],[-13.1626,8.4016],[-13.1623,8.4012],[-13.1619,8.4012],[-13.1613,8.4013],[-13.1605,8.4013],[-13.1597,8.4008],[-13.1591,8.4006],[-13.1588,8.4006],[-13.1583,8.4004],[-13.1574,8.4005],[-13.1567,8.4004],[-13.1561,8.3999],[-13.1555,8.3996],[-13.1548,8.3994],[-13.1541,8.3998],[-13.1532,8.3997],[-13.1526,8.3991],[-13.1519,8.3989],[-13.1516,8.3989],[-13.1511,8.3986],[-13.1504,8.3983],[-13.1499,8.398],[-13.1496,8.3982],[-13.1494,8.3983],[-13.1488,8.3986],[-13.1485,8.3986],[-13.1478,8.3984],[-13.147,8.3981],[-13.1467,8.3981],[-13.1462,8.3983],[-13.1457,8.3986],[-13.1449,8.3991],[-13.1445,8.3994],[-13.1442,8.3993],[-13.1435,8.3993],[-13.1429,8.3992],[-13.1423,8.3994],[-13.1418,8.3993],[-13.1412,8.3996],[-13.1411,8.3999],[-13.141,8.4003],[-13.1408,8.4012],[-13.1402,8.4024],[-13.1396,8.4035],[-13.139,8.4042],[-13.1382,8.4045],[-13.1377,8.4047],[-13.1373,8.405],[-13.1371,8.4051],[-13.1371,8.4056],[-13.1374,8.406],[-13.1379,8.4065],[-13.1395,8.4079],[-13.1401,8.4086],[-13.1401,8.4086],[-13.1406,8.4091],[-13.1409,8.4098],[-13.1406,8.4108],[-13.1401,8.4116],[-13.1392,8.4126],[-13.1386,8.413],[-13.1379,8.4137],[-13.1376,8.4144],[-13.1372,8.415],[-13.1367,8.4154],[-13.1363,8.4156],[-13.1359,8.4154],[-13.1355,8.415],[-13.1353,8.4146],[-13.1351,8.4137],[-13.1349,8.4132],[-13.1344,8.4127],[-13.1342,8.4127],[-13.1337,8.4129],[-13.1334,8.4134],[-13.1326,8.4141],[-13.1319,8.4145],[-13.1316,8.415],[-13.1316,8.4154],[-13.1317,8.4156],[-13.1321,8.416],[-13.1327,8.4163],[-13.1333,8.4168],[-13.1337,8.4171],[-13.1338,8.4178],[-13.1337,8.4183]]]}}]}